ISO-10303-21;
HEADER;
/* Generated by software containing ST-Developer
 * from STEP Tools, Inc. (www.steptools.com) 
 */
/* OPTION: using custom renumber hook */

FILE_DESCRIPTION(
/* description */ ('STEP AP242 Edition 2',
'CAx-IF Rec.Pracs.---Representation and Presentation of Product Manufa
cturing Information (PMI)---4.0---2014-10-13',
'CAx-IF Rec.Pracs.---3D Tessellated Geometry---0.4---2014-09-14','2;1',
'CAx-IF Rec.Pracs.---User Defined Attributes---1.5---2016-08-15'),
/* implementation_level */ '2;1');

FILE_NAME(
/* name */ 'Housing Copy 1 - TopHousing',
/* time_stamp */ '2026-09-12T20:54:19Z',
/* author */ (''),
/* organization */ (''),
/* preprocessor_version */ 'ST-DEVELOPER v20',
/* originating_system */ 'ONSHAPE BY PTC INC, 1.220',
/* authorisation */ '  ');

FILE_SCHEMA (('AP242_MANAGED_MODEL_BASED_3D_ENGINEERING_MIM_LF { 1 0 10303 442 3 1 4 }'));
ENDSEC;

DATA;
#10=SHAPE_REPRESENTATION_RELATIONSHIP('','',#1956,#11);
#11=ADVANCED_BREP_SHAPE_REPRESENTATION('',(#1954),#3435);
#12=SPHERICAL_SURFACE('',#2099,0.001);
#13=SPHERICAL_SURFACE('',#2110,0.001);
#14=SPHERICAL_SURFACE('',#2112,0.001);
#15=SPHERICAL_SURFACE('',#2118,0.001);
#16=TOROIDAL_SURFACE('',#2089,0.07906225,0.001);
#17=TOROIDAL_SURFACE('',#2093,0.07906225,0.001);
#18=TOROIDAL_SURFACE('',#2106,0.07906225,0.001);
#19=TOROIDAL_SURFACE('',#2114,0.07906225,0.001);
#20=TOROIDAL_SURFACE('',#2121,0.004,0.001);
#21=TOROIDAL_SURFACE('',#2128,0.004,0.001);
#22=TOROIDAL_SURFACE('',#2130,0.004,0.001);
#23=TOROIDAL_SURFACE('',#2136,0.004,0.001);
#24=(
BOUNDED_SURFACE()
B_SPLINE_SURFACE(3,2,((#3271,#3272,#3273),(#3274,#3275,#3276),(#3277,#3278,
#3279),(#3280,#3281,#3282),(#3283,#3284,#3285)),.UNSPECIFIED.,.F.,.F.,.F.)
B_SPLINE_SURFACE_WITH_KNOTS((4,1,4),(3,3),(-1.23599047663348E-17,0.00332302597595363,
0.00664605195190726),(0.,1.),.UNSPECIFIED.)
GEOMETRIC_REPRESENTATION_ITEM()
RATIONAL_B_SPLINE_SURFACE(((1.,0.718199364155225,1.),(1.,0.718199364174249,
1.),(1.,0.721071091884727,1.),(1.,0.715057620279205,1.),(1.,0.707106781186548,
1.)))
REPRESENTATION_ITEM('')
SURFACE()
);
#25=(
BOUNDED_SURFACE()
B_SPLINE_SURFACE(3,2,((#3292,#3293,#3294),(#3295,#3296,#3297),(#3298,#3299,
#3300),(#3301,#3302,#3303),(#3304,#3305,#3306)),.UNSPECIFIED.,.F.,.F.,.F.)
B_SPLINE_SURFACE_WITH_KNOTS((4,1,4),(3,3),(-9.32413868337534E-18,0.00332304705012353,
0.00664609410024707),(0.,1.),.UNSPECIFIED.)
GEOMETRIC_REPRESENTATION_ITEM()
RATIONAL_B_SPLINE_SURFACE(((1.,0.707106781186548,1.),(1.,0.715057650567118,
1.),(1.,0.721067715026985,1.),(1.,0.718199364167575,1.),(1.,0.718199364155225,
1.)))
REPRESENTATION_ITEM('')
SURFACE()
);
#26=(
BOUNDED_SURFACE()
B_SPLINE_SURFACE(3,2,((#3308,#3309,#3310),(#3311,#3312,#3313),(#3314,#3315,
#3316),(#3317,#3318,#3319),(#3320,#3321,#3322)),.UNSPECIFIED.,.F.,.F.,.F.)
B_SPLINE_SURFACE_WITH_KNOTS((4,1,4),(3,3),(5.85469173142172E-18,0.00335297145720729,
0.00670594291441456),(0.,1.),.UNSPECIFIED.)
GEOMETRIC_REPRESENTATION_ITEM()
RATIONAL_B_SPLINE_SURFACE(((1.,0.707106781186548,1.),(1.,0.690953736407598,
1.),(1.,0.648392630623798,1.),(1.,0.621422278473391,1.),(1.,0.621422278289581,
1.)))
REPRESENTATION_ITEM('')
SURFACE()
);
#27=(
BOUNDED_SURFACE()
B_SPLINE_SURFACE(3,2,((#3328,#3329,#3330),(#3331,#3332,#3333),(#3334,#3335,
#3336),(#3337,#3338,#3339),(#3340,#3341,#3342)),.UNSPECIFIED.,.F.,.F.,.F.)
B_SPLINE_SURFACE_WITH_KNOTS((4,1,4),(3,3),(4.33680868994202E-18,0.00335294788797212,
0.00670589577594424),(0.,1.),.UNSPECIFIED.)
GEOMETRIC_REPRESENTATION_ITEM()
RATIONAL_B_SPLINE_SURFACE(((1.,0.621422278289581,1.),(1.,0.621422278584236,
1.),(1.,0.648300134215855,1.),(1.,0.690959895939009,1.),(1.,0.707106781186548,
1.)))
REPRESENTATION_ITEM('')
SURFACE()
);
#28=PLANE('',#1963);
#29=PLANE('',#1968);
#30=PLANE('',#1972);
#31=PLANE('',#1973);
#32=PLANE('',#1974);
#33=PLANE('',#1988);
#34=PLANE('',#1990);
#35=PLANE('',#1991);
#36=PLANE('',#1998);
#37=PLANE('',#2003);
#38=PLANE('',#2004);
#39=PLANE('',#2005);
#40=PLANE('',#2006);
#41=PLANE('',#2007);
#42=PLANE('',#2010);
#43=PLANE('',#2014);
#44=PLANE('',#2023);
#45=PLANE('',#2024);
#46=PLANE('',#2026);
#47=PLANE('',#2027);
#48=PLANE('',#2038);
#49=PLANE('',#2040);
#50=PLANE('',#2042);
#51=PLANE('',#2045);
#52=PLANE('',#2048);
#53=PLANE('',#2052);
#54=PLANE('',#2058);
#55=PLANE('',#2059);
#56=PLANE('',#2063);
#57=PLANE('',#2064);
#58=PLANE('',#2066);
#59=PLANE('',#2068);
#60=PLANE('',#2070);
#61=PLANE('',#2072);
#62=PLANE('',#2075);
#63=PLANE('',#2077);
#64=PLANE('',#2082);
#65=PLANE('',#2083);
#66=PLANE('',#2084);
#67=PLANE('',#2137);
#68=PLANE('',#2138);
#69=PLANE('',#2139);
#70=PLANE('',#2140);
#71=PLANE('',#2141);
#72=PLANE('',#2142);
#73=PLANE('',#2143);
#74=PLANE('',#2144);
#75=PLANE('',#2145);
#76=PLANE('',#2146);
#77=PLANE('',#2147);
#78=PLANE('',#2149);
#79=PLANE('',#2151);
#80=PLANE('',#2153);
#81=PLANE('',#2155);
#82=B_SPLINE_CURVE_WITH_KNOTS('',3,(#2734,#2735,#2736,#2737,#2738,#2739,
#2740),.UNSPECIFIED.,.F.,.F.,(4,1,1,1,4),(0.,0.00117374063229186,0.00234748126458373,
0.00352122189687559,0.00469496252916745),.UNSPECIFIED.);
#83=B_SPLINE_CURVE_WITH_KNOTS('',3,(#2744,#2745,#2746,#2747,#2748,#2749,
#2750),.UNSPECIFIED.,.F.,.F.,(4,1,1,1,4),(0.,0.00117684786953773,0.00235369573907546,
0.00353054360861319,0.00470739147815092),.UNSPECIFIED.);
#84=B_SPLINE_CURVE_WITH_KNOTS('',3,(#2853,#2854,#2855,#2856,#2857),
 .UNSPECIFIED.,.F.,.F.,(4,1,4),(0.,0.00196171047732298,0.00392342095464596),
 .UNSPECIFIED.);
#85=B_SPLINE_CURVE_WITH_KNOTS('',3,(#2861,#2862,#2863,#2864,#2865),
 .UNSPECIFIED.,.F.,.F.,(4,1,4),(0.,0.00195510073016827,0.00391020146033653),
 .UNSPECIFIED.);
#86=B_SPLINE_CURVE_WITH_KNOTS('',3,(#2882,#2883,#2884,#2885,#2886),
 .UNSPECIFIED.,.F.,.F.,(4,1,4),(0.,0.00339771454840163,0.00679542909680327),
 .UNSPECIFIED.);
#87=B_SPLINE_CURVE_WITH_KNOTS('',3,(#2890,#2891,#2892,#2893,#2894),
 .UNSPECIFIED.,.F.,.F.,(4,1,4),(0.,0.00340694171445259,0.00681388342890518),
 .UNSPECIFIED.);
#88=B_SPLINE_CURVE_WITH_KNOTS('',3,(#2898,#2899,#2900,#2901,#2902),
 .UNSPECIFIED.,.F.,.F.,(4,1,4),(0.,0.00337108336745306,0.00674216673490612),
 .UNSPECIFIED.);
#89=B_SPLINE_CURVE_WITH_KNOTS('',3,(#2906,#2907,#2908,#2909,#2910),
 .UNSPECIFIED.,.F.,.F.,(4,1,4),(0.,0.00337158486294033,0.00674316972588065),
 .UNSPECIFIED.);
#90=B_SPLINE_CURVE_WITH_KNOTS('',3,(#3015,#3016,#3017,#3018),
 .UNSPECIFIED.,.F.,.F.,(4,4),(0.,0.00288818086645572),.UNSPECIFIED.);
#91=B_SPLINE_CURVE_WITH_KNOTS('',3,(#3024,#3025,#3026,#3027),
 .UNSPECIFIED.,.F.,.F.,(4,4),(0.,0.00180334633884442),.UNSPECIFIED.);
#92=B_SPLINE_CURVE_WITH_KNOTS('',3,(#3031,#3032,#3033,#3034,#3035),
 .UNSPECIFIED.,.F.,.F.,(4,1,4),(0.,0.00414505403344909,0.00829010806689819),
 .UNSPECIFIED.);
#93=B_SPLINE_CURVE_WITH_KNOTS('',3,(#3095,#3096,#3097,#3098),
 .UNSPECIFIED.,.F.,.F.,(4,4),(0.,0.00180837043245086),.UNSPECIFIED.);
#94=B_SPLINE_CURVE_WITH_KNOTS('',3,(#3106,#3107,#3108,#3109,#3110,#3111,
#3112),.UNSPECIFIED.,.F.,.F.,(4,1,1,1,4),(0.,0.00182288638484518,0.00364577276969036,
0.00546865915453554,0.00729154553938072),.UNSPECIFIED.);
#95=B_SPLINE_CURVE_WITH_KNOTS('',3,(#3125,#3126,#3127,#3128,#3129),
 .UNSPECIFIED.,.F.,.F.,(4,1,4),(0.,0.00258234347207803,0.00516468694415606),
 .UNSPECIFIED.);
#96=B_SPLINE_CURVE_WITH_KNOTS('',3,(#3141,#3142,#3143,#3144,#3145),
 .UNSPECIFIED.,.F.,.F.,(4,1,4),(0.,0.0025812805222335,0.005162561044467),
 .UNSPECIFIED.);
#97=B_SPLINE_CURVE_WITH_KNOTS('',3,(#3157,#3158,#3159,#3160,#3161),
 .UNSPECIFIED.,.F.,.F.,(4,1,4),(0.,0.00254301573023258,0.00508603146046516),
 .UNSPECIFIED.);
#98=B_SPLINE_CURVE_WITH_KNOTS('',3,(#3197,#3198,#3199,#3200,#3201),
 .UNSPECIFIED.,.F.,.F.,(4,1,4),(0.,0.00254300242738036,0.00508600485476072),
 .UNSPECIFIED.);
#99=B_SPLINE_CURVE_WITH_KNOTS('',3,(#3224,#3225,#3226,#3227),
 .UNSPECIFIED.,.F.,.F.,(4,4),(0.,0.00186134615010898),.UNSPECIFIED.);
#100=B_SPLINE_CURVE_WITH_KNOTS('',3,(#3232,#3233,#3234,#3235,#3236,#3237,
#3238,#3239,#3240,#3241,#3242),.UNSPECIFIED.,.F.,.F.,(4,1,1,1,1,1,1,1,4),
(0.,0.000818488722031225,0.00163697744406245,0.00245546616609367,0.0032739548881249,
0.00409244361015612,0.00491093233218735,0.00572942105421857,0.0065479097762498),
 .UNSPECIFIED.);
#101=B_SPLINE_CURVE_WITH_KNOTS('',3,(#3246,#3247,#3248,#3249),
 .UNSPECIFIED.,.F.,.F.,(4,4),(0.00468787371070245,0.00654790977624984),
 .UNSPECIFIED.);
#102=LINE('',#2726,#269);
#103=LINE('',#2730,#270);
#104=LINE('',#2752,#271);
#105=LINE('',#2755,#272);
#106=LINE('',#2757,#273);
#107=LINE('',#2759,#274);
#108=LINE('',#2763,#275);
#109=LINE('',#2767,#276);
#110=LINE('',#2769,#277);
#111=LINE('',#2771,#278);
#112=LINE('',#2772,#279);
#113=LINE('',#2777,#280);
#114=LINE('',#2784,#281);
#115=LINE('',#2785,#282);
#116=LINE('',#2787,#283);
#117=LINE('',#2789,#284);
#118=LINE('',#2793,#285);
#119=LINE('',#2797,#286);
#120=LINE('',#2799,#287);
#121=LINE('',#2802,#288);
#122=LINE('',#2804,#289);
#123=LINE('',#2806,#290);
#124=LINE('',#2807,#291);
#125=LINE('',#2810,#292);
#126=LINE('',#2812,#293);
#127=LINE('',#2814,#294);
#128=LINE('',#2816,#295);
#129=LINE('',#2819,#296);
#130=LINE('',#2821,#297);
#131=LINE('',#2823,#298);
#132=LINE('',#2824,#299);
#133=LINE('',#2827,#300);
#134=LINE('',#2829,#301);
#135=LINE('',#2831,#302);
#136=LINE('',#2833,#303);
#137=LINE('',#2837,#304);
#138=LINE('',#2841,#305);
#139=LINE('',#2845,#306);
#140=LINE('',#2847,#307);
#141=LINE('',#2849,#308);
#142=LINE('',#2851,#309);
#143=LINE('',#2867,#310);
#144=LINE('',#2871,#311);
#145=LINE('',#2873,#312);
#146=LINE('',#2875,#313);
#147=LINE('',#2888,#314);
#148=LINE('',#2904,#315);
#149=LINE('',#2914,#316);
#150=LINE('',#2918,#317);
#151=LINE('',#2922,#318);
#152=LINE('',#2924,#319);
#153=LINE('',#2926,#320);
#154=LINE('',#2928,#321);
#155=LINE('',#2930,#322);
#156=LINE('',#2932,#323);
#157=LINE('',#2934,#324);
#158=LINE('',#2935,#325);
#159=LINE('',#2936,#326);
#160=LINE('',#2939,#327);
#161=LINE('',#2941,#328);
#162=LINE('',#2943,#329);
#163=LINE('',#2945,#330);
#164=LINE('',#2950,#331);
#165=LINE('',#2954,#332);
#166=LINE('',#2958,#333);
#167=LINE('',#2964,#334);
#168=LINE('',#2968,#335);
#169=LINE('',#2970,#336);
#170=LINE('',#2975,#337);
#171=LINE('',#2979,#338);
#172=LINE('',#2983,#339);
#173=LINE('',#2986,#340);
#174=LINE('',#2989,#341);
#175=LINE('',#2991,#342);
#176=LINE('',#2993,#343);
#177=LINE('',#2995,#344);
#178=LINE('',#2996,#345);
#179=LINE('',#2998,#346);
#180=LINE('',#3000,#347);
#181=LINE('',#3003,#348);
#182=LINE('',#3005,#349);
#183=LINE('',#3007,#350);
#184=LINE('',#3011,#351);
#185=LINE('',#3013,#352);
#186=LINE('',#3021,#353);
#187=LINE('',#3029,#354);
#188=LINE('',#3039,#355);
#189=LINE('',#3043,#356);
#190=LINE('',#3044,#357);
#191=LINE('',#3048,#358);
#192=LINE('',#3058,#359);
#193=LINE('',#3066,#360);
#194=LINE('',#3070,#361);
#195=LINE('',#3074,#362);
#196=LINE('',#3078,#363);
#197=LINE('',#3083,#364);
#198=LINE('',#3087,#365);
#199=LINE('',#3091,#366);
#200=LINE('',#3093,#367);
#201=LINE('',#3100,#368);
#202=LINE('',#3102,#369);
#203=LINE('',#3104,#370);
#204=LINE('',#3114,#371);
#205=LINE('',#3115,#372);
#206=LINE('',#3117,#373);
#207=LINE('',#3119,#374);
#208=LINE('',#3122,#375);
#209=LINE('',#3131,#376);
#210=LINE('',#3135,#377);
#211=LINE('',#3137,#378);
#212=LINE('',#3139,#379);
#213=LINE('',#3147,#380);
#214=LINE('',#3153,#381);
#215=LINE('',#3155,#382);
#216=LINE('',#3163,#383);
#217=LINE('',#3170,#384);
#218=LINE('',#3174,#385);
#219=LINE('',#3178,#386);
#220=LINE('',#3182,#387);
#221=LINE('',#3183,#388);
#222=LINE('',#3185,#389);
#223=LINE('',#3189,#390);
#224=LINE('',#3191,#391);
#225=LINE('',#3193,#392);
#226=LINE('',#3203,#393);
#227=LINE('',#3204,#394);
#228=LINE('',#3206,#395);
#229=LINE('',#3208,#396);
#230=LINE('',#3210,#397);
#231=LINE('',#3212,#398);
#232=LINE('',#3214,#399);
#233=LINE('',#3216,#400);
#234=LINE('',#3219,#401);
#235=LINE('',#3221,#402);
#236=LINE('',#3230,#403);
#237=LINE('',#3244,#404);
#238=LINE('',#3253,#405);
#239=LINE('',#3254,#406);
#240=LINE('',#3257,#407);
#241=LINE('',#3263,#408);
#242=LINE('',#3264,#409);
#243=LINE('',#3266,#410);
#244=LINE('',#3269,#411);
#245=LINE('',#3384,#412);
#246=LINE('',#3386,#413);
#247=LINE('',#3388,#414);
#248=LINE('',#3390,#415);
#249=LINE('',#3392,#416);
#250=LINE('',#3394,#417);
#251=LINE('',#3396,#418);
#252=LINE('',#3398,#419);
#253=LINE('',#3401,#420);
#254=LINE('',#3403,#421);
#255=LINE('',#3405,#422);
#256=LINE('',#3407,#423);
#257=LINE('',#3409,#424);
#258=LINE('',#3411,#425);
#259=LINE('',#3413,#426);
#260=LINE('',#3415,#427);
#261=LINE('',#3418,#428);
#262=LINE('',#3420,#429);
#263=LINE('',#3422,#430);
#264=LINE('',#3424,#431);
#265=LINE('',#3427,#432);
#266=LINE('',#3428,#433);
#267=LINE('',#3430,#434);
#268=LINE('',#3432,#435);
#269=VECTOR('',#2162,1.);
#270=VECTOR('',#2165,1.);
#271=VECTOR('',#2172,1.);
#272=VECTOR('',#2173,1.);
#273=VECTOR('',#2174,1.);
#274=VECTOR('',#2175,1.);
#275=VECTOR('',#2178,1.);
#276=VECTOR('',#2181,1.);
#277=VECTOR('',#2182,1.);
#278=VECTOR('',#2183,1.);
#279=VECTOR('',#2184,1.);
#280=VECTOR('',#2187,1.);
#281=VECTOR('',#2194,1.);
#282=VECTOR('',#2195,1.);
#283=VECTOR('',#2196,1.);
#284=VECTOR('',#2197,1.);
#285=VECTOR('',#2200,1.);
#286=VECTOR('',#2203,1.);
#287=VECTOR('',#2206,1.);
#288=VECTOR('',#2207,1.);
#289=VECTOR('',#2208,1.);
#290=VECTOR('',#2209,1.);
#291=VECTOR('',#2210,1.);
#292=VECTOR('',#2211,1.);
#293=VECTOR('',#2212,1.);
#294=VECTOR('',#2213,1.);
#295=VECTOR('',#2216,1.);
#296=VECTOR('',#2217,1.);
#297=VECTOR('',#2218,1.);
#298=VECTOR('',#2219,1.);
#299=VECTOR('',#2220,1.);
#300=VECTOR('',#2221,1.);
#301=VECTOR('',#2222,1.);
#302=VECTOR('',#2223,1.);
#303=VECTOR('',#2226,1.);
#304=VECTOR('',#2229,1.);
#305=VECTOR('',#2232,1.);
#306=VECTOR('',#2235,1.);
#307=VECTOR('',#2236,1.);
#308=VECTOR('',#2237,1.);
#309=VECTOR('',#2240,1.);
#310=VECTOR('',#2243,1.);
#311=VECTOR('',#2246,1.);
#312=VECTOR('',#2249,1.);
#313=VECTOR('',#2250,1.);
#314=VECTOR('',#2257,1.);
#315=VECTOR('',#2260,1.);
#316=VECTOR('',#2263,1.);
#317=VECTOR('',#2266,1.);
#318=VECTOR('',#2271,1.);
#319=VECTOR('',#2272,1.);
#320=VECTOR('',#2275,1.);
#321=VECTOR('',#2276,1.);
#322=VECTOR('',#2277,1.);
#323=VECTOR('',#2278,1.);
#324=VECTOR('',#2279,1.);
#325=VECTOR('',#2280,1.);
#326=VECTOR('',#2281,1.);
#327=VECTOR('',#2282,1.);
#328=VECTOR('',#2283,1.);
#329=VECTOR('',#2284,1.);
#330=VECTOR('',#2287,1.);
#331=VECTOR('',#2290,1.);
#332=VECTOR('',#2293,1.);
#333=VECTOR('',#2296,1.);
#334=VECTOR('',#2301,1.);
#335=VECTOR('',#2304,1.);
#336=VECTOR('',#2307,1.);
#337=VECTOR('',#2310,1.);
#338=VECTOR('',#2313,1.);
#339=VECTOR('',#2316,1.);
#340=VECTOR('',#2319,1.);
#341=VECTOR('',#2320,1.);
#342=VECTOR('',#2321,1.);
#343=VECTOR('',#2322,1.);
#344=VECTOR('',#2325,1.);
#345=VECTOR('',#2326,1.);
#346=VECTOR('',#2329,1.);
#347=VECTOR('',#2332,1.);
#348=VECTOR('',#2337,1.);
#349=VECTOR('',#2340,1.);
#350=VECTOR('',#2341,1.);
#351=VECTOR('',#2346,1.);
#352=VECTOR('',#2347,1.);
#353=VECTOR('',#2350,1.);
#354=VECTOR('',#2353,1.);
#355=VECTOR('',#2358,1.);
#356=VECTOR('',#2361,1.);
#357=VECTOR('',#2362,1.);
#358=VECTOR('',#2365,1.);
#359=VECTOR('',#2380,1.);
#360=VECTOR('',#2391,1.);
#361=VECTOR('',#2394,1.);
#362=VECTOR('',#2397,1.);
#363=VECTOR('',#2400,1.);
#364=VECTOR('',#2405,1.);
#365=VECTOR('',#2408,1.);
#366=VECTOR('',#2411,1.);
#367=VECTOR('',#2414,1.);
#368=VECTOR('',#2417,1.);
#369=VECTOR('',#2420,1.);
#370=VECTOR('',#2421,1.);
#371=VECTOR('',#2424,1.);
#372=VECTOR('',#2425,1.);
#373=VECTOR('',#2428,1.);
#374=VECTOR('',#2431,1.);
#375=VECTOR('',#2436,1.);
#376=VECTOR('',#2437,1.);
#377=VECTOR('',#2442,1.);
#378=VECTOR('',#2443,1.);
#379=VECTOR('',#2444,1.);
#380=VECTOR('',#2447,1.);
#381=VECTOR('',#2454,1.);
#382=VECTOR('',#2455,1.);
#383=VECTOR('',#2458,1.);
#384=VECTOR('',#2465,1.);
#385=VECTOR('',#2468,1.);
#386=VECTOR('',#2471,1.);
#387=VECTOR('',#2474,1.);
#388=VECTOR('',#2475,1.);
#389=VECTOR('',#2476,1.);
#390=VECTOR('',#2481,1.);
#391=VECTOR('',#2482,1.);
#392=VECTOR('',#2485,1.);
#393=VECTOR('',#2492,1.);
#394=VECTOR('',#2493,1.);
#395=VECTOR('',#2496,1.);
#396=VECTOR('',#2499,1.);
#397=VECTOR('',#2502,1.);
#398=VECTOR('',#2505,1.);
#399=VECTOR('',#2508,1.);
#400=VECTOR('',#2511,1.);
#401=VECTOR('',#2516,1.);
#402=VECTOR('',#2519,1.);
#403=VECTOR('',#2524,1.);
#404=VECTOR('',#2525,1.);
#405=VECTOR('',#2530,1.);
#406=VECTOR('',#2531,1.);
#407=VECTOR('',#2536,1.);
#408=VECTOR('',#2545,1.);
#409=VECTOR('',#2546,1.);
#410=VECTOR('',#2547,1.);
#411=VECTOR('',#2552,1.);
#412=VECTOR('',#2661,1.);
#413=VECTOR('',#2662,1.);
#414=VECTOR('',#2663,1.);
#415=VECTOR('',#2666,1.);
#416=VECTOR('',#2667,1.);
#417=VECTOR('',#2670,1.);
#418=VECTOR('',#2671,1.);
#419=VECTOR('',#2674,1.);
#420=VECTOR('',#2679,1.);
#421=VECTOR('',#2680,1.);
#422=VECTOR('',#2681,1.);
#423=VECTOR('',#2684,1.);
#424=VECTOR('',#2685,1.);
#425=VECTOR('',#2688,1.);
#426=VECTOR('',#2689,1.);
#427=VECTOR('',#2692,1.);
#428=VECTOR('',#2697,1.);
#429=VECTOR('',#2700,1.);
#430=VECTOR('',#2703,1.);
#431=VECTOR('',#2706,1.);
#432=VECTOR('',#2711,1.);
#433=VECTOR('',#2712,1.);
#434=VECTOR('',#2715,1.);
#435=VECTOR('',#2718,1.);
#436=ORIENTED_EDGE('',*,*,#994,.F.);
#437=ORIENTED_EDGE('',*,*,#995,.T.);
#438=ORIENTED_EDGE('',*,*,#996,.T.);
#439=ORIENTED_EDGE('',*,*,#997,.T.);
#440=ORIENTED_EDGE('',*,*,#998,.F.);
#441=ORIENTED_EDGE('',*,*,#999,.T.);
#442=ORIENTED_EDGE('',*,*,#1000,.T.);
#443=ORIENTED_EDGE('',*,*,#1001,.F.);
#444=ORIENTED_EDGE('',*,*,#1002,.F.);
#445=ORIENTED_EDGE('',*,*,#1003,.F.);
#446=ORIENTED_EDGE('',*,*,#1004,.T.);
#447=ORIENTED_EDGE('',*,*,#1005,.F.);
#448=ORIENTED_EDGE('',*,*,#1006,.T.);
#449=ORIENTED_EDGE('',*,*,#1007,.T.);
#450=ORIENTED_EDGE('',*,*,#1008,.F.);
#451=ORIENTED_EDGE('',*,*,#1009,.F.);
#452=ORIENTED_EDGE('',*,*,#1010,.T.);
#453=ORIENTED_EDGE('',*,*,#1011,.T.);
#454=ORIENTED_EDGE('',*,*,#1012,.T.);
#455=ORIENTED_EDGE('',*,*,#1013,.T.);
#456=ORIENTED_EDGE('',*,*,#1014,.F.);
#457=ORIENTED_EDGE('',*,*,#1015,.F.);
#458=ORIENTED_EDGE('',*,*,#1016,.T.);
#459=ORIENTED_EDGE('',*,*,#1017,.T.);
#460=ORIENTED_EDGE('',*,*,#1004,.F.);
#461=ORIENTED_EDGE('',*,*,#1018,.F.);
#462=ORIENTED_EDGE('',*,*,#1019,.T.);
#463=ORIENTED_EDGE('',*,*,#1020,.F.);
#464=ORIENTED_EDGE('',*,*,#1021,.F.);
#465=ORIENTED_EDGE('',*,*,#1022,.F.);
#466=ORIENTED_EDGE('',*,*,#1023,.T.);
#467=ORIENTED_EDGE('',*,*,#1024,.T.);
#468=ORIENTED_EDGE('',*,*,#1025,.T.);
#469=ORIENTED_EDGE('',*,*,#1026,.T.);
#470=ORIENTED_EDGE('',*,*,#1027,.T.);
#471=ORIENTED_EDGE('',*,*,#1028,.T.);
#472=ORIENTED_EDGE('',*,*,#1029,.T.);
#473=ORIENTED_EDGE('',*,*,#1030,.T.);
#474=ORIENTED_EDGE('',*,*,#1031,.F.);
#475=ORIENTED_EDGE('',*,*,#1032,.F.);
#476=ORIENTED_EDGE('',*,*,#1033,.F.);
#477=ORIENTED_EDGE('',*,*,#1034,.T.);
#478=ORIENTED_EDGE('',*,*,#1035,.T.);
#479=ORIENTED_EDGE('',*,*,#1036,.T.);
#480=ORIENTED_EDGE('',*,*,#1037,.F.);
#481=ORIENTED_EDGE('',*,*,#1038,.T.);
#482=ORIENTED_EDGE('',*,*,#1039,.T.);
#483=ORIENTED_EDGE('',*,*,#1040,.F.);
#484=ORIENTED_EDGE('',*,*,#1041,.F.);
#485=ORIENTED_EDGE('',*,*,#1042,.T.);
#486=ORIENTED_EDGE('',*,*,#1043,.T.);
#487=ORIENTED_EDGE('',*,*,#1044,.F.);
#488=ORIENTED_EDGE('',*,*,#1045,.T.);
#489=ORIENTED_EDGE('',*,*,#1046,.T.);
#490=ORIENTED_EDGE('',*,*,#1047,.F.);
#491=ORIENTED_EDGE('',*,*,#1048,.T.);
#492=ORIENTED_EDGE('',*,*,#1049,.T.);
#493=ORIENTED_EDGE('',*,*,#1010,.F.);
#494=ORIENTED_EDGE('',*,*,#1050,.F.);
#495=ORIENTED_EDGE('',*,*,#1051,.F.);
#496=ORIENTED_EDGE('',*,*,#1052,.T.);
#497=ORIENTED_EDGE('',*,*,#1053,.T.);
#498=ORIENTED_EDGE('',*,*,#1054,.T.);
#499=ORIENTED_EDGE('',*,*,#1055,.T.);
#500=ORIENTED_EDGE('',*,*,#1056,.T.);
#501=ORIENTED_EDGE('',*,*,#1042,.F.);
#502=ORIENTED_EDGE('',*,*,#1057,.F.);
#503=ORIENTED_EDGE('',*,*,#1044,.T.);
#504=ORIENTED_EDGE('',*,*,#1058,.F.);
#505=ORIENTED_EDGE('',*,*,#1059,.F.);
#506=ORIENTED_EDGE('',*,*,#1060,.T.);
#507=ORIENTED_EDGE('',*,*,#1061,.T.);
#508=ORIENTED_EDGE('',*,*,#1062,.T.);
#509=ORIENTED_EDGE('',*,*,#1063,.T.);
#510=ORIENTED_EDGE('',*,*,#1064,.T.);
#511=ORIENTED_EDGE('',*,*,#1065,.T.);
#512=ORIENTED_EDGE('',*,*,#1066,.T.);
#513=ORIENTED_EDGE('',*,*,#1067,.T.);
#514=ORIENTED_EDGE('',*,*,#1068,.T.);
#515=ORIENTED_EDGE('',*,*,#1069,.T.);
#516=ORIENTED_EDGE('',*,*,#1070,.T.);
#517=ORIENTED_EDGE('',*,*,#1071,.T.);
#518=ORIENTED_EDGE('',*,*,#1072,.T.);
#519=ORIENTED_EDGE('',*,*,#1073,.T.);
#520=ORIENTED_EDGE('',*,*,#1074,.F.);
#521=ORIENTED_EDGE('',*,*,#1048,.F.);
#522=ORIENTED_EDGE('',*,*,#1075,.F.);
#523=ORIENTED_EDGE('',*,*,#1076,.F.);
#524=ORIENTED_EDGE('',*,*,#1077,.F.);
#525=ORIENTED_EDGE('',*,*,#1078,.F.);
#526=ORIENTED_EDGE('',*,*,#1079,.T.);
#527=ORIENTED_EDGE('',*,*,#1002,.T.);
#528=ORIENTED_EDGE('',*,*,#1080,.F.);
#529=ORIENTED_EDGE('',*,*,#1073,.F.);
#530=ORIENTED_EDGE('',*,*,#1081,.F.);
#531=ORIENTED_EDGE('',*,*,#1082,.T.);
#532=ORIENTED_EDGE('',*,*,#1083,.T.);
#533=ORIENTED_EDGE('',*,*,#1084,.F.);
#534=ORIENTED_EDGE('',*,*,#1085,.T.);
#535=ORIENTED_EDGE('',*,*,#1086,.T.);
#536=ORIENTED_EDGE('',*,*,#1087,.T.);
#537=ORIENTED_EDGE('',*,*,#1088,.T.);
#538=ORIENTED_EDGE('',*,*,#1089,.T.);
#539=ORIENTED_EDGE('',*,*,#1090,.T.);
#540=ORIENTED_EDGE('',*,*,#1091,.T.);
#541=ORIENTED_EDGE('',*,*,#1092,.T.);
#542=ORIENTED_EDGE('',*,*,#1093,.T.);
#543=ORIENTED_EDGE('',*,*,#1094,.T.);
#544=ORIENTED_EDGE('',*,*,#1095,.T.);
#545=ORIENTED_EDGE('',*,*,#1096,.T.);
#546=ORIENTED_EDGE('',*,*,#1097,.T.);
#547=ORIENTED_EDGE('',*,*,#1098,.T.);
#548=ORIENTED_EDGE('',*,*,#1099,.T.);
#549=ORIENTED_EDGE('',*,*,#1100,.T.);
#550=ORIENTED_EDGE('',*,*,#1101,.T.);
#551=ORIENTED_EDGE('',*,*,#1102,.T.);
#552=ORIENTED_EDGE('',*,*,#1103,.T.);
#553=ORIENTED_EDGE('',*,*,#1104,.T.);
#554=ORIENTED_EDGE('',*,*,#1105,.F.);
#555=ORIENTED_EDGE('',*,*,#1106,.T.);
#556=ORIENTED_EDGE('',*,*,#1107,.T.);
#557=ORIENTED_EDGE('',*,*,#1108,.F.);
#558=ORIENTED_EDGE('',*,*,#1106,.F.);
#559=ORIENTED_EDGE('',*,*,#1109,.F.);
#560=ORIENTED_EDGE('',*,*,#1081,.T.);
#561=ORIENTED_EDGE('',*,*,#1110,.T.);
#562=ORIENTED_EDGE('',*,*,#1105,.T.);
#563=ORIENTED_EDGE('',*,*,#1111,.F.);
#564=ORIENTED_EDGE('',*,*,#1082,.F.);
#565=ORIENTED_EDGE('',*,*,#1109,.T.);
#566=ORIENTED_EDGE('',*,*,#1108,.T.);
#567=ORIENTED_EDGE('',*,*,#1112,.F.);
#568=ORIENTED_EDGE('',*,*,#1083,.F.);
#569=ORIENTED_EDGE('',*,*,#1111,.T.);
#570=ORIENTED_EDGE('',*,*,#1107,.F.);
#571=ORIENTED_EDGE('',*,*,#1110,.F.);
#572=ORIENTED_EDGE('',*,*,#1084,.T.);
#573=ORIENTED_EDGE('',*,*,#1112,.T.);
#574=ORIENTED_EDGE('',*,*,#1043,.F.);
#575=ORIENTED_EDGE('',*,*,#1056,.F.);
#576=ORIENTED_EDGE('',*,*,#1113,.T.);
#577=ORIENTED_EDGE('',*,*,#1058,.T.);
#578=ORIENTED_EDGE('',*,*,#1114,.F.);
#579=ORIENTED_EDGE('',*,*,#1023,.F.);
#580=ORIENTED_EDGE('',*,*,#1115,.F.);
#581=ORIENTED_EDGE('',*,*,#1116,.T.);
#582=ORIENTED_EDGE('',*,*,#1115,.T.);
#583=ORIENTED_EDGE('',*,*,#1022,.T.);
#584=ORIENTED_EDGE('',*,*,#1117,.F.);
#585=ORIENTED_EDGE('',*,*,#1118,.F.);
#586=ORIENTED_EDGE('',*,*,#1119,.T.);
#587=ORIENTED_EDGE('',*,*,#1120,.T.);
#588=ORIENTED_EDGE('',*,*,#1121,.F.);
#589=ORIENTED_EDGE('',*,*,#1117,.T.);
#590=ORIENTED_EDGE('',*,*,#1021,.T.);
#591=ORIENTED_EDGE('',*,*,#1122,.T.);
#592=ORIENTED_EDGE('',*,*,#1123,.F.);
#593=ORIENTED_EDGE('',*,*,#1124,.T.);
#594=ORIENTED_EDGE('',*,*,#1125,.F.);
#595=ORIENTED_EDGE('',*,*,#1113,.F.);
#596=ORIENTED_EDGE('',*,*,#1055,.F.);
#597=ORIENTED_EDGE('',*,*,#1126,.F.);
#598=ORIENTED_EDGE('',*,*,#1127,.T.);
#599=ORIENTED_EDGE('',*,*,#1128,.T.);
#600=ORIENTED_EDGE('',*,*,#1116,.F.);
#601=ORIENTED_EDGE('',*,*,#1118,.T.);
#602=ORIENTED_EDGE('',*,*,#1121,.T.);
#603=ORIENTED_EDGE('',*,*,#1129,.F.);
#604=ORIENTED_EDGE('',*,*,#1130,.T.);
#605=ORIENTED_EDGE('',*,*,#1131,.T.);
#606=ORIENTED_EDGE('',*,*,#1059,.T.);
#607=ORIENTED_EDGE('',*,*,#1027,.F.);
#608=ORIENTED_EDGE('',*,*,#1132,.T.);
#609=ORIENTED_EDGE('',*,*,#994,.T.);
#610=ORIENTED_EDGE('',*,*,#1133,.T.);
#611=ORIENTED_EDGE('',*,*,#1033,.T.);
#612=ORIENTED_EDGE('',*,*,#1134,.T.);
#613=ORIENTED_EDGE('',*,*,#1068,.F.);
#614=ORIENTED_EDGE('',*,*,#1135,.T.);
#615=ORIENTED_EDGE('',*,*,#1136,.F.);
#616=ORIENTED_EDGE('',*,*,#1137,.F.);
#617=ORIENTED_EDGE('',*,*,#1079,.F.);
#618=ORIENTED_EDGE('',*,*,#1138,.F.);
#619=ORIENTED_EDGE('',*,*,#1018,.T.);
#620=ORIENTED_EDGE('',*,*,#1003,.T.);
#621=ORIENTED_EDGE('',*,*,#1139,.T.);
#622=ORIENTED_EDGE('',*,*,#1019,.F.);
#623=ORIENTED_EDGE('',*,*,#1138,.T.);
#624=ORIENTED_EDGE('',*,*,#1078,.T.);
#625=ORIENTED_EDGE('',*,*,#1080,.T.);
#626=ORIENTED_EDGE('',*,*,#1011,.F.);
#627=ORIENTED_EDGE('',*,*,#1049,.F.);
#628=ORIENTED_EDGE('',*,*,#1074,.T.);
#629=ORIENTED_EDGE('',*,*,#1140,.T.);
#630=ORIENTED_EDGE('',*,*,#1141,.T.);
#631=ORIENTED_EDGE('',*,*,#1142,.T.);
#632=ORIENTED_EDGE('',*,*,#1143,.T.);
#633=ORIENTED_EDGE('',*,*,#1144,.T.);
#634=ORIENTED_EDGE('',*,*,#1145,.F.);
#635=ORIENTED_EDGE('',*,*,#1146,.T.);
#636=ORIENTED_EDGE('',*,*,#1147,.F.);
#637=ORIENTED_EDGE('',*,*,#1148,.F.);
#638=ORIENTED_EDGE('',*,*,#1076,.T.);
#639=ORIENTED_EDGE('',*,*,#1149,.F.);
#640=ORIENTED_EDGE('',*,*,#1150,.F.);
#641=ORIENTED_EDGE('',*,*,#1151,.F.);
#642=ORIENTED_EDGE('',*,*,#1152,.T.);
#643=ORIENTED_EDGE('',*,*,#1153,.F.);
#644=ORIENTED_EDGE('',*,*,#1154,.T.);
#645=ORIENTED_EDGE('',*,*,#1122,.F.);
#646=ORIENTED_EDGE('',*,*,#1020,.T.);
#647=ORIENTED_EDGE('',*,*,#1139,.F.);
#648=ORIENTED_EDGE('',*,*,#1077,.T.);
#649=ORIENTED_EDGE('',*,*,#1148,.T.);
#650=ORIENTED_EDGE('',*,*,#1155,.F.);
#651=ORIENTED_EDGE('',*,*,#1047,.T.);
#652=ORIENTED_EDGE('',*,*,#1156,.F.);
#653=ORIENTED_EDGE('',*,*,#1157,.T.);
#654=ORIENTED_EDGE('',*,*,#1149,.T.);
#655=ORIENTED_EDGE('',*,*,#1075,.T.);
#656=ORIENTED_EDGE('',*,*,#1072,.F.);
#657=ORIENTED_EDGE('',*,*,#1157,.F.);
#658=ORIENTED_EDGE('',*,*,#1158,.F.);
#659=ORIENTED_EDGE('',*,*,#1159,.T.);
#660=ORIENTED_EDGE('',*,*,#1150,.T.);
#661=ORIENTED_EDGE('',*,*,#1160,.F.);
#662=ORIENTED_EDGE('',*,*,#1161,.T.);
#663=ORIENTED_EDGE('',*,*,#1119,.F.);
#664=ORIENTED_EDGE('',*,*,#1162,.T.);
#665=ORIENTED_EDGE('',*,*,#1151,.T.);
#666=ORIENTED_EDGE('',*,*,#1159,.F.);
#667=ORIENTED_EDGE('',*,*,#1162,.F.);
#668=ORIENTED_EDGE('',*,*,#1125,.T.);
#669=ORIENTED_EDGE('',*,*,#1163,.T.);
#670=ORIENTED_EDGE('',*,*,#1152,.F.);
#671=ORIENTED_EDGE('',*,*,#1124,.F.);
#672=ORIENTED_EDGE('',*,*,#1164,.T.);
#673=ORIENTED_EDGE('',*,*,#1153,.T.);
#674=ORIENTED_EDGE('',*,*,#1163,.F.);
#675=ORIENTED_EDGE('',*,*,#1164,.F.);
#676=ORIENTED_EDGE('',*,*,#1123,.T.);
#677=ORIENTED_EDGE('',*,*,#1155,.T.);
#678=ORIENTED_EDGE('',*,*,#1154,.F.);
#679=ORIENTED_EDGE('',*,*,#1165,.F.);
#680=ORIENTED_EDGE('',*,*,#1166,.T.);
#681=ORIENTED_EDGE('',*,*,#1167,.T.);
#682=ORIENTED_EDGE('',*,*,#1168,.F.);
#683=ORIENTED_EDGE('',*,*,#1167,.F.);
#684=ORIENTED_EDGE('',*,*,#1169,.T.);
#685=ORIENTED_EDGE('',*,*,#1170,.T.);
#686=ORIENTED_EDGE('',*,*,#1171,.T.);
#687=ORIENTED_EDGE('',*,*,#1170,.F.);
#688=ORIENTED_EDGE('',*,*,#1172,.T.);
#689=ORIENTED_EDGE('',*,*,#1173,.T.);
#690=ORIENTED_EDGE('',*,*,#1174,.F.);
#691=ORIENTED_EDGE('',*,*,#1173,.F.);
#692=ORIENTED_EDGE('',*,*,#1175,.T.);
#693=ORIENTED_EDGE('',*,*,#1176,.T.);
#694=ORIENTED_EDGE('',*,*,#1177,.T.);
#695=ORIENTED_EDGE('',*,*,#1176,.F.);
#696=ORIENTED_EDGE('',*,*,#1178,.T.);
#697=ORIENTED_EDGE('',*,*,#1179,.T.);
#698=ORIENTED_EDGE('',*,*,#1180,.F.);
#699=ORIENTED_EDGE('',*,*,#1181,.F.);
#700=ORIENTED_EDGE('',*,*,#1182,.F.);
#701=ORIENTED_EDGE('',*,*,#1183,.F.);
#702=ORIENTED_EDGE('',*,*,#1184,.T.);
#703=ORIENTED_EDGE('',*,*,#1185,.F.);
#704=ORIENTED_EDGE('',*,*,#1186,.T.);
#705=ORIENTED_EDGE('',*,*,#1187,.F.);
#706=ORIENTED_EDGE('',*,*,#1188,.F.);
#707=ORIENTED_EDGE('',*,*,#1189,.T.);
#708=ORIENTED_EDGE('',*,*,#1168,.T.);
#709=ORIENTED_EDGE('',*,*,#1171,.F.);
#710=ORIENTED_EDGE('',*,*,#1174,.T.);
#711=ORIENTED_EDGE('',*,*,#1177,.F.);
#712=ORIENTED_EDGE('',*,*,#1180,.T.);
#713=ORIENTED_EDGE('',*,*,#1190,.T.);
#714=ORIENTED_EDGE('',*,*,#1191,.T.);
#715=ORIENTED_EDGE('',*,*,#1179,.F.);
#716=ORIENTED_EDGE('',*,*,#1192,.T.);
#717=ORIENTED_EDGE('',*,*,#1193,.T.);
#718=ORIENTED_EDGE('',*,*,#1190,.F.);
#719=ORIENTED_EDGE('',*,*,#1194,.F.);
#720=ORIENTED_EDGE('',*,*,#1195,.T.);
#721=ORIENTED_EDGE('',*,*,#1165,.T.);
#722=ORIENTED_EDGE('',*,*,#1189,.F.);
#723=ORIENTED_EDGE('',*,*,#1193,.F.);
#724=ORIENTED_EDGE('',*,*,#1196,.T.);
#725=ORIENTED_EDGE('',*,*,#1194,.T.);
#726=ORIENTED_EDGE('',*,*,#1191,.F.);
#727=ORIENTED_EDGE('',*,*,#1197,.T.);
#728=ORIENTED_EDGE('',*,*,#1140,.F.);
#729=ORIENTED_EDGE('',*,*,#1198,.F.);
#730=ORIENTED_EDGE('',*,*,#1183,.T.);
#731=ORIENTED_EDGE('',*,*,#1199,.T.);
#732=ORIENTED_EDGE('',*,*,#1141,.F.);
#733=ORIENTED_EDGE('',*,*,#1197,.F.);
#734=ORIENTED_EDGE('',*,*,#1182,.T.);
#735=ORIENTED_EDGE('',*,*,#1184,.F.);
#736=ORIENTED_EDGE('',*,*,#1198,.T.);
#737=ORIENTED_EDGE('',*,*,#1147,.T.);
#738=ORIENTED_EDGE('',*,*,#1200,.F.);
#739=ORIENTED_EDGE('',*,*,#1200,.T.);
#740=ORIENTED_EDGE('',*,*,#1146,.F.);
#741=ORIENTED_EDGE('',*,*,#1201,.F.);
#742=ORIENTED_EDGE('',*,*,#1185,.T.);
#743=ORIENTED_EDGE('',*,*,#1186,.F.);
#744=ORIENTED_EDGE('',*,*,#1201,.T.);
#745=ORIENTED_EDGE('',*,*,#1145,.T.);
#746=ORIENTED_EDGE('',*,*,#1202,.F.);
#747=ORIENTED_EDGE('',*,*,#1202,.T.);
#748=ORIENTED_EDGE('',*,*,#1144,.F.);
#749=ORIENTED_EDGE('',*,*,#1203,.F.);
#750=ORIENTED_EDGE('',*,*,#1187,.T.);
#751=ORIENTED_EDGE('',*,*,#1203,.T.);
#752=ORIENTED_EDGE('',*,*,#1143,.F.);
#753=ORIENTED_EDGE('',*,*,#1204,.F.);
#754=ORIENTED_EDGE('',*,*,#1188,.T.);
#755=ORIENTED_EDGE('',*,*,#1204,.T.);
#756=ORIENTED_EDGE('',*,*,#1142,.F.);
#757=ORIENTED_EDGE('',*,*,#1199,.F.);
#758=ORIENTED_EDGE('',*,*,#1181,.T.);
#759=ORIENTED_EDGE('',*,*,#1161,.F.);
#760=ORIENTED_EDGE('',*,*,#1205,.T.);
#761=ORIENTED_EDGE('',*,*,#1129,.T.);
#762=ORIENTED_EDGE('',*,*,#1120,.F.);
#763=ORIENTED_EDGE('',*,*,#1205,.F.);
#764=ORIENTED_EDGE('',*,*,#1160,.T.);
#765=ORIENTED_EDGE('',*,*,#1158,.T.);
#766=ORIENTED_EDGE('',*,*,#1156,.T.);
#767=ORIENTED_EDGE('',*,*,#1046,.F.);
#768=ORIENTED_EDGE('',*,*,#1206,.T.);
#769=ORIENTED_EDGE('',*,*,#1130,.F.);
#770=ORIENTED_EDGE('',*,*,#1045,.F.);
#771=ORIENTED_EDGE('',*,*,#1057,.T.);
#772=ORIENTED_EDGE('',*,*,#1131,.F.);
#773=ORIENTED_EDGE('',*,*,#1206,.F.);
#774=ORIENTED_EDGE('',*,*,#1136,.T.);
#775=ORIENTED_EDGE('',*,*,#1207,.F.);
#776=ORIENTED_EDGE('',*,*,#1208,.F.);
#777=ORIENTED_EDGE('',*,*,#1209,.F.);
#778=ORIENTED_EDGE('',*,*,#1210,.F.);
#779=ORIENTED_EDGE('',*,*,#1211,.F.);
#780=ORIENTED_EDGE('',*,*,#1212,.T.);
#781=ORIENTED_EDGE('',*,*,#1208,.T.);
#782=ORIENTED_EDGE('',*,*,#1213,.F.);
#783=ORIENTED_EDGE('',*,*,#1210,.T.);
#784=ORIENTED_EDGE('',*,*,#1214,.T.);
#785=ORIENTED_EDGE('',*,*,#1209,.T.);
#786=ORIENTED_EDGE('',*,*,#1214,.F.);
#787=ORIENTED_EDGE('',*,*,#1215,.F.);
#788=ORIENTED_EDGE('',*,*,#1212,.F.);
#789=ORIENTED_EDGE('',*,*,#1215,.T.);
#790=ORIENTED_EDGE('',*,*,#1211,.T.);
#791=ORIENTED_EDGE('',*,*,#1213,.T.);
#792=ORIENTED_EDGE('',*,*,#1207,.T.);
#793=ORIENTED_EDGE('',*,*,#1216,.T.);
#794=ORIENTED_EDGE('',*,*,#1137,.T.);
#795=ORIENTED_EDGE('',*,*,#1016,.F.);
#796=ORIENTED_EDGE('',*,*,#1217,.T.);
#797=ORIENTED_EDGE('',*,*,#1127,.F.);
#798=ORIENTED_EDGE('',*,*,#1218,.F.);
#799=ORIENTED_EDGE('',*,*,#1219,.F.);
#800=ORIENTED_EDGE('',*,*,#1024,.F.);
#801=ORIENTED_EDGE('',*,*,#1114,.T.);
#802=ORIENTED_EDGE('',*,*,#1128,.F.);
#803=ORIENTED_EDGE('',*,*,#1217,.F.);
#804=ORIENTED_EDGE('',*,*,#1054,.F.);
#805=ORIENTED_EDGE('',*,*,#1220,.T.);
#806=ORIENTED_EDGE('',*,*,#1218,.T.);
#807=ORIENTED_EDGE('',*,*,#1126,.T.);
#808=ORIENTED_EDGE('',*,*,#1216,.F.);
#809=ORIENTED_EDGE('',*,*,#1221,.F.);
#810=ORIENTED_EDGE('',*,*,#1196,.F.);
#811=ORIENTED_EDGE('',*,*,#1222,.F.);
#812=ORIENTED_EDGE('',*,*,#1065,.F.);
#813=ORIENTED_EDGE('',*,*,#1222,.T.);
#814=ORIENTED_EDGE('',*,*,#1192,.F.);
#815=ORIENTED_EDGE('',*,*,#1223,.F.);
#816=ORIENTED_EDGE('',*,*,#1066,.F.);
#817=ORIENTED_EDGE('',*,*,#1221,.T.);
#818=ORIENTED_EDGE('',*,*,#1064,.F.);
#819=ORIENTED_EDGE('',*,*,#1224,.F.);
#820=ORIENTED_EDGE('',*,*,#1195,.F.);
#821=ORIENTED_EDGE('',*,*,#1223,.T.);
#822=ORIENTED_EDGE('',*,*,#1178,.F.);
#823=ORIENTED_EDGE('',*,*,#1225,.F.);
#824=ORIENTED_EDGE('',*,*,#1067,.F.);
#825=ORIENTED_EDGE('',*,*,#1224,.T.);
#826=ORIENTED_EDGE('',*,*,#1063,.F.);
#827=ORIENTED_EDGE('',*,*,#1226,.F.);
#828=ORIENTED_EDGE('',*,*,#1166,.F.);
#829=ORIENTED_EDGE('',*,*,#1225,.T.);
#830=ORIENTED_EDGE('',*,*,#1175,.F.);
#831=ORIENTED_EDGE('',*,*,#1227,.F.);
#832=ORIENTED_EDGE('',*,*,#1060,.F.);
#833=ORIENTED_EDGE('',*,*,#1226,.T.);
#834=ORIENTED_EDGE('',*,*,#1062,.F.);
#835=ORIENTED_EDGE('',*,*,#1228,.F.);
#836=ORIENTED_EDGE('',*,*,#1169,.F.);
#837=ORIENTED_EDGE('',*,*,#1227,.T.);
#838=ORIENTED_EDGE('',*,*,#1172,.F.);
#839=ORIENTED_EDGE('',*,*,#1228,.T.);
#840=ORIENTED_EDGE('',*,*,#1061,.F.);
#841=ORIENTED_EDGE('',*,*,#1229,.F.);
#842=ORIENTED_EDGE('',*,*,#1069,.F.);
#843=ORIENTED_EDGE('',*,*,#1134,.F.);
#844=ORIENTED_EDGE('',*,*,#1036,.F.);
#845=ORIENTED_EDGE('',*,*,#1230,.F.);
#846=ORIENTED_EDGE('',*,*,#1229,.T.);
#847=ORIENTED_EDGE('',*,*,#1231,.F.);
#848=ORIENTED_EDGE('',*,*,#1133,.F.);
#849=ORIENTED_EDGE('',*,*,#997,.F.);
#850=ORIENTED_EDGE('',*,*,#1232,.F.);
#851=ORIENTED_EDGE('',*,*,#1034,.F.);
#852=ORIENTED_EDGE('',*,*,#1231,.T.);
#853=ORIENTED_EDGE('',*,*,#1035,.F.);
#854=ORIENTED_EDGE('',*,*,#1233,.F.);
#855=ORIENTED_EDGE('',*,*,#1096,.F.);
#856=ORIENTED_EDGE('',*,*,#1230,.T.);
#857=ORIENTED_EDGE('',*,*,#1095,.F.);
#858=ORIENTED_EDGE('',*,*,#1234,.F.);
#859=ORIENTED_EDGE('',*,*,#1070,.F.);
#860=ORIENTED_EDGE('',*,*,#1135,.F.);
#861=ORIENTED_EDGE('',*,*,#1071,.F.);
#862=ORIENTED_EDGE('',*,*,#1235,.F.);
#863=ORIENTED_EDGE('',*,*,#1028,.F.);
#864=ORIENTED_EDGE('',*,*,#1233,.T.);
#865=ORIENTED_EDGE('',*,*,#1232,.T.);
#866=ORIENTED_EDGE('',*,*,#1236,.F.);
#867=ORIENTED_EDGE('',*,*,#1235,.T.);
#868=ORIENTED_EDGE('',*,*,#1234,.T.);
#869=ORIENTED_EDGE('',*,*,#1237,.F.);
#870=ORIENTED_EDGE('',*,*,#1236,.T.);
#871=ORIENTED_EDGE('',*,*,#996,.F.);
#872=ORIENTED_EDGE('',*,*,#1238,.F.);
#873=ORIENTED_EDGE('',*,*,#1093,.F.);
#874=ORIENTED_EDGE('',*,*,#1237,.T.);
#875=ORIENTED_EDGE('',*,*,#1094,.F.);
#876=ORIENTED_EDGE('',*,*,#1239,.F.);
#877=ORIENTED_EDGE('',*,*,#1025,.F.);
#878=ORIENTED_EDGE('',*,*,#1239,.T.);
#879=ORIENTED_EDGE('',*,*,#1238,.T.);
#880=ORIENTED_EDGE('',*,*,#1240,.F.);
#881=ORIENTED_EDGE('',*,*,#1240,.T.);
#882=ORIENTED_EDGE('',*,*,#995,.F.);
#883=ORIENTED_EDGE('',*,*,#1132,.F.);
#884=ORIENTED_EDGE('',*,*,#1026,.F.);
#885=ORIENTED_EDGE('',*,*,#1241,.F.);
#886=ORIENTED_EDGE('',*,*,#1090,.F.);
#887=ORIENTED_EDGE('',*,*,#1242,.F.);
#888=ORIENTED_EDGE('',*,*,#1102,.F.);
#889=ORIENTED_EDGE('',*,*,#1242,.T.);
#890=ORIENTED_EDGE('',*,*,#1089,.F.);
#891=ORIENTED_EDGE('',*,*,#1243,.F.);
#892=ORIENTED_EDGE('',*,*,#1103,.F.);
#893=ORIENTED_EDGE('',*,*,#1241,.T.);
#894=ORIENTED_EDGE('',*,*,#1101,.F.);
#895=ORIENTED_EDGE('',*,*,#1244,.F.);
#896=ORIENTED_EDGE('',*,*,#1091,.F.);
#897=ORIENTED_EDGE('',*,*,#1243,.T.);
#898=ORIENTED_EDGE('',*,*,#1088,.F.);
#899=ORIENTED_EDGE('',*,*,#1245,.F.);
#900=ORIENTED_EDGE('',*,*,#1104,.F.);
#901=ORIENTED_EDGE('',*,*,#1244,.T.);
#902=ORIENTED_EDGE('',*,*,#1100,.F.);
#903=ORIENTED_EDGE('',*,*,#1246,.F.);
#904=ORIENTED_EDGE('',*,*,#1092,.F.);
#905=ORIENTED_EDGE('',*,*,#1245,.T.);
#906=ORIENTED_EDGE('',*,*,#1087,.F.);
#907=ORIENTED_EDGE('',*,*,#1247,.F.);
#908=ORIENTED_EDGE('',*,*,#1097,.F.);
#909=ORIENTED_EDGE('',*,*,#1246,.T.);
#910=ORIENTED_EDGE('',*,*,#1099,.F.);
#911=ORIENTED_EDGE('',*,*,#1248,.F.);
#912=ORIENTED_EDGE('',*,*,#1085,.F.);
#913=ORIENTED_EDGE('',*,*,#1247,.T.);
#914=ORIENTED_EDGE('',*,*,#1086,.F.);
#915=ORIENTED_EDGE('',*,*,#1248,.T.);
#916=ORIENTED_EDGE('',*,*,#1098,.F.);
#917=ORIENTED_EDGE('',*,*,#1038,.F.);
#918=ORIENTED_EDGE('',*,*,#1249,.F.);
#919=ORIENTED_EDGE('',*,*,#1250,.T.);
#920=ORIENTED_EDGE('',*,*,#1251,.T.);
#921=ORIENTED_EDGE('',*,*,#1037,.T.);
#922=ORIENTED_EDGE('',*,*,#1252,.F.);
#923=ORIENTED_EDGE('',*,*,#1253,.F.);
#924=ORIENTED_EDGE('',*,*,#1249,.T.);
#925=ORIENTED_EDGE('',*,*,#1040,.T.);
#926=ORIENTED_EDGE('',*,*,#1254,.F.);
#927=ORIENTED_EDGE('',*,*,#1255,.F.);
#928=ORIENTED_EDGE('',*,*,#1252,.T.);
#929=ORIENTED_EDGE('',*,*,#1039,.F.);
#930=ORIENTED_EDGE('',*,*,#1251,.F.);
#931=ORIENTED_EDGE('',*,*,#1256,.T.);
#932=ORIENTED_EDGE('',*,*,#1254,.T.);
#933=ORIENTED_EDGE('',*,*,#1250,.F.);
#934=ORIENTED_EDGE('',*,*,#1253,.T.);
#935=ORIENTED_EDGE('',*,*,#1255,.T.);
#936=ORIENTED_EDGE('',*,*,#1256,.F.);
#937=ORIENTED_EDGE('',*,*,#1029,.F.);
#938=ORIENTED_EDGE('',*,*,#1257,.F.);
#939=ORIENTED_EDGE('',*,*,#1258,.T.);
#940=ORIENTED_EDGE('',*,*,#1259,.T.);
#941=ORIENTED_EDGE('',*,*,#1032,.T.);
#942=ORIENTED_EDGE('',*,*,#1260,.F.);
#943=ORIENTED_EDGE('',*,*,#1261,.F.);
#944=ORIENTED_EDGE('',*,*,#1257,.T.);
#945=ORIENTED_EDGE('',*,*,#1031,.T.);
#946=ORIENTED_EDGE('',*,*,#1262,.F.);
#947=ORIENTED_EDGE('',*,*,#1263,.F.);
#948=ORIENTED_EDGE('',*,*,#1260,.T.);
#949=ORIENTED_EDGE('',*,*,#1030,.F.);
#950=ORIENTED_EDGE('',*,*,#1259,.F.);
#951=ORIENTED_EDGE('',*,*,#1264,.T.);
#952=ORIENTED_EDGE('',*,*,#1262,.T.);
#953=ORIENTED_EDGE('',*,*,#1258,.F.);
#954=ORIENTED_EDGE('',*,*,#1261,.T.);
#955=ORIENTED_EDGE('',*,*,#1263,.T.);
#956=ORIENTED_EDGE('',*,*,#1264,.F.);
#957=ORIENTED_EDGE('',*,*,#1017,.F.);
#958=ORIENTED_EDGE('',*,*,#1219,.T.);
#959=ORIENTED_EDGE('',*,*,#1265,.T.);
#960=ORIENTED_EDGE('',*,*,#1005,.T.);
#961=ORIENTED_EDGE('',*,*,#1053,.F.);
#962=ORIENTED_EDGE('',*,*,#1266,.T.);
#963=ORIENTED_EDGE('',*,*,#1006,.F.);
#964=ORIENTED_EDGE('',*,*,#1265,.F.);
#965=ORIENTED_EDGE('',*,*,#1220,.F.);
#966=ORIENTED_EDGE('',*,*,#1052,.F.);
#967=ORIENTED_EDGE('',*,*,#1267,.T.);
#968=ORIENTED_EDGE('',*,*,#1007,.F.);
#969=ORIENTED_EDGE('',*,*,#1266,.F.);
#970=ORIENTED_EDGE('',*,*,#1267,.F.);
#971=ORIENTED_EDGE('',*,*,#1051,.T.);
#972=ORIENTED_EDGE('',*,*,#1268,.T.);
#973=ORIENTED_EDGE('',*,*,#1008,.T.);
#974=ORIENTED_EDGE('',*,*,#1268,.F.);
#975=ORIENTED_EDGE('',*,*,#1050,.T.);
#976=ORIENTED_EDGE('',*,*,#1041,.T.);
#977=ORIENTED_EDGE('',*,*,#1009,.T.);
#978=ORIENTED_EDGE('',*,*,#1269,.T.);
#979=ORIENTED_EDGE('',*,*,#1013,.F.);
#980=ORIENTED_EDGE('',*,*,#1270,.F.);
#981=ORIENTED_EDGE('',*,*,#999,.F.);
#982=ORIENTED_EDGE('',*,*,#1270,.T.);
#983=ORIENTED_EDGE('',*,*,#1012,.F.);
#984=ORIENTED_EDGE('',*,*,#1271,.F.);
#985=ORIENTED_EDGE('',*,*,#1000,.F.);
#986=ORIENTED_EDGE('',*,*,#1001,.T.);
#987=ORIENTED_EDGE('',*,*,#1271,.T.);
#988=ORIENTED_EDGE('',*,*,#1015,.T.);
#989=ORIENTED_EDGE('',*,*,#1272,.F.);
#990=ORIENTED_EDGE('',*,*,#998,.T.);
#991=ORIENTED_EDGE('',*,*,#1272,.T.);
#992=ORIENTED_EDGE('',*,*,#1014,.T.);
#993=ORIENTED_EDGE('',*,*,#1269,.F.);
#994=EDGE_CURVE('',#1273,#1274,#1453,.T.);
#995=EDGE_CURVE('',#1273,#1275,#102,.F.);
#996=EDGE_CURVE('',#1275,#1276,#1454,.F.);
#997=EDGE_CURVE('',#1276,#1274,#103,.T.);
#998=EDGE_CURVE('',#1277,#1278,#1455,.F.);
#999=EDGE_CURVE('',#1277,#1279,#82,.T.);
#1000=EDGE_CURVE('',#1279,#1280,#1456,.F.);
#1001=EDGE_CURVE('',#1278,#1280,#83,.T.);
#1002=EDGE_CURVE('',#1281,#1282,#104,.T.);
#1003=EDGE_CURVE('',#1283,#1281,#105,.T.);
#1004=EDGE_CURVE('',#1283,#1284,#106,.T.);
#1005=EDGE_CURVE('',#1285,#1284,#107,.T.);
#1006=EDGE_CURVE('',#1285,#1286,#1457,.T.);
#1007=EDGE_CURVE('',#1286,#1287,#108,.T.);
#1008=EDGE_CURVE('',#1288,#1287,#1458,.T.);
#1009=EDGE_CURVE('',#1289,#1288,#109,.T.);
#1010=EDGE_CURVE('',#1289,#1290,#110,.T.);
#1011=EDGE_CURVE('',#1290,#1282,#111,.T.);
#1012=EDGE_CURVE('',#1291,#1292,#112,.T.);
#1013=EDGE_CURVE('',#1292,#1293,#1459,.T.);
#1014=EDGE_CURVE('',#1294,#1293,#113,.T.);
#1015=EDGE_CURVE('',#1291,#1294,#1460,.T.);
#1016=EDGE_CURVE('',#1295,#1296,#1461,.F.);
#1017=EDGE_CURVE('',#1296,#1284,#114,.T.);
#1018=EDGE_CURVE('',#1297,#1283,#115,.T.);
#1019=EDGE_CURVE('',#1297,#1298,#116,.T.);
#1020=EDGE_CURVE('',#1299,#1298,#117,.T.);
#1021=EDGE_CURVE('',#1300,#1299,#1462,.T.);
#1022=EDGE_CURVE('',#1301,#1300,#118,.T.);
#1023=EDGE_CURVE('',#1301,#1302,#1463,.T.);
#1024=EDGE_CURVE('',#1302,#1295,#119,.T.);
#1025=EDGE_CURVE('',#1303,#1304,#120,.F.);
#1026=EDGE_CURVE('',#1304,#1305,#121,.F.);
#1027=EDGE_CURVE('',#1305,#1306,#122,.T.);
#1028=EDGE_CURVE('',#1306,#1303,#123,.F.);
#1029=EDGE_CURVE('',#1307,#1308,#124,.T.);
#1030=EDGE_CURVE('',#1308,#1309,#125,.T.);
#1031=EDGE_CURVE('',#1310,#1309,#126,.T.);
#1032=EDGE_CURVE('',#1307,#1310,#127,.T.);
#1033=EDGE_CURVE('',#1311,#1312,#128,.T.);
#1034=EDGE_CURVE('',#1311,#1313,#129,.F.);
#1035=EDGE_CURVE('',#1313,#1314,#130,.T.);
#1036=EDGE_CURVE('',#1314,#1312,#131,.F.);
#1037=EDGE_CURVE('',#1315,#1316,#132,.T.);
#1038=EDGE_CURVE('',#1315,#1317,#133,.T.);
#1039=EDGE_CURVE('',#1317,#1318,#134,.T.);
#1040=EDGE_CURVE('',#1316,#1318,#135,.T.);
#1041=EDGE_CURVE('',#1319,#1289,#136,.T.);
#1042=EDGE_CURVE('',#1319,#1320,#1464,.T.);
#1043=EDGE_CURVE('',#1320,#1321,#137,.T.);
#1044=EDGE_CURVE('',#1322,#1321,#1465,.T.);
#1045=EDGE_CURVE('',#1322,#1323,#138,.T.);
#1046=EDGE_CURVE('',#1323,#1324,#1466,.F.);
#1047=EDGE_CURVE('',#1325,#1324,#139,.F.);
#1048=EDGE_CURVE('',#1325,#1326,#140,.T.);
#1049=EDGE_CURVE('',#1326,#1290,#141,.T.);
#1050=EDGE_CURVE('',#1327,#1319,#142,.T.);
#1051=EDGE_CURVE('',#1328,#1327,#84,.T.);
#1052=EDGE_CURVE('',#1328,#1329,#1467,.F.);
#1053=EDGE_CURVE('',#1329,#1330,#85,.T.);
#1054=EDGE_CURVE('',#1330,#1331,#143,.T.);
#1055=EDGE_CURVE('',#1331,#1332,#1468,.T.);
#1056=EDGE_CURVE('',#1332,#1320,#144,.T.);
#1057=EDGE_CURVE('',#1322,#1333,#145,.T.);
#1058=EDGE_CURVE('',#1334,#1321,#146,.T.);
#1059=EDGE_CURVE('',#1333,#1334,#1469,.T.);
#1060=EDGE_CURVE('',#1335,#1336,#1470,.T.);
#1061=EDGE_CURVE('',#1336,#1337,#86,.T.);
#1062=EDGE_CURVE('',#1337,#1338,#147,.F.);
#1063=EDGE_CURVE('',#1338,#1339,#87,.T.);
#1064=EDGE_CURVE('',#1339,#1340,#1471,.F.);
#1065=EDGE_CURVE('',#1340,#1341,#88,.T.);
#1066=EDGE_CURVE('',#1341,#1342,#148,.T.);
#1067=EDGE_CURVE('',#1342,#1335,#89,.T.);
#1068=EDGE_CURVE('',#1343,#1344,#1472,.T.);
#1069=EDGE_CURVE('',#1344,#1345,#149,.F.);
#1070=EDGE_CURVE('',#1345,#1346,#1473,.F.);
#1071=EDGE_CURVE('',#1346,#1343,#150,.T.);
#1072=EDGE_CURVE('',#1325,#1347,#1474,.T.);
#1073=EDGE_CURVE('',#1347,#1348,#151,.T.);
#1074=EDGE_CURVE('',#1326,#1348,#152,.T.);
#1075=EDGE_CURVE('',#1349,#1347,#153,.F.);
#1076=EDGE_CURVE('',#1350,#1349,#154,.T.);
#1077=EDGE_CURVE('',#1351,#1350,#155,.T.);
#1078=EDGE_CURVE('',#1352,#1351,#156,.T.);
#1079=EDGE_CURVE('',#1352,#1281,#157,.T.);
#1080=EDGE_CURVE('',#1348,#1282,#158,.T.);
#1081=EDGE_CURVE('',#1353,#1354,#159,.T.);
#1082=EDGE_CURVE('',#1353,#1355,#160,.T.);
#1083=EDGE_CURVE('',#1355,#1356,#161,.T.);
#1084=EDGE_CURVE('',#1354,#1356,#162,.T.);
#1085=EDGE_CURVE('',#1357,#1358,#163,.F.);
#1086=EDGE_CURVE('',#1358,#1359,#1475,.F.);
#1087=EDGE_CURVE('',#1359,#1360,#164,.T.);
#1088=EDGE_CURVE('',#1360,#1361,#1476,.F.);
#1089=EDGE_CURVE('',#1361,#1362,#165,.T.);
#1090=EDGE_CURVE('',#1362,#1363,#1477,.F.);
#1091=EDGE_CURVE('',#1363,#1364,#166,.F.);
#1092=EDGE_CURVE('',#1364,#1357,#1478,.F.);
#1093=EDGE_CURVE('',#1365,#1366,#1479,.T.);
#1094=EDGE_CURVE('',#1366,#1367,#167,.T.);
#1095=EDGE_CURVE('',#1367,#1368,#1480,.T.);
#1096=EDGE_CURVE('',#1368,#1365,#168,.F.);
#1097=EDGE_CURVE('',#1369,#1370,#169,.T.);
#1098=EDGE_CURVE('',#1370,#1371,#1481,.T.);
#1099=EDGE_CURVE('',#1371,#1372,#170,.T.);
#1100=EDGE_CURVE('',#1372,#1373,#1482,.T.);
#1101=EDGE_CURVE('',#1373,#1374,#171,.T.);
#1102=EDGE_CURVE('',#1374,#1375,#1483,.T.);
#1103=EDGE_CURVE('',#1375,#1376,#172,.T.);
#1104=EDGE_CURVE('',#1376,#1369,#1484,.T.);
#1105=EDGE_CURVE('',#1377,#1378,#173,.T.);
#1106=EDGE_CURVE('',#1377,#1379,#174,.T.);
#1107=EDGE_CURVE('',#1379,#1380,#175,.T.);
#1108=EDGE_CURVE('',#1378,#1380,#176,.T.);
#1109=EDGE_CURVE('',#1353,#1377,#177,.T.);
#1110=EDGE_CURVE('',#1354,#1379,#178,.T.);
#1111=EDGE_CURVE('',#1355,#1378,#179,.T.);
#1112=EDGE_CURVE('',#1356,#1380,#180,.T.);
#1113=EDGE_CURVE('',#1332,#1334,#181,.T.);
#1114=EDGE_CURVE('',#1302,#1381,#182,.T.);
#1115=EDGE_CURVE('',#1382,#1301,#183,.T.);
#1116=EDGE_CURVE('',#1382,#1381,#1485,.T.);
#1117=EDGE_CURVE('',#1383,#1300,#184,.T.);
#1118=EDGE_CURVE('',#1382,#1383,#185,.T.);
#1119=EDGE_CURVE('',#1384,#1385,#90,.T.);
#1120=EDGE_CURVE('',#1385,#1386,#186,.T.);
#1121=EDGE_CURVE('',#1383,#1386,#1486,.T.);
#1122=EDGE_CURVE('',#1299,#1387,#91,.T.);
#1123=EDGE_CURVE('',#1388,#1387,#187,.T.);
#1124=EDGE_CURVE('',#1388,#1389,#92,.T.);
#1125=EDGE_CURVE('',#1384,#1389,#1487,.T.);
#1126=EDGE_CURVE('',#1390,#1331,#188,.T.);
#1127=EDGE_CURVE('',#1390,#1391,#1488,.T.);
#1128=EDGE_CURVE('',#1391,#1381,#189,.T.);
#1129=EDGE_CURVE('',#1392,#1386,#190,.T.);
#1130=EDGE_CURVE('',#1392,#1393,#1489,.T.);
#1131=EDGE_CURVE('',#1393,#1333,#191,.T.);
#1132=EDGE_CURVE('',#1305,#1273,#1490,.T.);
#1133=EDGE_CURVE('',#1274,#1311,#1491,.T.);
#1134=EDGE_CURVE('',#1312,#1344,#1492,.T.);
#1135=EDGE_CURVE('',#1343,#1306,#1493,.T.);
#1136=EDGE_CURVE('',#1394,#1394,#1494,.T.);
#1137=EDGE_CURVE('',#1395,#1395,#1495,.T.);
#1138=EDGE_CURVE('',#1297,#1352,#192,.T.);
#1139=EDGE_CURVE('',#1351,#1298,#1496,.T.);
#1140=EDGE_CURVE('',#1396,#1397,#1497,.T.);
#1141=EDGE_CURVE('',#1397,#1398,#193,.T.);
#1142=EDGE_CURVE('',#1398,#1399,#1498,.T.);
#1143=EDGE_CURVE('',#1399,#1400,#194,.T.);
#1144=EDGE_CURVE('',#1400,#1401,#1499,.T.);
#1145=EDGE_CURVE('',#1402,#1401,#195,.T.);
#1146=EDGE_CURVE('',#1402,#1403,#1500,.T.);
#1147=EDGE_CURVE('',#1396,#1403,#196,.T.);
#1148=EDGE_CURVE('',#1350,#1404,#1501,.T.);
#1149=EDGE_CURVE('',#1405,#1349,#1502,.T.);
#1150=EDGE_CURVE('',#1406,#1405,#197,.T.);
#1151=EDGE_CURVE('',#1407,#1406,#1503,.T.);
#1152=EDGE_CURVE('',#1407,#1408,#198,.T.);
#1153=EDGE_CURVE('',#1409,#1408,#1504,.T.);
#1154=EDGE_CURVE('',#1409,#1404,#199,.T.);
#1155=EDGE_CURVE('',#1387,#1404,#200,.T.);
#1156=EDGE_CURVE('',#1410,#1324,#93,.T.);
#1157=EDGE_CURVE('',#1410,#1405,#201,.T.);
#1158=EDGE_CURVE('',#1411,#1410,#202,.F.);
#1159=EDGE_CURVE('',#1411,#1406,#203,.T.);
#1160=EDGE_CURVE('',#1412,#1411,#94,.T.);
#1161=EDGE_CURVE('',#1412,#1385,#204,.F.);
#1162=EDGE_CURVE('',#1384,#1407,#205,.T.);
#1163=EDGE_CURVE('',#1389,#1408,#206,.T.);
#1164=EDGE_CURVE('',#1388,#1409,#207,.T.);
#1165=EDGE_CURVE('',#1413,#1414,#208,.T.);
#1166=EDGE_CURVE('',#1413,#1415,#95,.T.);
#1167=EDGE_CURVE('',#1415,#1416,#209,.T.);
#1168=EDGE_CURVE('',#1414,#1416,#1505,.T.);
#1169=EDGE_CURVE('',#1415,#1417,#210,.T.);
#1170=EDGE_CURVE('',#1417,#1418,#211,.T.);
#1171=EDGE_CURVE('',#1418,#1416,#212,.T.);
#1172=EDGE_CURVE('',#1417,#1419,#96,.T.);
#1173=EDGE_CURVE('',#1419,#1420,#213,.T.);
#1174=EDGE_CURVE('',#1418,#1420,#1506,.T.);
#1175=EDGE_CURVE('',#1419,#1421,#1507,.F.);
#1176=EDGE_CURVE('',#1421,#1422,#214,.T.);
#1177=EDGE_CURVE('',#1422,#1420,#215,.T.);
#1178=EDGE_CURVE('',#1421,#1423,#97,.T.);
#1179=EDGE_CURVE('',#1423,#1424,#216,.T.);
#1180=EDGE_CURVE('',#1422,#1424,#1508,.T.);
#1181=EDGE_CURVE('',#1425,#1426,#1509,.T.);
#1182=EDGE_CURVE('',#1427,#1425,#217,.T.);
#1183=EDGE_CURVE('',#1428,#1427,#1510,.T.);
#1184=EDGE_CURVE('',#1428,#1429,#218,.T.);
#1185=EDGE_CURVE('',#1430,#1429,#1511,.T.);
#1186=EDGE_CURVE('',#1430,#1431,#219,.T.);
#1187=EDGE_CURVE('',#1432,#1431,#1512,.T.);
#1188=EDGE_CURVE('',#1426,#1432,#220,.T.);
#1189=EDGE_CURVE('',#1433,#1414,#221,.T.);
#1190=EDGE_CURVE('',#1424,#1434,#222,.T.);
#1191=EDGE_CURVE('',#1434,#1433,#1513,.T.);
#1192=EDGE_CURVE('',#1423,#1435,#223,.T.);
#1193=EDGE_CURVE('',#1435,#1434,#224,.T.);
#1194=EDGE_CURVE('',#1436,#1433,#225,.T.);
#1195=EDGE_CURVE('',#1436,#1413,#1514,.T.);
#1196=EDGE_CURVE('',#1435,#1436,#98,.T.);
#1197=EDGE_CURVE('',#1427,#1397,#226,.T.);
#1198=EDGE_CURVE('',#1428,#1396,#227,.T.);
#1199=EDGE_CURVE('',#1425,#1398,#228,.T.);
#1200=EDGE_CURVE('',#1429,#1403,#229,.T.);
#1201=EDGE_CURVE('',#1430,#1402,#230,.T.);
#1202=EDGE_CURVE('',#1431,#1401,#231,.T.);
#1203=EDGE_CURVE('',#1432,#1400,#232,.T.);
#1204=EDGE_CURVE('',#1426,#1399,#233,.T.);
#1205=EDGE_CURVE('',#1412,#1392,#234,.T.);
#1206=EDGE_CURVE('',#1323,#1393,#235,.T.);
#1207=EDGE_CURVE('',#1437,#1438,#99,.T.);
#1208=EDGE_CURVE('',#1439,#1437,#236,.F.);
#1209=EDGE_CURVE('',#1440,#1439,#100,.T.);
#1210=EDGE_CURVE('',#1441,#1440,#237,.T.);
#1211=EDGE_CURVE('',#1442,#1441,#101,.T.);
#1212=EDGE_CURVE('',#1442,#1438,#1515,.F.);
#1213=EDGE_CURVE('',#1441,#1437,#238,.T.);
#1214=EDGE_CURVE('',#1440,#1439,#239,.T.);
#1215=EDGE_CURVE('',#1438,#1442,#240,.F.);
#1216=EDGE_CURVE('',#1443,#1443,#1516,.F.);
#1217=EDGE_CURVE('',#1295,#1391,#241,.T.);
#1218=EDGE_CURVE('',#1444,#1390,#242,.T.);
#1219=EDGE_CURVE('',#1296,#1444,#243,.T.);
#1220=EDGE_CURVE('',#1330,#1444,#244,.T.);
#1221=EDGE_CURVE('',#1436,#1340,#1517,.T.);
#1222=EDGE_CURVE('',#1341,#1435,#1518,.T.);
#1223=EDGE_CURVE('',#1342,#1423,#1519,.T.);
#1224=EDGE_CURVE('',#1413,#1339,#1520,.T.);
#1225=EDGE_CURVE('',#1335,#1421,#1521,.T.);
#1226=EDGE_CURVE('',#1415,#1338,#1522,.T.);
#1227=EDGE_CURVE('',#1336,#1419,#1523,.T.);
#1228=EDGE_CURVE('',#1417,#1337,#1524,.T.);
#1229=EDGE_CURVE('',#1345,#1314,#1525,.T.);
#1230=EDGE_CURVE('',#1345,#1368,#1526,.F.);
#1231=EDGE_CURVE('',#1368,#1314,#1527,.F.);
#1232=EDGE_CURVE('',#1313,#1276,#1528,.T.);
#1233=EDGE_CURVE('',#1365,#1313,#1529,.T.);
#1234=EDGE_CURVE('',#1346,#1367,#1530,.T.);
#1235=EDGE_CURVE('',#1303,#1346,#1531,.T.);
#1236=EDGE_CURVE('',#1365,#1276,#1532,.F.);
#1237=EDGE_CURVE('',#1303,#1367,#1533,.F.);
#1238=EDGE_CURVE('',#1366,#1275,#1534,.T.);
#1239=EDGE_CURVE('',#1304,#1366,#1535,.T.);
#1240=EDGE_CURVE('',#1304,#1275,#1536,.F.);
#1241=EDGE_CURVE('',#1363,#1374,#1537,.T.);
#1242=EDGE_CURVE('',#1375,#1362,#1538,.T.);
#1243=EDGE_CURVE('',#1376,#1361,#1539,.T.);
#1244=EDGE_CURVE('',#1364,#1373,#1540,.T.);
#1245=EDGE_CURVE('',#1369,#1360,#1541,.T.);
#1246=EDGE_CURVE('',#1357,#1372,#1542,.T.);
#1247=EDGE_CURVE('',#1370,#1359,#1543,.T.);
#1248=EDGE_CURVE('',#1358,#1371,#1544,.T.);
#1249=EDGE_CURVE('',#1445,#1315,#245,.T.);
#1250=EDGE_CURVE('',#1445,#1446,#246,.T.);
#1251=EDGE_CURVE('',#1446,#1317,#247,.T.);
#1252=EDGE_CURVE('',#1447,#1316,#248,.T.);
#1253=EDGE_CURVE('',#1445,#1447,#249,.T.);
#1254=EDGE_CURVE('',#1448,#1318,#250,.T.);
#1255=EDGE_CURVE('',#1447,#1448,#251,.T.);
#1256=EDGE_CURVE('',#1446,#1448,#252,.T.);
#1257=EDGE_CURVE('',#1449,#1307,#253,.T.);
#1258=EDGE_CURVE('',#1449,#1450,#254,.T.);
#1259=EDGE_CURVE('',#1450,#1308,#255,.T.);
#1260=EDGE_CURVE('',#1451,#1310,#256,.T.);
#1261=EDGE_CURVE('',#1449,#1451,#257,.T.);
#1262=EDGE_CURVE('',#1452,#1309,#258,.T.);
#1263=EDGE_CURVE('',#1451,#1452,#259,.T.);
#1264=EDGE_CURVE('',#1450,#1452,#260,.T.);
#1265=EDGE_CURVE('',#1444,#1285,#261,.T.);
#1266=EDGE_CURVE('',#1329,#1286,#262,.T.);
#1267=EDGE_CURVE('',#1328,#1287,#263,.T.);
#1268=EDGE_CURVE('',#1327,#1288,#264,.T.);
#1269=EDGE_CURVE('',#1277,#1293,#265,.T.);
#1270=EDGE_CURVE('',#1279,#1292,#266,.T.);
#1271=EDGE_CURVE('',#1280,#1291,#267,.T.);
#1272=EDGE_CURVE('',#1278,#1294,#268,.T.);
#1273=VERTEX_POINT('',#2724);
#1274=VERTEX_POINT('',#2725);
#1275=VERTEX_POINT('',#2727);
#1276=VERTEX_POINT('',#2729);
#1277=VERTEX_POINT('',#2732);
#1278=VERTEX_POINT('',#2733);
#1279=VERTEX_POINT('',#2741);
#1280=VERTEX_POINT('',#2743);
#1281=VERTEX_POINT('',#2753);
#1282=VERTEX_POINT('',#2754);
#1283=VERTEX_POINT('',#2756);
#1284=VERTEX_POINT('',#2758);
#1285=VERTEX_POINT('',#2760);
#1286=VERTEX_POINT('',#2762);
#1287=VERTEX_POINT('',#2764);
#1288=VERTEX_POINT('',#2766);
#1289=VERTEX_POINT('',#2768);
#1290=VERTEX_POINT('',#2770);
#1291=VERTEX_POINT('',#2773);
#1292=VERTEX_POINT('',#2774);
#1293=VERTEX_POINT('',#2776);
#1294=VERTEX_POINT('',#2778);
#1295=VERTEX_POINT('',#2782);
#1296=VERTEX_POINT('',#2783);
#1297=VERTEX_POINT('',#2786);
#1298=VERTEX_POINT('',#2788);
#1299=VERTEX_POINT('',#2790);
#1300=VERTEX_POINT('',#2792);
#1301=VERTEX_POINT('',#2794);
#1302=VERTEX_POINT('',#2796);
#1303=VERTEX_POINT('',#2800);
#1304=VERTEX_POINT('',#2801);
#1305=VERTEX_POINT('',#2803);
#1306=VERTEX_POINT('',#2805);
#1307=VERTEX_POINT('',#2808);
#1308=VERTEX_POINT('',#2809);
#1309=VERTEX_POINT('',#2811);
#1310=VERTEX_POINT('',#2813);
#1311=VERTEX_POINT('',#2817);
#1312=VERTEX_POINT('',#2818);
#1313=VERTEX_POINT('',#2820);
#1314=VERTEX_POINT('',#2822);
#1315=VERTEX_POINT('',#2825);
#1316=VERTEX_POINT('',#2826);
#1317=VERTEX_POINT('',#2828);
#1318=VERTEX_POINT('',#2830);
#1319=VERTEX_POINT('',#2834);
#1320=VERTEX_POINT('',#2836);
#1321=VERTEX_POINT('',#2838);
#1322=VERTEX_POINT('',#2840);
#1323=VERTEX_POINT('',#2842);
#1324=VERTEX_POINT('',#2844);
#1325=VERTEX_POINT('',#2846);
#1326=VERTEX_POINT('',#2848);
#1327=VERTEX_POINT('',#2852);
#1328=VERTEX_POINT('',#2858);
#1329=VERTEX_POINT('',#2860);
#1330=VERTEX_POINT('',#2866);
#1331=VERTEX_POINT('',#2868);
#1332=VERTEX_POINT('',#2870);
#1333=VERTEX_POINT('',#2874);
#1334=VERTEX_POINT('',#2876);
#1335=VERTEX_POINT('',#2880);
#1336=VERTEX_POINT('',#2881);
#1337=VERTEX_POINT('',#2887);
#1338=VERTEX_POINT('',#2889);
#1339=VERTEX_POINT('',#2895);
#1340=VERTEX_POINT('',#2897);
#1341=VERTEX_POINT('',#2903);
#1342=VERTEX_POINT('',#2905);
#1343=VERTEX_POINT('',#2912);
#1344=VERTEX_POINT('',#2913);
#1345=VERTEX_POINT('',#2915);
#1346=VERTEX_POINT('',#2917);
#1347=VERTEX_POINT('',#2921);
#1348=VERTEX_POINT('',#2923);
#1349=VERTEX_POINT('',#2927);
#1350=VERTEX_POINT('',#2929);
#1351=VERTEX_POINT('',#2931);
#1352=VERTEX_POINT('',#2933);
#1353=VERTEX_POINT('',#2937);
#1354=VERTEX_POINT('',#2938);
#1355=VERTEX_POINT('',#2940);
#1356=VERTEX_POINT('',#2942);
#1357=VERTEX_POINT('',#2946);
#1358=VERTEX_POINT('',#2947);
#1359=VERTEX_POINT('',#2949);
#1360=VERTEX_POINT('',#2951);
#1361=VERTEX_POINT('',#2953);
#1362=VERTEX_POINT('',#2955);
#1363=VERTEX_POINT('',#2957);
#1364=VERTEX_POINT('',#2959);
#1365=VERTEX_POINT('',#2962);
#1366=VERTEX_POINT('',#2963);
#1367=VERTEX_POINT('',#2965);
#1368=VERTEX_POINT('',#2967);
#1369=VERTEX_POINT('',#2971);
#1370=VERTEX_POINT('',#2972);
#1371=VERTEX_POINT('',#2974);
#1372=VERTEX_POINT('',#2976);
#1373=VERTEX_POINT('',#2978);
#1374=VERTEX_POINT('',#2980);
#1375=VERTEX_POINT('',#2982);
#1376=VERTEX_POINT('',#2984);
#1377=VERTEX_POINT('',#2987);
#1378=VERTEX_POINT('',#2988);
#1379=VERTEX_POINT('',#2990);
#1380=VERTEX_POINT('',#2992);
#1381=VERTEX_POINT('',#3006);
#1382=VERTEX_POINT('',#3008);
#1383=VERTEX_POINT('',#3012);
#1384=VERTEX_POINT('',#3019);
#1385=VERTEX_POINT('',#3020);
#1386=VERTEX_POINT('',#3022);
#1387=VERTEX_POINT('',#3028);
#1388=VERTEX_POINT('',#3030);
#1389=VERTEX_POINT('',#3036);
#1390=VERTEX_POINT('',#3040);
#1391=VERTEX_POINT('',#3042);
#1392=VERTEX_POINT('',#3045);
#1393=VERTEX_POINT('',#3047);
#1394=VERTEX_POINT('',#3054);
#1395=VERTEX_POINT('',#3056);
#1396=VERTEX_POINT('',#3064);
#1397=VERTEX_POINT('',#3065);
#1398=VERTEX_POINT('',#3067);
#1399=VERTEX_POINT('',#3069);
#1400=VERTEX_POINT('',#3071);
#1401=VERTEX_POINT('',#3073);
#1402=VERTEX_POINT('',#3075);
#1403=VERTEX_POINT('',#3077);
#1404=VERTEX_POINT('',#3080);
#1405=VERTEX_POINT('',#3082);
#1406=VERTEX_POINT('',#3084);
#1407=VERTEX_POINT('',#3086);
#1408=VERTEX_POINT('',#3088);
#1409=VERTEX_POINT('',#3090);
#1410=VERTEX_POINT('',#3099);
#1411=VERTEX_POINT('',#3103);
#1412=VERTEX_POINT('',#3113);
#1413=VERTEX_POINT('',#3123);
#1414=VERTEX_POINT('',#3124);
#1415=VERTEX_POINT('',#3130);
#1416=VERTEX_POINT('',#3132);
#1417=VERTEX_POINT('',#3136);
#1418=VERTEX_POINT('',#3138);
#1419=VERTEX_POINT('',#3146);
#1420=VERTEX_POINT('',#3148);
#1421=VERTEX_POINT('',#3152);
#1422=VERTEX_POINT('',#3154);
#1423=VERTEX_POINT('',#3162);
#1424=VERTEX_POINT('',#3164);
#1425=VERTEX_POINT('',#3168);
#1426=VERTEX_POINT('',#3169);
#1427=VERTEX_POINT('',#3171);
#1428=VERTEX_POINT('',#3173);
#1429=VERTEX_POINT('',#3175);
#1430=VERTEX_POINT('',#3177);
#1431=VERTEX_POINT('',#3179);
#1432=VERTEX_POINT('',#3181);
#1433=VERTEX_POINT('',#3184);
#1434=VERTEX_POINT('',#3186);
#1435=VERTEX_POINT('',#3190);
#1436=VERTEX_POINT('',#3194);
#1437=VERTEX_POINT('',#3228);
#1438=VERTEX_POINT('',#3229);
#1439=VERTEX_POINT('',#3231);
#1440=VERTEX_POINT('',#3243);
#1441=VERTEX_POINT('',#3245);
#1442=VERTEX_POINT('',#3250);
#1443=VERTEX_POINT('',#3261);
#1444=VERTEX_POINT('',#3265);
#1445=VERTEX_POINT('',#3385);
#1446=VERTEX_POINT('',#3387);
#1447=VERTEX_POINT('',#3391);
#1448=VERTEX_POINT('',#3395);
#1449=VERTEX_POINT('',#3402);
#1450=VERTEX_POINT('',#3404);
#1451=VERTEX_POINT('',#3408);
#1452=VERTEX_POINT('',#3412);
#1453=CIRCLE('',#1959,0.08006225);
#1454=CIRCLE('',#1960,0.08006225);
#1455=CIRCLE('',#1961,0.08006225);
#1456=CIRCLE('',#1962,0.08006225);
#1457=CIRCLE('',#1964,0.0025);
#1458=CIRCLE('',#1965,0.0025);
#1459=CIRCLE('',#1966,0.0015);
#1460=CIRCLE('',#1967,0.0015);
#1461=CIRCLE('',#1969,0.004);
#1462=CIRCLE('',#1970,0.07846225);
#1463=CIRCLE('',#1971,0.07846225);
#1464=CIRCLE('',#1975,0.07846225);
#1465=CIRCLE('',#1976,0.07846225);
#1466=CIRCLE('',#1977,0.004);
#1467=CIRCLE('',#1979,0.07846225);
#1468=CIRCLE('',#1980,0.07846225);
#1469=CIRCLE('',#1982,0.07846225);
#1470=CIRCLE('',#1984,0.08006225);
#1471=CIRCLE('',#1985,0.08006225);
#1472=CIRCLE('',#1986,0.08006225);
#1473=CIRCLE('',#1987,0.08006225);
#1474=CIRCLE('',#1989,0.00525);
#1475=CIRCLE('',#1992,0.004);
#1476=CIRCLE('',#1993,0.004);
#1477=CIRCLE('',#1994,0.004);
#1478=CIRCLE('',#1995,0.004);
#1479=CIRCLE('',#1996,0.07906225);
#1480=CIRCLE('',#1997,0.07906225);
#1481=CIRCLE('',#1999,0.00302020410288673);
#1482=CIRCLE('',#2000,0.00302020410288674);
#1483=CIRCLE('',#2001,0.00302020410288674);
#1484=CIRCLE('',#2002,0.00302020410288674);
#1485=CIRCLE('',#2009,0.07846225);
#1486=CIRCLE('',#2012,0.07846225);
#1487=CIRCLE('',#2013,0.07846225);
#1488=CIRCLE('',#2015,0.004);
#1489=CIRCLE('',#2016,0.004);
#1490=CIRCLE('',#2017,0.001);
#1491=CIRCLE('',#2018,0.001);
#1492=CIRCLE('',#2019,0.001);
#1493=CIRCLE('',#2020,0.001);
#1494=CIRCLE('',#2021,0.002125);
#1495=CIRCLE('',#2022,0.002125);
#1496=CIRCLE('',#2025,0.00525);
#1497=CIRCLE('',#2028,0.00125);
#1498=CIRCLE('',#2029,0.00125);
#1499=CIRCLE('',#2030,0.00125);
#1500=CIRCLE('',#2031,0.00125);
#1501=CIRCLE('',#2032,0.00525);
#1502=CIRCLE('',#2033,0.00525);
#1503=CIRCLE('',#2034,0.00525);
#1504=CIRCLE('',#2035,0.00525);
#1505=CIRCLE('',#2044,0.00325);
#1506=CIRCLE('',#2047,0.00325);
#1507=CIRCLE('',#2049,0.07906225);
#1508=CIRCLE('',#2051,0.00325);
#1509=CIRCLE('',#2053,0.00125);
#1510=CIRCLE('',#2054,0.00125);
#1511=CIRCLE('',#2055,0.00125);
#1512=CIRCLE('',#2056,0.00125);
#1513=CIRCLE('',#2057,0.00325);
#1514=CIRCLE('',#2060,0.07906225);
#1515=CIRCLE('',#2074,0.002125);
#1516=CIRCLE('',#2080,0.002125);
#1517=CIRCLE('',#2085,0.001);
#1518=CIRCLE('',#2086,0.001);
#1519=CIRCLE('',#2088,0.001);
#1520=CIRCLE('',#2090,0.001);
#1521=CIRCLE('',#2091,0.001);
#1522=CIRCLE('',#2092,0.001);
#1523=CIRCLE('',#2094,0.001);
#1524=CIRCLE('',#2096,0.001);
#1525=CIRCLE('',#2098,0.001);
#1526=CIRCLE('',#2100,0.001);
#1527=CIRCLE('',#2101,0.001);
#1528=CIRCLE('',#2103,0.001);
#1529=CIRCLE('',#2105,0.001);
#1530=CIRCLE('',#2107,0.001);
#1531=CIRCLE('',#2109,0.001);
#1532=CIRCLE('',#2111,0.001);
#1533=CIRCLE('',#2113,0.001);
#1534=CIRCLE('',#2115,0.001);
#1535=CIRCLE('',#2117,0.001);
#1536=CIRCLE('',#2119,0.001);
#1537=CIRCLE('',#2122,0.001);
#1538=CIRCLE('',#2123,0.001);
#1539=CIRCLE('',#2125,0.001);
#1540=CIRCLE('',#2127,0.001);
#1541=CIRCLE('',#2129,0.001);
#1542=CIRCLE('',#2131,0.001);
#1543=CIRCLE('',#2133,0.001);
#1544=CIRCLE('',#2135,0.001);
#1545=EDGE_LOOP('',(#436,#437,#438,#439));
#1546=EDGE_LOOP('',(#440,#441,#442,#443));
#1547=EDGE_LOOP('',(#444,#445,#446,#447,#448,#449,#450,#451,#452,#453));
#1548=EDGE_LOOP('',(#454,#455,#456,#457));
#1549=EDGE_LOOP('',(#458,#459,#460,#461,#462,#463,#464,#465,#466,#467));
#1550=EDGE_LOOP('',(#468,#469,#470,#471));
#1551=EDGE_LOOP('',(#472,#473,#474,#475));
#1552=EDGE_LOOP('',(#476,#477,#478,#479));
#1553=EDGE_LOOP('',(#480,#481,#482,#483));
#1554=EDGE_LOOP('',(#484,#485,#486,#487,#488,#489,#490,#491,#492,#493));
#1555=EDGE_LOOP('',(#494,#495,#496,#497,#498,#499,#500,#501));
#1556=EDGE_LOOP('',(#502,#503,#504,#505));
#1557=EDGE_LOOP('',(#506,#507,#508,#509,#510,#511,#512,#513));
#1558=EDGE_LOOP('',(#514,#515,#516,#517));
#1559=EDGE_LOOP('',(#518,#519,#520,#521));
#1560=EDGE_LOOP('',(#522,#523,#524,#525,#526,#527,#528,#529));
#1561=EDGE_LOOP('',(#530,#531,#532,#533));
#1562=EDGE_LOOP('',(#534,#535,#536,#537,#538,#539,#540,#541));
#1563=EDGE_LOOP('',(#542,#543,#544,#545));
#1564=EDGE_LOOP('',(#546,#547,#548,#549,#550,#551,#552,#553));
#1565=EDGE_LOOP('',(#554,#555,#556,#557));
#1566=EDGE_LOOP('',(#558,#559,#560,#561));
#1567=EDGE_LOOP('',(#562,#563,#564,#565));
#1568=EDGE_LOOP('',(#566,#567,#568,#569));
#1569=EDGE_LOOP('',(#570,#571,#572,#573));
#1570=EDGE_LOOP('',(#574,#575,#576,#577));
#1571=EDGE_LOOP('',(#578,#579,#580,#581));
#1572=EDGE_LOOP('',(#582,#583,#584,#585));
#1573=EDGE_LOOP('',(#586,#587,#588,#589,#590,#591,#592,#593,#594));
#1574=EDGE_LOOP('',(#595,#596,#597,#598,#599,#600,#601,#602,#603,#604,#605,
#606));
#1575=EDGE_LOOP('',(#607,#608,#609,#610,#611,#612,#613,#614));
#1576=EDGE_LOOP('',(#615));
#1577=EDGE_LOOP('',(#616));
#1578=EDGE_LOOP('',(#617,#618,#619,#620));
#1579=EDGE_LOOP('',(#621,#622,#623,#624));
#1580=EDGE_LOOP('',(#625,#626,#627,#628));
#1581=EDGE_LOOP('',(#629,#630,#631,#632,#633,#634,#635,#636));
#1582=EDGE_LOOP('',(#637,#638,#639,#640,#641,#642,#643,#644));
#1583=EDGE_LOOP('',(#645,#646,#647,#648,#649,#650));
#1584=EDGE_LOOP('',(#651,#652,#653,#654,#655,#656));
#1585=EDGE_LOOP('',(#657,#658,#659,#660));
#1586=EDGE_LOOP('',(#661,#662,#663,#664,#665,#666));
#1587=EDGE_LOOP('',(#667,#668,#669,#670));
#1588=EDGE_LOOP('',(#671,#672,#673,#674));
#1589=EDGE_LOOP('',(#675,#676,#677,#678));
#1590=EDGE_LOOP('',(#679,#680,#681,#682));
#1591=EDGE_LOOP('',(#683,#684,#685,#686));
#1592=EDGE_LOOP('',(#687,#688,#689,#690));
#1593=EDGE_LOOP('',(#691,#692,#693,#694));
#1594=EDGE_LOOP('',(#695,#696,#697,#698));
#1595=EDGE_LOOP('',(#699,#700,#701,#702,#703,#704,#705,#706));
#1596=EDGE_LOOP('',(#707,#708,#709,#710,#711,#712,#713,#714));
#1597=EDGE_LOOP('',(#715,#716,#717,#718));
#1598=EDGE_LOOP('',(#719,#720,#721,#722));
#1599=EDGE_LOOP('',(#723,#724,#725,#726));
#1600=EDGE_LOOP('',(#727,#728,#729,#730));
#1601=EDGE_LOOP('',(#731,#732,#733,#734));
#1602=EDGE_LOOP('',(#735,#736,#737,#738));
#1603=EDGE_LOOP('',(#739,#740,#741,#742));
#1604=EDGE_LOOP('',(#743,#744,#745,#746));
#1605=EDGE_LOOP('',(#747,#748,#749,#750));
#1606=EDGE_LOOP('',(#751,#752,#753,#754));
#1607=EDGE_LOOP('',(#755,#756,#757,#758));
#1608=EDGE_LOOP('',(#759,#760,#761,#762));
#1609=EDGE_LOOP('',(#763,#764,#765,#766,#767,#768,#769));
#1610=EDGE_LOOP('',(#770,#771,#772,#773));
#1611=EDGE_LOOP('',(#774));
#1612=EDGE_LOOP('',(#775,#776,#777,#778,#779,#780));
#1613=EDGE_LOOP('',(#781,#782,#783,#784));
#1614=EDGE_LOOP('',(#785,#786));
#1615=EDGE_LOOP('',(#787,#788));
#1616=EDGE_LOOP('',(#789,#790,#791,#792));
#1617=EDGE_LOOP('',(#793));
#1618=EDGE_LOOP('',(#794));
#1619=EDGE_LOOP('',(#795,#796,#797,#798,#799));
#1620=EDGE_LOOP('',(#800,#801,#802,#803));
#1621=EDGE_LOOP('',(#804,#805,#806,#807));
#1622=EDGE_LOOP('',(#808));
#1623=EDGE_LOOP('',(#809,#810,#811,#812));
#1624=EDGE_LOOP('',(#813,#814,#815,#816));
#1625=EDGE_LOOP('',(#817,#818,#819,#820));
#1626=EDGE_LOOP('',(#821,#822,#823,#824));
#1627=EDGE_LOOP('',(#825,#826,#827,#828));
#1628=EDGE_LOOP('',(#829,#830,#831,#832));
#1629=EDGE_LOOP('',(#833,#834,#835,#836));
#1630=EDGE_LOOP('',(#837,#838,#839,#840));
#1631=EDGE_LOOP('',(#841,#842,#843,#844));
#1632=EDGE_LOOP('',(#845,#846,#847));
#1633=EDGE_LOOP('',(#848,#849,#850,#851));
#1634=EDGE_LOOP('',(#852,#853,#854,#855));
#1635=EDGE_LOOP('',(#856,#857,#858,#859));
#1636=EDGE_LOOP('',(#860,#861,#862,#863));
#1637=EDGE_LOOP('',(#864,#865,#866));
#1638=EDGE_LOOP('',(#867,#868,#869));
#1639=EDGE_LOOP('',(#870,#871,#872,#873));
#1640=EDGE_LOOP('',(#874,#875,#876,#877));
#1641=EDGE_LOOP('',(#878,#879,#880));
#1642=EDGE_LOOP('',(#881,#882,#883,#884));
#1643=EDGE_LOOP('',(#885,#886,#887,#888));
#1644=EDGE_LOOP('',(#889,#890,#891,#892));
#1645=EDGE_LOOP('',(#893,#894,#895,#896));
#1646=EDGE_LOOP('',(#897,#898,#899,#900));
#1647=EDGE_LOOP('',(#901,#902,#903,#904));
#1648=EDGE_LOOP('',(#905,#906,#907,#908));
#1649=EDGE_LOOP('',(#909,#910,#911,#912));
#1650=EDGE_LOOP('',(#913,#914,#915,#916));
#1651=EDGE_LOOP('',(#917,#918,#919,#920));
#1652=EDGE_LOOP('',(#921,#922,#923,#924));
#1653=EDGE_LOOP('',(#925,#926,#927,#928));
#1654=EDGE_LOOP('',(#929,#930,#931,#932));
#1655=EDGE_LOOP('',(#933,#934,#935,#936));
#1656=EDGE_LOOP('',(#937,#938,#939,#940));
#1657=EDGE_LOOP('',(#941,#942,#943,#944));
#1658=EDGE_LOOP('',(#945,#946,#947,#948));
#1659=EDGE_LOOP('',(#949,#950,#951,#952));
#1660=EDGE_LOOP('',(#953,#954,#955,#956));
#1661=EDGE_LOOP('',(#957,#958,#959,#960));
#1662=EDGE_LOOP('',(#961,#962,#963,#964,#965));
#1663=EDGE_LOOP('',(#966,#967,#968,#969));
#1664=EDGE_LOOP('',(#970,#971,#972,#973));
#1665=EDGE_LOOP('',(#974,#975,#976,#977));
#1666=EDGE_LOOP('',(#978,#979,#980,#981));
#1667=EDGE_LOOP('',(#982,#983,#984,#985));
#1668=EDGE_LOOP('',(#986,#987,#988,#989));
#1669=EDGE_LOOP('',(#990,#991,#992,#993));
#1670=FACE_BOUND('',#1545,.T.);
#1671=FACE_BOUND('',#1546,.T.);
#1672=FACE_BOUND('',#1547,.T.);
#1673=FACE_BOUND('',#1548,.T.);
#1674=FACE_BOUND('',#1549,.T.);
#1675=FACE_BOUND('',#1550,.T.);
#1676=FACE_BOUND('',#1551,.T.);
#1677=FACE_BOUND('',#1552,.T.);
#1678=FACE_BOUND('',#1553,.T.);
#1679=FACE_BOUND('',#1554,.T.);
#1680=FACE_BOUND('',#1555,.T.);
#1681=FACE_BOUND('',#1556,.T.);
#1682=FACE_BOUND('',#1557,.T.);
#1683=FACE_BOUND('',#1558,.T.);
#1684=FACE_BOUND('',#1559,.T.);
#1685=FACE_BOUND('',#1560,.T.);
#1686=FACE_BOUND('',#1561,.T.);
#1687=FACE_BOUND('',#1562,.T.);
#1688=FACE_BOUND('',#1563,.T.);
#1689=FACE_BOUND('',#1564,.T.);
#1690=FACE_BOUND('',#1565,.T.);
#1691=FACE_BOUND('',#1566,.T.);
#1692=FACE_BOUND('',#1567,.T.);
#1693=FACE_BOUND('',#1568,.T.);
#1694=FACE_BOUND('',#1569,.T.);
#1695=FACE_BOUND('',#1570,.T.);
#1696=FACE_BOUND('',#1571,.T.);
#1697=FACE_BOUND('',#1572,.T.);
#1698=FACE_BOUND('',#1573,.T.);
#1699=FACE_BOUND('',#1574,.T.);
#1700=FACE_BOUND('',#1575,.T.);
#1701=FACE_BOUND('',#1576,.T.);
#1702=FACE_BOUND('',#1577,.T.);
#1703=FACE_BOUND('',#1578,.T.);
#1704=FACE_BOUND('',#1579,.T.);
#1705=FACE_BOUND('',#1580,.T.);
#1706=FACE_BOUND('',#1581,.T.);
#1707=FACE_BOUND('',#1582,.T.);
#1708=FACE_BOUND('',#1583,.T.);
#1709=FACE_BOUND('',#1584,.T.);
#1710=FACE_BOUND('',#1585,.T.);
#1711=FACE_BOUND('',#1586,.T.);
#1712=FACE_BOUND('',#1587,.T.);
#1713=FACE_BOUND('',#1588,.T.);
#1714=FACE_BOUND('',#1589,.T.);
#1715=FACE_BOUND('',#1590,.T.);
#1716=FACE_BOUND('',#1591,.T.);
#1717=FACE_BOUND('',#1592,.T.);
#1718=FACE_BOUND('',#1593,.T.);
#1719=FACE_BOUND('',#1594,.T.);
#1720=FACE_BOUND('',#1595,.T.);
#1721=FACE_BOUND('',#1596,.T.);
#1722=FACE_BOUND('',#1597,.T.);
#1723=FACE_BOUND('',#1598,.T.);
#1724=FACE_BOUND('',#1599,.T.);
#1725=FACE_BOUND('',#1600,.T.);
#1726=FACE_BOUND('',#1601,.T.);
#1727=FACE_BOUND('',#1602,.T.);
#1728=FACE_BOUND('',#1603,.T.);
#1729=FACE_BOUND('',#1604,.T.);
#1730=FACE_BOUND('',#1605,.T.);
#1731=FACE_BOUND('',#1606,.T.);
#1732=FACE_BOUND('',#1607,.T.);
#1733=FACE_BOUND('',#1608,.T.);
#1734=FACE_BOUND('',#1609,.T.);
#1735=FACE_BOUND('',#1610,.T.);
#1736=FACE_BOUND('',#1611,.T.);
#1737=FACE_BOUND('',#1612,.T.);
#1738=FACE_BOUND('',#1613,.T.);
#1739=FACE_BOUND('',#1614,.T.);
#1740=FACE_BOUND('',#1615,.T.);
#1741=FACE_BOUND('',#1616,.T.);
#1742=FACE_BOUND('',#1617,.T.);
#1743=FACE_BOUND('',#1618,.T.);
#1744=FACE_BOUND('',#1619,.T.);
#1745=FACE_BOUND('',#1620,.T.);
#1746=FACE_BOUND('',#1621,.T.);
#1747=FACE_BOUND('',#1622,.T.);
#1748=FACE_BOUND('',#1623,.T.);
#1749=FACE_BOUND('',#1624,.T.);
#1750=FACE_BOUND('',#1625,.T.);
#1751=FACE_BOUND('',#1626,.T.);
#1752=FACE_BOUND('',#1627,.T.);
#1753=FACE_BOUND('',#1628,.T.);
#1754=FACE_BOUND('',#1629,.T.);
#1755=FACE_BOUND('',#1630,.T.);
#1756=FACE_BOUND('',#1631,.T.);
#1757=FACE_BOUND('',#1632,.T.);
#1758=FACE_BOUND('',#1633,.T.);
#1759=FACE_BOUND('',#1634,.T.);
#1760=FACE_BOUND('',#1635,.T.);
#1761=FACE_BOUND('',#1636,.T.);
#1762=FACE_BOUND('',#1637,.T.);
#1763=FACE_BOUND('',#1638,.T.);
#1764=FACE_BOUND('',#1639,.T.);
#1765=FACE_BOUND('',#1640,.T.);
#1766=FACE_BOUND('',#1641,.T.);
#1767=FACE_BOUND('',#1642,.T.);
#1768=FACE_BOUND('',#1643,.T.);
#1769=FACE_BOUND('',#1644,.T.);
#1770=FACE_BOUND('',#1645,.T.);
#1771=FACE_BOUND('',#1646,.T.);
#1772=FACE_BOUND('',#1647,.T.);
#1773=FACE_BOUND('',#1648,.T.);
#1774=FACE_BOUND('',#1649,.T.);
#1775=FACE_BOUND('',#1650,.T.);
#1776=FACE_BOUND('',#1651,.T.);
#1777=FACE_BOUND('',#1652,.T.);
#1778=FACE_BOUND('',#1653,.T.);
#1779=FACE_BOUND('',#1654,.T.);
#1780=FACE_BOUND('',#1655,.T.);
#1781=FACE_BOUND('',#1656,.T.);
#1782=FACE_BOUND('',#1657,.T.);
#1783=FACE_BOUND('',#1658,.T.);
#1784=FACE_BOUND('',#1659,.T.);
#1785=FACE_BOUND('',#1660,.T.);
#1786=FACE_BOUND('',#1661,.T.);
#1787=FACE_BOUND('',#1662,.T.);
#1788=FACE_BOUND('',#1663,.T.);
#1789=FACE_BOUND('',#1664,.T.);
#1790=FACE_BOUND('',#1665,.T.);
#1791=FACE_BOUND('',#1666,.T.);
#1792=FACE_BOUND('',#1667,.T.);
#1793=FACE_BOUND('',#1668,.T.);
#1794=FACE_BOUND('',#1669,.T.);
#1795=CYLINDRICAL_SURFACE('',#1958,0.08006225);
#1796=CYLINDRICAL_SURFACE('',#1978,0.07846225);
#1797=CYLINDRICAL_SURFACE('',#1981,0.07846225);
#1798=CYLINDRICAL_SURFACE('',#1983,0.08006225);
#1799=CYLINDRICAL_SURFACE('',#2008,0.07846225);
#1800=CYLINDRICAL_SURFACE('',#2011,0.07846225);
#1801=CYLINDRICAL_SURFACE('',#2036,0.00525);
#1802=CYLINDRICAL_SURFACE('',#2037,0.00525);
#1803=CYLINDRICAL_SURFACE('',#2039,0.00525);
#1804=CYLINDRICAL_SURFACE('',#2041,0.00525);
#1805=CYLINDRICAL_SURFACE('',#2043,0.00325);
#1806=CYLINDRICAL_SURFACE('',#2046,0.00325);
#1807=CYLINDRICAL_SURFACE('',#2050,0.00325);
#1808=CYLINDRICAL_SURFACE('',#2061,0.00325);
#1809=CYLINDRICAL_SURFACE('',#2062,0.00125);
#1810=CYLINDRICAL_SURFACE('',#2065,0.00125);
#1811=CYLINDRICAL_SURFACE('',#2067,0.00125);
#1812=CYLINDRICAL_SURFACE('',#2069,0.00125);
#1813=CYLINDRICAL_SURFACE('',#2071,0.004);
#1814=CYLINDRICAL_SURFACE('',#2073,0.002125);
#1815=CYLINDRICAL_SURFACE('',#2076,0.00525);
#1816=CYLINDRICAL_SURFACE('',#2078,0.00525);
#1817=CYLINDRICAL_SURFACE('',#2079,0.002125);
#1818=CYLINDRICAL_SURFACE('',#2081,0.004);
#1819=CYLINDRICAL_SURFACE('',#2087,0.001);
#1820=CYLINDRICAL_SURFACE('',#2095,0.001);
#1821=CYLINDRICAL_SURFACE('',#2097,0.001);
#1822=CYLINDRICAL_SURFACE('',#2102,0.001);
#1823=CYLINDRICAL_SURFACE('',#2104,0.001);
#1824=CYLINDRICAL_SURFACE('',#2108,0.001);
#1825=CYLINDRICAL_SURFACE('',#2116,0.001);
#1826=CYLINDRICAL_SURFACE('',#2120,0.001);
#1827=CYLINDRICAL_SURFACE('',#2124,0.001);
#1828=CYLINDRICAL_SURFACE('',#2126,0.001);
#1829=CYLINDRICAL_SURFACE('',#2132,0.001);
#1830=CYLINDRICAL_SURFACE('',#2134,0.001);
#1831=CYLINDRICAL_SURFACE('',#2148,0.0025);
#1832=CYLINDRICAL_SURFACE('',#2150,0.0025);
#1833=CYLINDRICAL_SURFACE('',#2152,0.0015);
#1834=CYLINDRICAL_SURFACE('',#2154,0.0015);
#1835=ADVANCED_FACE('',(#1670,#1671),#1795,.T.);
#1836=ADVANCED_FACE('',(#1672,#1673),#28,.T.);
#1837=ADVANCED_FACE('',(#1674),#29,.T.);
#1838=ADVANCED_FACE('',(#1675,#1676),#30,.F.);
#1839=ADVANCED_FACE('',(#1677,#1678),#31,.T.);
#1840=ADVANCED_FACE('',(#1679),#32,.T.);
#1841=ADVANCED_FACE('',(#1680),#1796,.F.);
#1842=ADVANCED_FACE('',(#1681),#1797,.F.);
#1843=ADVANCED_FACE('',(#1682,#1683),#1798,.T.);
#1844=ADVANCED_FACE('',(#1684),#33,.F.);
#1845=ADVANCED_FACE('',(#1685,#1686),#34,.T.);
#1846=ADVANCED_FACE('',(#1687,#1688),#35,.T.);
#1847=ADVANCED_FACE('',(#1689,#1690),#36,.F.);
#1848=ADVANCED_FACE('',(#1691),#37,.T.);
#1849=ADVANCED_FACE('',(#1692),#38,.F.);
#1850=ADVANCED_FACE('',(#1693),#39,.F.);
#1851=ADVANCED_FACE('',(#1694),#40,.T.);
#1852=ADVANCED_FACE('',(#1695),#41,.T.);
#1853=ADVANCED_FACE('',(#1696),#1799,.F.);
#1854=ADVANCED_FACE('',(#1697),#42,.F.);
#1855=ADVANCED_FACE('',(#1698),#1800,.F.);
#1856=ADVANCED_FACE('',(#1699,#1700,#1701,#1702),#43,.T.);
#1857=ADVANCED_FACE('',(#1703),#44,.T.);
#1858=ADVANCED_FACE('',(#1704),#45,.F.);
#1859=ADVANCED_FACE('',(#1705),#46,.F.);
#1860=ADVANCED_FACE('',(#1706,#1707),#47,.F.);
#1861=ADVANCED_FACE('',(#1708),#1801,.T.);
#1862=ADVANCED_FACE('',(#1709),#1802,.T.);
#1863=ADVANCED_FACE('',(#1710),#48,.F.);
#1864=ADVANCED_FACE('',(#1711),#1803,.T.);
#1865=ADVANCED_FACE('',(#1712),#49,.T.);
#1866=ADVANCED_FACE('',(#1713),#1804,.T.);
#1867=ADVANCED_FACE('',(#1714),#50,.T.);
#1868=ADVANCED_FACE('',(#1715),#1805,.F.);
#1869=ADVANCED_FACE('',(#1716),#51,.F.);
#1870=ADVANCED_FACE('',(#1717),#1806,.F.);
#1871=ADVANCED_FACE('',(#1718),#52,.F.);
#1872=ADVANCED_FACE('',(#1719),#1807,.F.);
#1873=ADVANCED_FACE('',(#1720,#1721),#53,.T.);
#1874=ADVANCED_FACE('',(#1722),#54,.T.);
#1875=ADVANCED_FACE('',(#1723),#55,.T.);
#1876=ADVANCED_FACE('',(#1724),#1808,.F.);
#1877=ADVANCED_FACE('',(#1725),#1809,.F.);
#1878=ADVANCED_FACE('',(#1726),#56,.T.);
#1879=ADVANCED_FACE('',(#1727),#57,.F.);
#1880=ADVANCED_FACE('',(#1728),#1810,.F.);
#1881=ADVANCED_FACE('',(#1729),#58,.F.);
#1882=ADVANCED_FACE('',(#1730),#1811,.F.);
#1883=ADVANCED_FACE('',(#1731),#59,.T.);
#1884=ADVANCED_FACE('',(#1732),#1812,.F.);
#1885=ADVANCED_FACE('',(#1733),#60,.F.);
#1886=ADVANCED_FACE('',(#1734),#1813,.T.);
#1887=ADVANCED_FACE('',(#1735),#61,.T.);
#1888=ADVANCED_FACE('',(#1736,#1737),#1814,.F.);
#1889=ADVANCED_FACE('',(#1738),#62,.F.);
#1890=ADVANCED_FACE('',(#1739),#1815,.T.);
#1891=ADVANCED_FACE('',(#1740),#63,.T.);
#1892=ADVANCED_FACE('',(#1741),#1816,.T.);
#1893=ADVANCED_FACE('',(#1742,#1743),#1817,.F.);
#1894=ADVANCED_FACE('',(#1744),#1818,.T.);
#1895=ADVANCED_FACE('',(#1745),#64,.T.);
#1896=ADVANCED_FACE('',(#1746),#65,.F.);
#1897=ADVANCED_FACE('',(#1747),#66,.T.);
#1898=ADVANCED_FACE('',(#1748),#24,.T.);
#1899=ADVANCED_FACE('',(#1749),#1819,.T.);
#1900=ADVANCED_FACE('',(#1750),#16,.T.);
#1901=ADVANCED_FACE('',(#1751),#25,.T.);
#1902=ADVANCED_FACE('',(#1752),#26,.T.);
#1903=ADVANCED_FACE('',(#1753),#17,.T.);
#1904=ADVANCED_FACE('',(#1754),#1820,.T.);
#1905=ADVANCED_FACE('',(#1755),#27,.T.);
#1906=ADVANCED_FACE('',(#1756),#1821,.T.);
#1907=ADVANCED_FACE('',(#1757),#12,.T.);
#1908=ADVANCED_FACE('',(#1758),#1822,.T.);
#1909=ADVANCED_FACE('',(#1759),#1823,.T.);
#1910=ADVANCED_FACE('',(#1760),#18,.T.);
#1911=ADVANCED_FACE('',(#1761),#1824,.T.);
#1912=ADVANCED_FACE('',(#1762),#13,.T.);
#1913=ADVANCED_FACE('',(#1763),#14,.T.);
#1914=ADVANCED_FACE('',(#1764),#19,.T.);
#1915=ADVANCED_FACE('',(#1765),#1825,.T.);
#1916=ADVANCED_FACE('',(#1766),#15,.T.);
#1917=ADVANCED_FACE('',(#1767),#1826,.T.);
#1918=ADVANCED_FACE('',(#1768),#20,.T.);
#1919=ADVANCED_FACE('',(#1769),#1827,.T.);
#1920=ADVANCED_FACE('',(#1770),#1828,.T.);
#1921=ADVANCED_FACE('',(#1771),#21,.T.);
#1922=ADVANCED_FACE('',(#1772),#22,.T.);
#1923=ADVANCED_FACE('',(#1773),#1829,.T.);
#1924=ADVANCED_FACE('',(#1774),#1830,.T.);
#1925=ADVANCED_FACE('',(#1775),#23,.T.);
#1926=ADVANCED_FACE('',(#1776),#67,.T.);
#1927=ADVANCED_FACE('',(#1777),#68,.F.);
#1928=ADVANCED_FACE('',(#1778),#69,.F.);
#1929=ADVANCED_FACE('',(#1779),#70,.T.);
#1930=ADVANCED_FACE('',(#1780),#71,.T.);
#1931=ADVANCED_FACE('',(#1781),#72,.T.);
#1932=ADVANCED_FACE('',(#1782),#73,.F.);
#1933=ADVANCED_FACE('',(#1783),#74,.F.);
#1934=ADVANCED_FACE('',(#1784),#75,.T.);
#1935=ADVANCED_FACE('',(#1785),#76,.T.);
#1936=ADVANCED_FACE('',(#1786),#77,.F.);
#1937=ADVANCED_FACE('',(#1787),#1831,.T.);
#1938=ADVANCED_FACE('',(#1788),#78,.T.);
#1939=ADVANCED_FACE('',(#1789),#1832,.T.);
#1940=ADVANCED_FACE('',(#1790),#79,.F.);
#1941=ADVANCED_FACE('',(#1791),#1833,.F.);
#1942=ADVANCED_FACE('',(#1792),#80,.T.);
#1943=ADVANCED_FACE('',(#1793),#1834,.F.);
#1944=ADVANCED_FACE('',(#1794),#81,.F.);
#1945=CLOSED_SHELL('',(#1835,#1836,#1837,#1838,#1839,#1840,#1841,#1842,
#1843,#1844,#1845,#1846,#1847,#1848,#1849,#1850,#1851,#1852,#1853,#1854,
#1855,#1856,#1857,#1858,#1859,#1860,#1861,#1862,#1863,#1864,#1865,#1866,
#1867,#1868,#1869,#1870,#1871,#1872,#1873,#1874,#1875,#1876,#1877,#1878,
#1879,#1880,#1881,#1882,#1883,#1884,#1885,#1886,#1887,#1888,#1889,#1890,
#1891,#1892,#1893,#1894,#1895,#1896,#1897,#1898,#1899,#1900,#1901,#1902,
#1903,#1904,#1905,#1906,#1907,#1908,#1909,#1910,#1911,#1912,#1913,#1914,
#1915,#1916,#1917,#1918,#1919,#1920,#1921,#1922,#1923,#1924,#1925,#1926,
#1927,#1928,#1929,#1930,#1931,#1932,#1933,#1934,#1935,#1936,#1937,#1938,
#1939,#1940,#1941,#1942,#1943,#1944));
#1946=STYLED_ITEM('',(#1947),#1954);
#1947=PRESENTATION_STYLE_ASSIGNMENT((#1948));
#1948=SURFACE_STYLE_USAGE(.BOTH.,#1949);
#1949=SURFACE_SIDE_STYLE('',(#1950));
#1950=SURFACE_STYLE_FILL_AREA(#1951);
#1951=FILL_AREA_STYLE('',(#1952));
#1952=FILL_AREA_STYLE_COLOUR('',#1953);
#1953=COLOUR_RGB('',0.615686274509804,0.811764705882353,0.929411764705882);
#1954=MANIFOLD_SOLID_BREP('TopHousing',#1945);
#1955=SHAPE_DEFINITION_REPRESENTATION(#3440,#1956);
#1956=SHAPE_REPRESENTATION('TopHousing',(#1957),#3435);
#1957=AXIS2_PLACEMENT_3D('',#2721,#2156,#2157);
#1958=AXIS2_PLACEMENT_3D('',#2722,#2158,#2159);
#1959=AXIS2_PLACEMENT_3D('',#2723,#2160,#2161);
#1960=AXIS2_PLACEMENT_3D('',#2728,#2163,#2164);
#1961=AXIS2_PLACEMENT_3D('',#2731,#2166,#2167);
#1962=AXIS2_PLACEMENT_3D('',#2742,#2168,#2169);
#1963=AXIS2_PLACEMENT_3D('',#2751,#2170,#2171);
#1964=AXIS2_PLACEMENT_3D('',#2761,#2176,#2177);
#1965=AXIS2_PLACEMENT_3D('',#2765,#2179,#2180);
#1966=AXIS2_PLACEMENT_3D('',#2775,#2185,#2186);
#1967=AXIS2_PLACEMENT_3D('',#2779,#2188,#2189);
#1968=AXIS2_PLACEMENT_3D('',#2780,#2190,#2191);
#1969=AXIS2_PLACEMENT_3D('',#2781,#2192,#2193);
#1970=AXIS2_PLACEMENT_3D('',#2791,#2198,#2199);
#1971=AXIS2_PLACEMENT_3D('',#2795,#2201,#2202);
#1972=AXIS2_PLACEMENT_3D('',#2798,#2204,#2205);
#1973=AXIS2_PLACEMENT_3D('',#2815,#2214,#2215);
#1974=AXIS2_PLACEMENT_3D('',#2832,#2224,#2225);
#1975=AXIS2_PLACEMENT_3D('',#2835,#2227,#2228);
#1976=AXIS2_PLACEMENT_3D('',#2839,#2230,#2231);
#1977=AXIS2_PLACEMENT_3D('',#2843,#2233,#2234);
#1978=AXIS2_PLACEMENT_3D('',#2850,#2238,#2239);
#1979=AXIS2_PLACEMENT_3D('',#2859,#2241,#2242);
#1980=AXIS2_PLACEMENT_3D('',#2869,#2244,#2245);
#1981=AXIS2_PLACEMENT_3D('',#2872,#2247,#2248);
#1982=AXIS2_PLACEMENT_3D('',#2877,#2251,#2252);
#1983=AXIS2_PLACEMENT_3D('',#2878,#2253,#2254);
#1984=AXIS2_PLACEMENT_3D('',#2879,#2255,#2256);
#1985=AXIS2_PLACEMENT_3D('',#2896,#2258,#2259);
#1986=AXIS2_PLACEMENT_3D('',#2911,#2261,#2262);
#1987=AXIS2_PLACEMENT_3D('',#2916,#2264,#2265);
#1988=AXIS2_PLACEMENT_3D('',#2919,#2267,#2268);
#1989=AXIS2_PLACEMENT_3D('',#2920,#2269,#2270);
#1990=AXIS2_PLACEMENT_3D('',#2925,#2273,#2274);
#1991=AXIS2_PLACEMENT_3D('',#2944,#2285,#2286);
#1992=AXIS2_PLACEMENT_3D('',#2948,#2288,#2289);
#1993=AXIS2_PLACEMENT_3D('',#2952,#2291,#2292);
#1994=AXIS2_PLACEMENT_3D('',#2956,#2294,#2295);
#1995=AXIS2_PLACEMENT_3D('',#2960,#2297,#2298);
#1996=AXIS2_PLACEMENT_3D('',#2961,#2299,#2300);
#1997=AXIS2_PLACEMENT_3D('',#2966,#2302,#2303);
#1998=AXIS2_PLACEMENT_3D('',#2969,#2305,#2306);
#1999=AXIS2_PLACEMENT_3D('',#2973,#2308,#2309);
#2000=AXIS2_PLACEMENT_3D('',#2977,#2311,#2312);
#2001=AXIS2_PLACEMENT_3D('',#2981,#2314,#2315);
#2002=AXIS2_PLACEMENT_3D('',#2985,#2317,#2318);
#2003=AXIS2_PLACEMENT_3D('',#2994,#2323,#2324);
#2004=AXIS2_PLACEMENT_3D('',#2997,#2327,#2328);
#2005=AXIS2_PLACEMENT_3D('',#2999,#2330,#2331);
#2006=AXIS2_PLACEMENT_3D('',#3001,#2333,#2334);
#2007=AXIS2_PLACEMENT_3D('',#3002,#2335,#2336);
#2008=AXIS2_PLACEMENT_3D('',#3004,#2338,#2339);
#2009=AXIS2_PLACEMENT_3D('',#3009,#2342,#2343);
#2010=AXIS2_PLACEMENT_3D('',#3010,#2344,#2345);
#2011=AXIS2_PLACEMENT_3D('',#3014,#2348,#2349);
#2012=AXIS2_PLACEMENT_3D('',#3023,#2351,#2352);
#2013=AXIS2_PLACEMENT_3D('',#3037,#2354,#2355);
#2014=AXIS2_PLACEMENT_3D('',#3038,#2356,#2357);
#2015=AXIS2_PLACEMENT_3D('',#3041,#2359,#2360);
#2016=AXIS2_PLACEMENT_3D('',#3046,#2363,#2364);
#2017=AXIS2_PLACEMENT_3D('',#3049,#2366,#2367);
#2018=AXIS2_PLACEMENT_3D('',#3050,#2368,#2369);
#2019=AXIS2_PLACEMENT_3D('',#3051,#2370,#2371);
#2020=AXIS2_PLACEMENT_3D('',#3052,#2372,#2373);
#2021=AXIS2_PLACEMENT_3D('',#3053,#2374,#2375);
#2022=AXIS2_PLACEMENT_3D('',#3055,#2376,#2377);
#2023=AXIS2_PLACEMENT_3D('',#3057,#2378,#2379);
#2024=AXIS2_PLACEMENT_3D('',#3059,#2381,#2382);
#2025=AXIS2_PLACEMENT_3D('',#3060,#2383,#2384);
#2026=AXIS2_PLACEMENT_3D('',#3061,#2385,#2386);
#2027=AXIS2_PLACEMENT_3D('',#3062,#2387,#2388);
#2028=AXIS2_PLACEMENT_3D('',#3063,#2389,#2390);
#2029=AXIS2_PLACEMENT_3D('',#3068,#2392,#2393);
#2030=AXIS2_PLACEMENT_3D('',#3072,#2395,#2396);
#2031=AXIS2_PLACEMENT_3D('',#3076,#2398,#2399);
#2032=AXIS2_PLACEMENT_3D('',#3079,#2401,#2402);
#2033=AXIS2_PLACEMENT_3D('',#3081,#2403,#2404);
#2034=AXIS2_PLACEMENT_3D('',#3085,#2406,#2407);
#2035=AXIS2_PLACEMENT_3D('',#3089,#2409,#2410);
#2036=AXIS2_PLACEMENT_3D('',#3092,#2412,#2413);
#2037=AXIS2_PLACEMENT_3D('',#3094,#2415,#2416);
#2038=AXIS2_PLACEMENT_3D('',#3101,#2418,#2419);
#2039=AXIS2_PLACEMENT_3D('',#3105,#2422,#2423);
#2040=AXIS2_PLACEMENT_3D('',#3116,#2426,#2427);
#2041=AXIS2_PLACEMENT_3D('',#3118,#2429,#2430);
#2042=AXIS2_PLACEMENT_3D('',#3120,#2432,#2433);
#2043=AXIS2_PLACEMENT_3D('',#3121,#2434,#2435);
#2044=AXIS2_PLACEMENT_3D('',#3133,#2438,#2439);
#2045=AXIS2_PLACEMENT_3D('',#3134,#2440,#2441);
#2046=AXIS2_PLACEMENT_3D('',#3140,#2445,#2446);
#2047=AXIS2_PLACEMENT_3D('',#3149,#2448,#2449);
#2048=AXIS2_PLACEMENT_3D('',#3150,#2450,#2451);
#2049=AXIS2_PLACEMENT_3D('',#3151,#2452,#2453);
#2050=AXIS2_PLACEMENT_3D('',#3156,#2456,#2457);
#2051=AXIS2_PLACEMENT_3D('',#3165,#2459,#2460);
#2052=AXIS2_PLACEMENT_3D('',#3166,#2461,#2462);
#2053=AXIS2_PLACEMENT_3D('',#3167,#2463,#2464);
#2054=AXIS2_PLACEMENT_3D('',#3172,#2466,#2467);
#2055=AXIS2_PLACEMENT_3D('',#3176,#2469,#2470);
#2056=AXIS2_PLACEMENT_3D('',#3180,#2472,#2473);
#2057=AXIS2_PLACEMENT_3D('',#3187,#2477,#2478);
#2058=AXIS2_PLACEMENT_3D('',#3188,#2479,#2480);
#2059=AXIS2_PLACEMENT_3D('',#3192,#2483,#2484);
#2060=AXIS2_PLACEMENT_3D('',#3195,#2486,#2487);
#2061=AXIS2_PLACEMENT_3D('',#3196,#2488,#2489);
#2062=AXIS2_PLACEMENT_3D('',#3202,#2490,#2491);
#2063=AXIS2_PLACEMENT_3D('',#3205,#2494,#2495);
#2064=AXIS2_PLACEMENT_3D('',#3207,#2497,#2498);
#2065=AXIS2_PLACEMENT_3D('',#3209,#2500,#2501);
#2066=AXIS2_PLACEMENT_3D('',#3211,#2503,#2504);
#2067=AXIS2_PLACEMENT_3D('',#3213,#2506,#2507);
#2068=AXIS2_PLACEMENT_3D('',#3215,#2509,#2510);
#2069=AXIS2_PLACEMENT_3D('',#3217,#2512,#2513);
#2070=AXIS2_PLACEMENT_3D('',#3218,#2514,#2515);
#2071=AXIS2_PLACEMENT_3D('',#3220,#2517,#2518);
#2072=AXIS2_PLACEMENT_3D('',#3222,#2520,#2521);
#2073=AXIS2_PLACEMENT_3D('',#3223,#2522,#2523);
#2074=AXIS2_PLACEMENT_3D('',#3251,#2526,#2527);
#2075=AXIS2_PLACEMENT_3D('',#3252,#2528,#2529);
#2076=AXIS2_PLACEMENT_3D('',#3255,#2532,#2533);
#2077=AXIS2_PLACEMENT_3D('',#3256,#2534,#2535);
#2078=AXIS2_PLACEMENT_3D('',#3258,#2537,#2538);
#2079=AXIS2_PLACEMENT_3D('',#3259,#2539,#2540);
#2080=AXIS2_PLACEMENT_3D('',#3260,#2541,#2542);
#2081=AXIS2_PLACEMENT_3D('',#3262,#2543,#2544);
#2082=AXIS2_PLACEMENT_3D('',#3267,#2548,#2549);
#2083=AXIS2_PLACEMENT_3D('',#3268,#2550,#2551);
#2084=AXIS2_PLACEMENT_3D('',#3270,#2553,#2554);
#2085=AXIS2_PLACEMENT_3D('',#3286,#2555,#2556);
#2086=AXIS2_PLACEMENT_3D('',#3287,#2557,#2558);
#2087=AXIS2_PLACEMENT_3D('',#3288,#2559,#2560);
#2088=AXIS2_PLACEMENT_3D('',#3289,#2561,#2562);
#2089=AXIS2_PLACEMENT_3D('',#3290,#2563,#2564);
#2090=AXIS2_PLACEMENT_3D('',#3291,#2565,#2566);
#2091=AXIS2_PLACEMENT_3D('',#3307,#2567,#2568);
#2092=AXIS2_PLACEMENT_3D('',#3323,#2569,#2570);
#2093=AXIS2_PLACEMENT_3D('',#3324,#2571,#2572);
#2094=AXIS2_PLACEMENT_3D('',#3325,#2573,#2574);
#2095=AXIS2_PLACEMENT_3D('',#3326,#2575,#2576);
#2096=AXIS2_PLACEMENT_3D('',#3327,#2577,#2578);
#2097=AXIS2_PLACEMENT_3D('',#3343,#2579,#2580);
#2098=AXIS2_PLACEMENT_3D('',#3344,#2581,#2582);
#2099=AXIS2_PLACEMENT_3D('',#3345,#2583,#2584);
#2100=AXIS2_PLACEMENT_3D('',#3346,#2585,#2586);
#2101=AXIS2_PLACEMENT_3D('',#3347,#2587,#2588);
#2102=AXIS2_PLACEMENT_3D('',#3348,#2589,#2590);
#2103=AXIS2_PLACEMENT_3D('',#3349,#2591,#2592);
#2104=AXIS2_PLACEMENT_3D('',#3350,#2593,#2594);
#2105=AXIS2_PLACEMENT_3D('',#3351,#2595,#2596);
#2106=AXIS2_PLACEMENT_3D('',#3352,#2597,#2598);
#2107=AXIS2_PLACEMENT_3D('',#3353,#2599,#2600);
#2108=AXIS2_PLACEMENT_3D('',#3354,#2601,#2602);
#2109=AXIS2_PLACEMENT_3D('',#3355,#2603,#2604);
#2110=AXIS2_PLACEMENT_3D('',#3356,#2605,#2606);
#2111=AXIS2_PLACEMENT_3D('',#3357,#2607,#2608);
#2112=AXIS2_PLACEMENT_3D('',#3358,#2609,#2610);
#2113=AXIS2_PLACEMENT_3D('',#3359,#2611,#2612);
#2114=AXIS2_PLACEMENT_3D('',#3360,#2613,#2614);
#2115=AXIS2_PLACEMENT_3D('',#3361,#2615,#2616);
#2116=AXIS2_PLACEMENT_3D('',#3362,#2617,#2618);
#2117=AXIS2_PLACEMENT_3D('',#3363,#2619,#2620);
#2118=AXIS2_PLACEMENT_3D('',#3364,#2621,#2622);
#2119=AXIS2_PLACEMENT_3D('',#3365,#2623,#2624);
#2120=AXIS2_PLACEMENT_3D('',#3366,#2625,#2626);
#2121=AXIS2_PLACEMENT_3D('',#3367,#2627,#2628);
#2122=AXIS2_PLACEMENT_3D('',#3368,#2629,#2630);
#2123=AXIS2_PLACEMENT_3D('',#3369,#2631,#2632);
#2124=AXIS2_PLACEMENT_3D('',#3370,#2633,#2634);
#2125=AXIS2_PLACEMENT_3D('',#3371,#2635,#2636);
#2126=AXIS2_PLACEMENT_3D('',#3372,#2637,#2638);
#2127=AXIS2_PLACEMENT_3D('',#3373,#2639,#2640);
#2128=AXIS2_PLACEMENT_3D('',#3374,#2641,#2642);
#2129=AXIS2_PLACEMENT_3D('',#3375,#2643,#2644);
#2130=AXIS2_PLACEMENT_3D('',#3376,#2645,#2646);
#2131=AXIS2_PLACEMENT_3D('',#3377,#2647,#2648);
#2132=AXIS2_PLACEMENT_3D('',#3378,#2649,#2650);
#2133=AXIS2_PLACEMENT_3D('',#3379,#2651,#2652);
#2134=AXIS2_PLACEMENT_3D('',#3380,#2653,#2654);
#2135=AXIS2_PLACEMENT_3D('',#3381,#2655,#2656);
#2136=AXIS2_PLACEMENT_3D('',#3382,#2657,#2658);
#2137=AXIS2_PLACEMENT_3D('',#3383,#2659,#2660);
#2138=AXIS2_PLACEMENT_3D('',#3389,#2664,#2665);
#2139=AXIS2_PLACEMENT_3D('',#3393,#2668,#2669);
#2140=AXIS2_PLACEMENT_3D('',#3397,#2672,#2673);
#2141=AXIS2_PLACEMENT_3D('',#3399,#2675,#2676);
#2142=AXIS2_PLACEMENT_3D('',#3400,#2677,#2678);
#2143=AXIS2_PLACEMENT_3D('',#3406,#2682,#2683);
#2144=AXIS2_PLACEMENT_3D('',#3410,#2686,#2687);
#2145=AXIS2_PLACEMENT_3D('',#3414,#2690,#2691);
#2146=AXIS2_PLACEMENT_3D('',#3416,#2693,#2694);
#2147=AXIS2_PLACEMENT_3D('',#3417,#2695,#2696);
#2148=AXIS2_PLACEMENT_3D('',#3419,#2698,#2699);
#2149=AXIS2_PLACEMENT_3D('',#3421,#2701,#2702);
#2150=AXIS2_PLACEMENT_3D('',#3423,#2704,#2705);
#2151=AXIS2_PLACEMENT_3D('',#3425,#2707,#2708);
#2152=AXIS2_PLACEMENT_3D('',#3426,#2709,#2710);
#2153=AXIS2_PLACEMENT_3D('',#3429,#2713,#2714);
#2154=AXIS2_PLACEMENT_3D('',#3431,#2716,#2717);
#2155=AXIS2_PLACEMENT_3D('',#3433,#2719,#2720);
#2156=DIRECTION('',(0.,0.,1.));
#2157=DIRECTION('',(1.,0.,0.));
#2158=DIRECTION('',(0.,0.,-1.));
#2159=DIRECTION('',(-1.,0.,0.));
#2160=DIRECTION('',(0.,0.,-1.));
#2161=DIRECTION('',(1.,0.,0.));
#2162=DIRECTION('',(0.,0.,-1.));
#2163=DIRECTION('',(0.,0.,1.));
#2164=DIRECTION('',(1.,0.,0.));
#2165=DIRECTION('',(0.,0.,-1.));
#2166=DIRECTION('',(0.,0.,1.));
#2167=DIRECTION('',(1.,0.,0.));
#2168=DIRECTION('',(0.,0.,1.));
#2169=DIRECTION('',(1.,0.,0.));
#2170=DIRECTION('',(0.,-1.,0.));
#2171=DIRECTION('',(0.,0.,-1.));
#2172=DIRECTION('',(1.,0.,0.));
#2173=DIRECTION('',(0.,0.,1.));
#2174=DIRECTION('',(1.,0.,0.));
#2175=DIRECTION('',(0.,0.,1.));
#2176=DIRECTION('',(0.,-1.,0.));
#2177=DIRECTION('',(0.,0.,-1.));
#2178=DIRECTION('',(1.,0.,0.));
#2179=DIRECTION('',(0.,1.,0.));
#2180=DIRECTION('',(0.,0.,-1.));
#2181=DIRECTION('',(0.,0.,-1.));
#2182=DIRECTION('',(1.,0.,0.));
#2183=DIRECTION('',(0.,0.,1.));
#2184=DIRECTION('',(-1.,0.,0.));
#2185=DIRECTION('',(0.,1.,0.));
#2186=DIRECTION('',(0.,0.,-1.));
#2187=DIRECTION('',(-1.,0.,0.));
#2188=DIRECTION('',(0.,-1.,0.));
#2189=DIRECTION('',(0.,0.,-1.));
#2190=DIRECTION('',(0.,0.,-1.));
#2191=DIRECTION('',(1.,0.,0.));
#2192=DIRECTION('',(0.,0.,-1.));
#2193=DIRECTION('',(-1.,0.,0.));
#2194=DIRECTION('',(0.,-1.,0.));
#2195=DIRECTION('',(-1.89328619479051E-16,1.,0.));
#2196=DIRECTION('',(1.,0.,0.));
#2197=DIRECTION('',(0.,1.,0.));
#2198=DIRECTION('',(0.,0.,1.));
#2199=DIRECTION('',(-1.,0.,0.));
#2200=DIRECTION('',(-1.65690340100759E-16,-1.,0.));
#2201=DIRECTION('',(0.,0.,-1.));
#2202=DIRECTION('',(-1.,0.,0.));
#2203=DIRECTION('',(0.,-1.,0.));
#2204=DIRECTION('',(1.,-2.01712032090326E-16,0.));
#2205=DIRECTION('',(2.01712032090326E-16,1.,0.));
#2206=DIRECTION('',(-2.01712032090326E-16,-1.,0.));
#2207=DIRECTION('',(0.,0.,1.));
#2208=DIRECTION('',(-2.01712032090326E-16,-1.,0.));
#2209=DIRECTION('',(0.,0.,-1.));
#2210=DIRECTION('',(-2.01712032090326E-16,-1.,0.));
#2211=DIRECTION('',(0.,0.,-1.));
#2212=DIRECTION('',(-2.01712032090326E-16,-1.,0.));
#2213=DIRECTION('',(0.,0.,-1.));
#2214=DIRECTION('',(1.,-2.01712032090326E-16,0.));
#2215=DIRECTION('',(2.01712032090326E-16,1.,0.));
#2216=DIRECTION('',(-2.01712032090326E-16,-1.,0.));
#2217=DIRECTION('',(0.,0.,-1.));
#2218=DIRECTION('',(-2.01712032090326E-16,-1.,0.));
#2219=DIRECTION('',(0.,0.,1.));
#2220=DIRECTION('',(0.,0.,-1.));
#2221=DIRECTION('',(2.01712032090326E-16,1.,9.91270557701033E-17));
#2222=DIRECTION('',(0.,0.,-1.));
#2223=DIRECTION('',(2.01712032090326E-16,1.,1.98254111540206E-16));
#2224=DIRECTION('',(0.,0.,-1.));
#2225=DIRECTION('',(1.,0.,0.));
#2226=DIRECTION('',(0.,-1.,0.));
#2227=DIRECTION('',(0.,0.,-1.));
#2228=DIRECTION('',(-1.,0.,0.));
#2229=DIRECTION('',(-1.65690340100759E-16,-1.,0.));
#2230=DIRECTION('',(0.,0.,1.));
#2231=DIRECTION('',(-1.,0.,0.));
#2232=DIRECTION('',(0.,1.,0.));
#2233=DIRECTION('',(0.,0.,-1.));
#2234=DIRECTION('',(-1.,0.,0.));
#2235=DIRECTION('',(0.,1.,0.));
#2236=DIRECTION('',(1.,0.,0.));
#2237=DIRECTION('',(-1.89328619479051E-16,1.,0.));
#2238=DIRECTION('',(0.,0.,1.));
#2239=DIRECTION('',(1.,0.,0.));
#2240=DIRECTION('',(0.,0.,1.));
#2241=DIRECTION('',(0.,0.,-1.));
#2242=DIRECTION('',(-1.,0.,0.));
#2243=DIRECTION('',(0.,0.,-1.));
#2244=DIRECTION('',(0.,0.,-1.));
#2245=DIRECTION('',(-1.,0.,0.));
#2246=DIRECTION('',(0.,0.,1.));
#2247=DIRECTION('',(0.,0.,1.));
#2248=DIRECTION('',(1.,0.,0.));
#2249=DIRECTION('',(0.,0.,-1.));
#2250=DIRECTION('',(0.,0.,1.));
#2251=DIRECTION('',(0.,0.,1.));
#2252=DIRECTION('',(-1.,0.,0.));
#2253=DIRECTION('',(0.,0.,-1.));
#2254=DIRECTION('',(-1.,0.,0.));
#2255=DIRECTION('',(0.,0.,-1.));
#2256=DIRECTION('',(-1.,0.,0.));
#2257=DIRECTION('',(0.,0.,-1.));
#2258=DIRECTION('',(0.,0.,-1.));
#2259=DIRECTION('',(-1.,0.,0.));
#2260=DIRECTION('',(0.,0.,-1.));
#2261=DIRECTION('',(0.,0.,1.));
#2262=DIRECTION('',(1.,0.,0.));
#2263=DIRECTION('',(0.,0.,-1.));
#2264=DIRECTION('',(0.,0.,1.));
#2265=DIRECTION('',(1.,0.,0.));
#2266=DIRECTION('',(0.,0.,-1.));
#2267=DIRECTION('',(0.,-1.,0.));
#2268=DIRECTION('',(0.,0.,-1.));
#2269=DIRECTION('',(0.,-1.,0.));
#2270=DIRECTION('',(0.,0.,-1.));
#2271=DIRECTION('',(1.,0.,0.));
#2272=DIRECTION('',(0.,0.,1.));
#2273=DIRECTION('',(0.,0.,-1.));
#2274=DIRECTION('',(1.,0.,0.));
#2275=DIRECTION('',(0.,1.,0.));
#2276=DIRECTION('',(1.,0.,0.));
#2277=DIRECTION('',(0.,1.,0.));
#2278=DIRECTION('',(1.,0.,0.));
#2279=DIRECTION('',(-1.89328619479051E-16,1.,0.));
#2280=DIRECTION('',(-1.89328619479051E-16,1.,0.));
#2281=DIRECTION('',(1.11450271505095E-16,-1.,0.));
#2282=DIRECTION('',(-1.,1.55163101607943E-16,0.));
#2283=DIRECTION('',(1.11450271505095E-16,-1.,0.));
#2284=DIRECTION('',(-1.,1.55163101607943E-16,0.));
#2285=DIRECTION('',(0.,0.,1.));
#2286=DIRECTION('',(1.,0.,0.));
#2287=DIRECTION('',(-1.94693992814456E-16,-1.,0.));
#2288=DIRECTION('',(0.,0.,1.));
#2289=DIRECTION('',(1.,0.,0.));
#2290=DIRECTION('',(1.,0.,0.));
#2291=DIRECTION('',(0.,0.,1.));
#2292=DIRECTION('',(1.,0.,0.));
#2293=DIRECTION('',(-1.94693992814456E-16,-1.,0.));
#2294=DIRECTION('',(0.,0.,1.));
#2295=DIRECTION('',(1.,0.,0.));
#2296=DIRECTION('',(1.,0.,0.));
#2297=DIRECTION('',(0.,0.,1.));
#2298=DIRECTION('',(1.,0.,0.));
#2299=DIRECTION('',(0.,0.,1.));
#2300=DIRECTION('',(1.,0.,0.));
#2301=DIRECTION('',(-2.01712032090326E-16,-1.,0.));
#2302=DIRECTION('',(0.,0.,1.));
#2303=DIRECTION('',(1.,0.,0.));
#2304=DIRECTION('',(-2.01712032090326E-16,-1.,0.));
#2305=DIRECTION('',(0.,0.,1.));
#2306=DIRECTION('',(1.,0.,0.));
#2307=DIRECTION('',(-1.,0.,0.));
#2308=DIRECTION('',(0.,0.,1.));
#2309=DIRECTION('',(1.,0.,0.));
#2310=DIRECTION('',(-1.94693992814456E-16,-1.,0.));
#2311=DIRECTION('',(0.,0.,1.));
#2312=DIRECTION('',(1.,0.,0.));
#2313=DIRECTION('',(1.,0.,0.));
#2314=DIRECTION('',(0.,0.,1.));
#2315=DIRECTION('',(1.,0.,0.));
#2316=DIRECTION('',(1.94693992814456E-16,1.,0.));
#2317=DIRECTION('',(0.,0.,1.));
#2318=DIRECTION('',(1.,0.,0.));
#2319=DIRECTION('',(-1.,1.55163101607943E-16,0.));
#2320=DIRECTION('',(1.11450271505095E-16,-1.,0.));
#2321=DIRECTION('',(-1.,1.55163101607943E-16,0.));
#2322=DIRECTION('',(1.11450271505095E-16,-1.,0.));
#2323=DIRECTION('',(-1.,-1.11450271505095E-16,0.));
#2324=DIRECTION('',(1.11450271505095E-16,-1.,0.));
#2325=DIRECTION('',(0.,0.,1.));
#2326=DIRECTION('',(0.,0.,1.));
#2327=DIRECTION('',(1.55163101607943E-16,1.,0.));
#2328=DIRECTION('',(-1.,1.55163101607943E-16,0.));
#2329=DIRECTION('',(0.,0.,1.));
#2330=DIRECTION('',(-1.,-1.11450271505095E-16,0.));
#2331=DIRECTION('',(1.11450271505095E-16,-1.,0.));
#2332=DIRECTION('',(0.,0.,1.));
#2333=DIRECTION('',(1.55163101607943E-16,1.,0.));
#2334=DIRECTION('',(-1.,1.55163101607943E-16,0.));
#2335=DIRECTION('',(-1.,1.65690340100759E-16,0.));
#2336=DIRECTION('',(-1.65690340100759E-16,-1.,0.));
#2337=DIRECTION('',(-1.65690340100759E-16,-1.,0.));
#2338=DIRECTION('',(0.,0.,1.));
#2339=DIRECTION('',(1.,0.,0.));
#2340=DIRECTION('',(0.,0.,-1.));
#2341=DIRECTION('',(0.,0.,1.));
#2342=DIRECTION('',(0.,0.,-1.));
#2343=DIRECTION('',(-1.,0.,0.));
#2344=DIRECTION('',(-1.,1.65690340100759E-16,0.));
#2345=DIRECTION('',(-1.65690340100759E-16,-1.,0.));
#2346=DIRECTION('',(0.,0.,1.));
#2347=DIRECTION('',(-1.65690340100759E-16,-1.,0.));
#2348=DIRECTION('',(0.,0.,1.));
#2349=DIRECTION('',(1.,0.,0.));
#2350=DIRECTION('',(0.,0.,-1.));
#2351=DIRECTION('',(0.,0.,1.));
#2352=DIRECTION('',(-1.,0.,0.));
#2353=DIRECTION('',(0.,0.,1.));
#2354=DIRECTION('',(0.,0.,-1.));
#2355=DIRECTION('',(-1.,0.,0.));
#2356=DIRECTION('',(0.,0.,-1.));
#2357=DIRECTION('',(1.,0.,0.));
#2358=DIRECTION('',(0.,1.,0.));
#2359=DIRECTION('',(0.,0.,-1.));
#2360=DIRECTION('',(-1.,0.,0.));
#2361=DIRECTION('',(0.,1.,0.));
#2362=DIRECTION('',(0.,-1.,0.));
#2363=DIRECTION('',(0.,0.,-1.));
#2364=DIRECTION('',(-1.,0.,0.));
#2365=DIRECTION('',(0.,-1.,0.));
#2366=DIRECTION('',(0.,0.,-1.));
#2367=DIRECTION('',(-1.,0.,0.));
#2368=DIRECTION('',(0.,0.,-1.));
#2369=DIRECTION('',(-1.,0.,0.));
#2370=DIRECTION('',(0.,0.,-1.));
#2371=DIRECTION('',(-1.,0.,0.));
#2372=DIRECTION('',(0.,0.,-1.));
#2373=DIRECTION('',(-1.,0.,0.));
#2374=DIRECTION('',(0.,0.,-1.));
#2375=DIRECTION('',(-1.,0.,0.));
#2376=DIRECTION('',(0.,0.,-1.));
#2377=DIRECTION('',(-1.,0.,0.));
#2378=DIRECTION('',(1.,1.89328619479051E-16,0.));
#2379=DIRECTION('',(-1.89328619479051E-16,1.,0.));
#2380=DIRECTION('',(0.,0.,1.));
#2381=DIRECTION('',(0.,-1.,0.));
#2382=DIRECTION('',(0.,0.,-1.));
#2383=DIRECTION('',(0.,-1.,0.));
#2384=DIRECTION('',(0.,0.,-1.));
#2385=DIRECTION('',(1.,1.89328619479051E-16,0.));
#2386=DIRECTION('',(-1.89328619479051E-16,1.,0.));
#2387=DIRECTION('',(0.,-1.,0.));
#2388=DIRECTION('',(1.,0.,0.));
#2389=DIRECTION('',(0.,-1.,0.));
#2390=DIRECTION('',(0.,0.,-1.));
#2391=DIRECTION('',(0.,0.,1.));
#2392=DIRECTION('',(0.,-1.,0.));
#2393=DIRECTION('',(0.,0.,-1.));
#2394=DIRECTION('',(-1.,0.,0.));
#2395=DIRECTION('',(0.,-1.,0.));
#2396=DIRECTION('',(0.,0.,-1.));
#2397=DIRECTION('',(0.,0.,1.));
#2398=DIRECTION('',(0.,-1.,0.));
#2399=DIRECTION('',(0.,0.,-1.));
#2400=DIRECTION('',(-1.,0.,0.));
#2401=DIRECTION('',(0.,-1.,0.));
#2402=DIRECTION('',(0.,0.,-1.));
#2403=DIRECTION('',(0.,-1.,0.));
#2404=DIRECTION('',(0.,0.,-1.));
#2405=DIRECTION('',(-1.73472347597681E-16,0.,1.));
#2406=DIRECTION('',(0.,-1.,0.));
#2407=DIRECTION('',(0.,0.,-1.));
#2408=DIRECTION('',(-1.,0.,0.));
#2409=DIRECTION('',(0.,-1.,0.));
#2410=DIRECTION('',(0.,0.,-1.));
#2411=DIRECTION('',(0.,0.,1.));
#2412=DIRECTION('',(0.,1.,0.));
#2413=DIRECTION('',(0.,0.,1.));
#2414=DIRECTION('',(0.,1.,0.));
#2415=DIRECTION('',(0.,1.,0.));
#2416=DIRECTION('',(0.,0.,1.));
#2417=DIRECTION('',(0.,1.,0.));
#2418=DIRECTION('',(-1.,0.,-1.73472347597681E-16));
#2419=DIRECTION('',(-1.73472347597681E-16,0.,1.));
#2420=DIRECTION('',(0.,0.,-1.));
#2421=DIRECTION('',(0.,1.,0.));
#2422=DIRECTION('',(0.,1.,0.));
#2423=DIRECTION('',(0.,0.,1.));
#2424=DIRECTION('',(0.,1.,0.));
#2425=DIRECTION('',(0.,1.,0.));
#2426=DIRECTION('',(0.,0.,-1.));
#2427=DIRECTION('',(-1.,0.,0.));
#2428=DIRECTION('',(0.,1.,0.));
#2429=DIRECTION('',(0.,1.,0.));
#2430=DIRECTION('',(0.,0.,1.));
#2431=DIRECTION('',(0.,1.,0.));
#2432=DIRECTION('',(-1.,0.,0.));
#2433=DIRECTION('',(0.,0.,1.));
#2434=DIRECTION('',(0.,1.,0.));
#2435=DIRECTION('',(0.,0.,1.));
#2436=DIRECTION('',(0.,1.,0.));
#2437=DIRECTION('',(0.,1.,0.));
#2438=DIRECTION('',(0.,-1.,0.));
#2439=DIRECTION('',(0.,0.,-1.));
#2440=DIRECTION('',(-1.,0.,0.));
#2441=DIRECTION('',(0.,0.,1.));
#2442=DIRECTION('',(0.,0.,-1.));
#2443=DIRECTION('',(0.,1.,0.));
#2444=DIRECTION('',(0.,0.,1.));
#2445=DIRECTION('',(0.,1.,0.));
#2446=DIRECTION('',(0.,0.,1.));
#2447=DIRECTION('',(0.,1.,0.));
#2448=DIRECTION('',(0.,-1.,0.));
#2449=DIRECTION('',(0.,0.,-1.));
#2450=DIRECTION('',(0.,0.,-1.));
#2451=DIRECTION('',(-1.,0.,0.));
#2452=DIRECTION('',(0.,0.,-1.));
#2453=DIRECTION('',(-1.,0.,0.));
#2454=DIRECTION('',(0.,1.,0.));
#2455=DIRECTION('',(-1.,0.,0.));
#2456=DIRECTION('',(0.,1.,0.));
#2457=DIRECTION('',(0.,0.,1.));
#2458=DIRECTION('',(0.,1.,0.));
#2459=DIRECTION('',(0.,-1.,0.));
#2460=DIRECTION('',(0.,0.,-1.));
#2461=DIRECTION('',(0.,-1.,0.));
#2462=DIRECTION('',(1.,0.,0.));
#2463=DIRECTION('',(0.,-1.,0.));
#2464=DIRECTION('',(0.,0.,-1.));
#2465=DIRECTION('',(0.,0.,1.));
#2466=DIRECTION('',(0.,-1.,0.));
#2467=DIRECTION('',(0.,0.,-1.));
#2468=DIRECTION('',(-1.,0.,0.));
#2469=DIRECTION('',(0.,-1.,0.));
#2470=DIRECTION('',(0.,0.,-1.));
#2471=DIRECTION('',(0.,0.,1.));
#2472=DIRECTION('',(0.,-1.,0.));
#2473=DIRECTION('',(0.,0.,-1.));
#2474=DIRECTION('',(-1.,0.,0.));
#2475=DIRECTION('',(-1.,0.,0.));
#2476=DIRECTION('',(-3.46944695195362E-16,0.,1.));
#2477=DIRECTION('',(0.,-1.,0.));
#2478=DIRECTION('',(0.,0.,-1.));
#2479=DIRECTION('',(-1.,0.,-3.46944695195362E-16));
#2480=DIRECTION('',(-3.46944695195362E-16,0.,1.));
#2481=DIRECTION('',(-3.46944695195362E-16,0.,1.));
#2482=DIRECTION('',(0.,1.,0.));
#2483=DIRECTION('',(0.,0.,-1.));
#2484=DIRECTION('',(-1.,0.,0.));
#2485=DIRECTION('',(0.,1.,0.));
#2486=DIRECTION('',(0.,0.,-1.));
#2487=DIRECTION('',(-1.,0.,0.));
#2488=DIRECTION('',(0.,1.,0.));
#2489=DIRECTION('',(0.,0.,1.));
#2490=DIRECTION('',(0.,1.,0.));
#2491=DIRECTION('',(0.,0.,1.));
#2492=DIRECTION('',(0.,1.,0.));
#2493=DIRECTION('',(0.,1.,0.));
#2494=DIRECTION('',(-1.,0.,0.));
#2495=DIRECTION('',(0.,0.,1.));
#2496=DIRECTION('',(0.,1.,0.));
#2497=DIRECTION('',(0.,0.,-1.));
#2498=DIRECTION('',(-1.,0.,0.));
#2499=DIRECTION('',(0.,1.,0.));
#2500=DIRECTION('',(0.,1.,0.));
#2501=DIRECTION('',(0.,0.,1.));
#2502=DIRECTION('',(0.,1.,0.));
#2503=DIRECTION('',(-1.,0.,0.));
#2504=DIRECTION('',(0.,0.,1.));
#2505=DIRECTION('',(0.,1.,0.));
#2506=DIRECTION('',(0.,1.,0.));
#2507=DIRECTION('',(0.,0.,1.));
#2508=DIRECTION('',(0.,1.,0.));
#2509=DIRECTION('',(0.,0.,-1.));
#2510=DIRECTION('',(-1.,0.,0.));
#2511=DIRECTION('',(0.,1.,0.));
#2512=DIRECTION('',(0.,1.,0.));
#2513=DIRECTION('',(0.,0.,1.));
#2514=DIRECTION('',(1.,0.,0.));
#2515=DIRECTION('',(0.,0.,-1.));
#2516=DIRECTION('',(0.,0.,-1.));
#2517=DIRECTION('',(0.,0.,-1.));
#2518=DIRECTION('',(-1.,0.,0.));
#2519=DIRECTION('',(0.,0.,-1.));
#2520=DIRECTION('',(1.,0.,0.));
#2521=DIRECTION('',(0.,0.,-1.));
#2522=DIRECTION('',(0.,0.,-1.));
#2523=DIRECTION('',(-1.,0.,0.));
#2524=DIRECTION('',(0.,0.,-1.));
#2525=DIRECTION('',(0.,0.,-1.));
#2526=DIRECTION('',(0.,0.,-1.));
#2527=DIRECTION('',(-1.,0.,0.));
#2528=DIRECTION('',(-1.,0.,-1.73472347597681E-16));
#2529=DIRECTION('',(-1.73472347597681E-16,0.,1.));
#2530=DIRECTION('',(0.,1.,0.));
#2531=DIRECTION('',(0.,1.,0.));
#2532=DIRECTION('',(0.,1.,0.));
#2533=DIRECTION('',(0.,0.,1.));
#2534=DIRECTION('',(0.,0.,-1.));
#2535=DIRECTION('',(1.,0.,0.));
#2536=DIRECTION('',(0.,1.,0.));
#2537=DIRECTION('',(0.,1.,0.));
#2538=DIRECTION('',(0.,0.,1.));
#2539=DIRECTION('',(0.,0.,-1.));
#2540=DIRECTION('',(-1.,0.,0.));
#2541=DIRECTION('',(0.,0.,-1.));
#2542=DIRECTION('',(-1.,0.,0.));
#2543=DIRECTION('',(0.,0.,-1.));
#2544=DIRECTION('',(-1.,0.,0.));
#2545=DIRECTION('',(0.,0.,-1.));
#2546=DIRECTION('',(0.,0.,-1.));
#2547=DIRECTION('',(0.,0.,-1.));
#2548=DIRECTION('',(-1.,0.,0.));
#2549=DIRECTION('',(0.,0.,1.));
#2550=DIRECTION('',(-1.,0.,0.));
#2551=DIRECTION('',(0.,0.,1.));
#2552=DIRECTION('',(0.,-1.,0.));
#2553=DIRECTION('',(0.,0.,-1.));
#2554=DIRECTION('',(1.,0.,0.));
#2555=DIRECTION('',(-0.996348823914398,0.0853757640340363,0.));
#2556=DIRECTION('',(-0.0853757640340363,-0.996348823914398,0.));
#2557=DIRECTION('',(0.,0.,-1.));
#2558=DIRECTION('',(-1.,0.,0.));
#2559=DIRECTION('',(0.,0.,-1.));
#2560=DIRECTION('',(-1.,0.,0.));
#2561=DIRECTION('',(0.,0.,-1.));
#2562=DIRECTION('',(-1.,0.,0.));
#2563=DIRECTION('',(0.,0.,-1.));
#2564=DIRECTION('',(-1.,0.,0.));
#2565=DIRECTION('',(-0.984760916177004,0.173913593402665,0.));
#2566=DIRECTION('',(-0.173913593402665,-0.984760916177004,0.));
#2567=DIRECTION('',(-0.996348823914398,0.0853757640340363,-8.64194847553095E-16));
#2568=DIRECTION('',(-0.0853757640340363,-0.996348823914398,0.));
#2569=DIRECTION('',(-1.73472347597681E-15,2.18710196899903E-15,-1.));
#2570=DIRECTION('',(0.,1.,2.18710196899903E-15));
#2571=DIRECTION('',(0.,0.,-1.));
#2572=DIRECTION('',(-1.,0.,0.));
#2573=DIRECTION('',(-0.984760916177004,0.173913593402667,1.70828787951667E-15));
#2574=DIRECTION('',(-0.173913593402667,-0.984760916177004,0.));
#2575=DIRECTION('',(0.,0.,-1.));
#2576=DIRECTION('',(-1.,0.,0.));
#2577=DIRECTION('',(0.,0.,-1.));
#2578=DIRECTION('',(-1.,0.,0.));
#2579=DIRECTION('',(0.,0.,-1.));
#2580=DIRECTION('',(-1.,0.,0.));
#2581=DIRECTION('',(0.,0.,1.));
#2582=DIRECTION('',(1.,0.,0.));
#2583=DIRECTION('',(0.,0.,1.));
#2584=DIRECTION('',(1.,0.,0.));
#2585=DIRECTION('',(0.940567854598298,0.339605816935392,0.));
#2586=DIRECTION('',(-0.339605816935392,0.940567854598298,0.));
#2587=DIRECTION('',(0.,-1.,0.));
#2588=DIRECTION('',(0.,0.,-1.));
#2589=DIRECTION('',(0.,0.,-1.));
#2590=DIRECTION('',(-1.,0.,0.));
#2591=DIRECTION('',(0.,0.,1.));
#2592=DIRECTION('',(1.,0.,0.));
#2593=DIRECTION('',(-2.01712032090326E-16,-1.,0.));
#2594=DIRECTION('',(1.,-2.01712032090326E-16,0.));
#2595=DIRECTION('',(0.,1.,0.));
#2596=DIRECTION('',(0.,0.,1.));
#2597=DIRECTION('',(0.,0.,1.));
#2598=DIRECTION('',(1.,0.,0.));
#2599=DIRECTION('',(-0.9405678545983,0.339605816935387,4.17001181961885E-15));
#2600=DIRECTION('',(-0.339605816935387,-0.9405678545983,0.));
#2601=DIRECTION('',(0.,0.,-1.));
#2602=DIRECTION('',(-1.,0.,0.));
#2603=DIRECTION('',(0.,0.,1.));
#2604=DIRECTION('',(1.,0.,0.));
#2605=DIRECTION('',(3.46944695195361E-15,0.,1.));
#2606=DIRECTION('',(1.,0.,-3.46944695195361E-15));
#2607=DIRECTION('',(0.940567854598299,-0.33960581693539,-3.26325027624162E-15));
#2608=DIRECTION('',(0.33960581693539,0.940567854598299,0.));
#2609=DIRECTION('',(0.,1.38777878078145E-14,1.));
#2610=DIRECTION('',(0.,-1.,1.38777878078145E-14));
#2611=DIRECTION('',(0.,-1.,0.));
#2612=DIRECTION('',(0.,0.,-1.));
#2613=DIRECTION('',(0.,0.,1.));
#2614=DIRECTION('',(1.,0.,0.));
#2615=DIRECTION('',(-0.940567854598297,-0.339605816935394,0.));
#2616=DIRECTION('',(0.339605816935394,-0.940567854598298,0.));
#2617=DIRECTION('',(2.01712032090326E-16,1.,0.));
#2618=DIRECTION('',(-1.,2.01712032090326E-16,0.));
#2619=DIRECTION('',(0.,1.,6.93889390390723E-15));
#2620=DIRECTION('',(0.,-6.93889390390723E-15,1.));
#2621=DIRECTION('',(6.93889390390723E-15,0.,1.));
#2622=DIRECTION('',(1.,0.,-6.93889390390723E-15));
#2623=DIRECTION('',(0.,0.,1.));
#2624=DIRECTION('',(1.,0.,0.));
#2625=DIRECTION('',(0.,0.,-1.));
#2626=DIRECTION('',(-1.,0.,0.));
#2627=DIRECTION('',(0.,0.,1.));
#2628=DIRECTION('',(1.,0.,0.));
#2629=DIRECTION('',(-1.,0.,0.));
#2630=DIRECTION('',(0.,0.,1.));
#2631=DIRECTION('',(3.46944695195361E-15,1.,0.));
#2632=DIRECTION('',(-1.,3.46944695195361E-15,0.));
#2633=DIRECTION('',(1.94693992814456E-16,1.,0.));
#2634=DIRECTION('',(-1.,1.94693992814456E-16,0.));
#2635=DIRECTION('',(0.,1.,0.));
#2636=DIRECTION('',(0.,0.,1.));
#2637=DIRECTION('',(1.,0.,0.));
#2638=DIRECTION('',(0.,0.,-1.));
#2639=DIRECTION('',(-1.,0.,0.));
#2640=DIRECTION('',(0.,0.,1.));
#2641=DIRECTION('',(0.,0.,1.));
#2642=DIRECTION('',(1.,0.,0.));
#2643=DIRECTION('',(-1.,0.,0.));
#2644=DIRECTION('',(0.,0.,1.));
#2645=DIRECTION('',(0.,0.,1.));
#2646=DIRECTION('',(1.,0.,0.));
#2647=DIRECTION('',(0.,1.,0.));
#2648=DIRECTION('',(0.,0.,1.));
#2649=DIRECTION('',(-1.,0.,0.));
#2650=DIRECTION('',(0.,0.,1.));
#2651=DIRECTION('',(-1.,0.,0.));
#2652=DIRECTION('',(0.,0.,1.));
#2653=DIRECTION('',(-1.94693992814456E-16,-1.,0.));
#2654=DIRECTION('',(1.,-1.94693992814456E-16,0.));
#2655=DIRECTION('',(0.,1.,0.));
#2656=DIRECTION('',(0.,0.,1.));
#2657=DIRECTION('',(0.,0.,1.));
#2658=DIRECTION('',(1.,0.,0.));
#2659=DIRECTION('',(1.99951198545186E-32,9.91270557701033E-17,-1.));
#2660=DIRECTION('',(0.,1.,9.91270557701033E-17));
#2661=DIRECTION('',(1.,-2.01712032090326E-16,0.));
#2662=DIRECTION('',(2.01712032090326E-16,1.,9.91270557701033E-17));
#2663=DIRECTION('',(1.,-2.01712032090326E-16,0.));
#2664=DIRECTION('',(-2.01712032090326E-16,-1.,0.));
#2665=DIRECTION('',(1.,-2.01712032090326E-16,0.));
#2666=DIRECTION('',(1.,-2.01712032090326E-16,0.));
#2667=DIRECTION('',(0.,0.,-1.));
#2668=DIRECTION('',(3.99902397090373E-32,1.98254111540206E-16,-1.));
#2669=DIRECTION('',(0.,1.,1.98254111540206E-16));
#2670=DIRECTION('',(1.,-2.01712032090326E-16,0.));
#2671=DIRECTION('',(2.01712032090326E-16,1.,1.98254111540206E-16));
#2672=DIRECTION('',(-2.01712032090326E-16,-1.,0.));
#2673=DIRECTION('',(1.,-2.01712032090326E-16,0.));
#2674=DIRECTION('',(0.,0.,-1.));
#2675=DIRECTION('',(1.,-2.01712032090326E-16,0.));
#2676=DIRECTION('',(2.01712032090326E-16,1.,0.));
#2677=DIRECTION('',(0.,0.,-1.));
#2678=DIRECTION('',(-1.,0.,0.));
#2679=DIRECTION('',(-1.,2.01712032090326E-16,0.));
#2680=DIRECTION('',(-2.01712032090326E-16,-1.,0.));
#2681=DIRECTION('',(-1.,2.01712032090326E-16,0.));
#2682=DIRECTION('',(2.01712032090326E-16,1.,0.));
#2683=DIRECTION('',(-1.,2.01712032090326E-16,0.));
#2684=DIRECTION('',(-1.,2.01712032090326E-16,0.));
#2685=DIRECTION('',(0.,0.,-1.));
#2686=DIRECTION('',(0.,0.,-1.));
#2687=DIRECTION('',(-1.,0.,0.));
#2688=DIRECTION('',(-1.,2.01712032090326E-16,0.));
#2689=DIRECTION('',(-2.01712032090326E-16,-1.,0.));
#2690=DIRECTION('',(2.01712032090326E-16,1.,0.));
#2691=DIRECTION('',(-1.,2.01712032090326E-16,0.));
#2692=DIRECTION('',(0.,0.,-1.));
#2693=DIRECTION('',(-1.,2.01712032090326E-16,0.));
#2694=DIRECTION('',(-2.01712032090326E-16,-1.,0.));
#2695=DIRECTION('',(1.,0.,0.));
#2696=DIRECTION('',(0.,0.,-1.));
#2697=DIRECTION('',(0.,-1.,0.));
#2698=DIRECTION('',(0.,-1.,0.));
#2699=DIRECTION('',(0.,0.,-1.));
#2700=DIRECTION('',(0.,-1.,0.));
#2701=DIRECTION('',(0.,0.,-1.));
#2702=DIRECTION('',(-1.,0.,0.));
#2703=DIRECTION('',(0.,-1.,0.));
#2704=DIRECTION('',(0.,-1.,0.));
#2705=DIRECTION('',(0.,0.,-1.));
#2706=DIRECTION('',(0.,-1.,0.));
#2707=DIRECTION('',(-1.,0.,0.));
#2708=DIRECTION('',(0.,0.,1.));
#2709=DIRECTION('',(0.,-1.,0.));
#2710=DIRECTION('',(0.,0.,-1.));
#2711=DIRECTION('',(0.,-1.,0.));
#2712=DIRECTION('',(0.,-1.,0.));
#2713=DIRECTION('',(0.,0.,1.));
#2714=DIRECTION('',(1.,0.,0.));
#2715=DIRECTION('',(0.,-1.,0.));
#2716=DIRECTION('',(0.,-1.,0.));
#2717=DIRECTION('',(0.,0.,-1.));
#2718=DIRECTION('',(0.,-1.,0.));
#2719=DIRECTION('',(0.,0.,1.));
#2720=DIRECTION('',(1.,0.,0.));
#2721=CARTESIAN_POINT('',(0.,0.,0.));
#2722=CARTESIAN_POINT('',(8.67361737988404E-18,-0.03206225,0.0008));
#2723=CARTESIAN_POINT('',(8.67361737988404E-18,-0.03206225,-0.0213));
#2724=CARTESIAN_POINT('',(-0.0271896058169353,0.0432417287168127,-0.0213));
#2725=CARTESIAN_POINT('',(0.0271896058169354,0.0432417287168127,-0.0213));
#2726=CARTESIAN_POINT('',(-0.0271896058169353,0.0432417287168127,0.0008));
#2727=CARTESIAN_POINT('',(-0.0271896058169353,0.0432417287168127,-0.0002));
#2728=CARTESIAN_POINT('',(8.67361737988404E-18,-0.03206225,-0.0002));
#2729=CARTESIAN_POINT('',(0.0271896058169354,0.0432417287168127,-0.0002));
#2730=CARTESIAN_POINT('',(0.0271896058169354,0.0432417287168127,0.0008));
#2731=CARTESIAN_POINT('',(8.67361737988404E-18,-0.03206225,-0.0156));
#2732=CARTESIAN_POINT('',(0.0065,0.0477357065845047,-0.0156));
#2733=CARTESIAN_POINT('',(0.0095,0.0474343780735384,-0.0156));
#2734=CARTESIAN_POINT('',(0.0065,0.0477357065845047,-0.0156));
#2735=CARTESIAN_POINT('',(0.00610444238866071,0.0477679270144976,-0.0156));
#2736=CARTESIAN_POINT('',(0.0053279559297364,0.0478241049498971,-0.0159236226313756));
#2737=CARTESIAN_POINT('',(0.00483636645423208,0.0478535025124974,-0.0170985266108816));
#2738=CARTESIAN_POINT('',(0.00532658054806277,0.0478241986024833,-0.0182758440215111));
#2739=CARTESIAN_POINT('',(0.0061044401682811,0.0477679271953602,-0.0186));
#2740=CARTESIAN_POINT('',(0.0065,0.0477357065845047,-0.0186));
#2741=CARTESIAN_POINT('',(0.0065,0.0477357065845047,-0.0186));
#2742=CARTESIAN_POINT('',(8.67361737988404E-18,-0.03206225,-0.0186));
#2743=CARTESIAN_POINT('',(0.0095,0.0474343780735384,-0.0186));
#2744=CARTESIAN_POINT('',(0.0095,0.0474343780735384,-0.0156));
#2745=CARTESIAN_POINT('',(0.00989511229527312,0.0473871613940885,-0.0156));
#2746=CARTESIAN_POINT('',(0.0106697940930888,0.0472874557154286,-0.0159215635342756));
#2747=CARTESIAN_POINT('',(0.0111647376655607,0.0472174274580705,-0.0170983146361072));
#2748=CARTESIAN_POINT('',(0.0106712523386138,0.047287261695315,-0.0182779454272253));
#2749=CARTESIAN_POINT('',(0.00989511300579963,0.0473871613091793,-0.0186));
#2750=CARTESIAN_POINT('',(0.0095,0.0474343780735385,-0.0186));
#2751=CARTESIAN_POINT('',(-6.93889390390723E-18,0.03665,-0.0071));
#2752=CARTESIAN_POINT('',(-6.93889390390723E-18,0.03665,-0.0063));
#2753=CARTESIAN_POINT('',(-0.024,0.03665,-0.0063));
#2754=CARTESIAN_POINT('',(0.024,0.03665,-0.0063));
#2755=CARTESIAN_POINT('',(-0.024,0.03665,-0.0071));
#2756=CARTESIAN_POINT('',(-0.024,0.03665,-0.0071));
#2757=CARTESIAN_POINT('',(-6.93889390390723E-18,0.03665,-0.0071));
#2758=CARTESIAN_POINT('',(0.004,0.03665,-0.0071));
#2759=CARTESIAN_POINT('',(0.004,0.03665,-0.0121));
#2760=CARTESIAN_POINT('',(0.004,0.03665,-0.0171));
#2761=CARTESIAN_POINT('',(0.0065,0.03665,-0.0171));
#2762=CARTESIAN_POINT('',(0.0065,0.03665,-0.0196));
#2763=CARTESIAN_POINT('',(0.008,0.03665,-0.0196));
#2764=CARTESIAN_POINT('',(0.0095,0.03665,-0.0196));
#2765=CARTESIAN_POINT('',(0.0095,0.03665,-0.0171));
#2766=CARTESIAN_POINT('',(0.012,0.03665,-0.0171));
#2767=CARTESIAN_POINT('',(0.012,0.03665,-0.0121));
#2768=CARTESIAN_POINT('',(0.012,0.03665,-0.0071));
#2769=CARTESIAN_POINT('',(-6.93889390390723E-18,0.03665,-0.0071));
#2770=CARTESIAN_POINT('',(0.024,0.03665,-0.0071));
#2771=CARTESIAN_POINT('',(0.024,0.03665,-0.0071));
#2772=CARTESIAN_POINT('',(0.008,0.03665,-0.0186));
#2773=CARTESIAN_POINT('',(0.0095,0.03665,-0.0186));
#2774=CARTESIAN_POINT('',(0.0065,0.03665,-0.0186));
#2775=CARTESIAN_POINT('',(0.0065,0.03665,-0.0171));
#2776=CARTESIAN_POINT('',(0.0065,0.03665,-0.0156));
#2777=CARTESIAN_POINT('',(0.008,0.03665,-0.0156));
#2778=CARTESIAN_POINT('',(0.0095,0.03665,-0.0156));
#2779=CARTESIAN_POINT('',(0.0095,0.03665,-0.0171));
#2780=CARTESIAN_POINT('',(6.93889390390723E-18,1.38777878078145E-17,-0.0071));
#2781=CARTESIAN_POINT('',(0.,0.044,-0.0071));
#2782=CARTESIAN_POINT('',(-0.004,0.044,-0.0071));
#2783=CARTESIAN_POINT('',(0.004,0.044,-0.0071));
#2784=CARTESIAN_POINT('',(0.004,0.048002,-0.0071));
#2785=CARTESIAN_POINT('',(-0.024,0.,-0.0071));
#2786=CARTESIAN_POINT('',(-0.024,-0.03665,-0.0071));
#2787=CARTESIAN_POINT('',(6.93889390390723E-18,-0.03665,-0.0071));
#2788=CARTESIAN_POINT('',(-0.0186908374796182,-0.03665,-0.0071));
#2789=CARTESIAN_POINT('',(-0.0186908374796182,-0.048002,-0.0071));
#2790=CARTESIAN_POINT('',(-0.0186908374796182,-0.0441412753080393,-0.0071));
#2791=CARTESIAN_POINT('',(-2.42861286636753E-17,0.03206225,-0.0071));
#2792=CARTESIAN_POINT('',(-0.02625,-0.0418786870718447,-0.0071));
#2793=CARTESIAN_POINT('',(-0.02625,-6.93889390390723E-18,-0.0071));
#2794=CARTESIAN_POINT('',(-0.02625,0.0418786870718447,-0.0071));
#2795=CARTESIAN_POINT('',(-6.93889390390723E-18,-0.03206225,-0.0071));
#2796=CARTESIAN_POINT('',(-0.004,0.0462979738068684,-0.0071));
#2797=CARTESIAN_POINT('',(-0.004,0.0459500076598638,-0.0071));
#2798=CARTESIAN_POINT('',(-0.02785,6.93889390390723E-18,0.0008));
#2799=CARTESIAN_POINT('',(-0.02785,0.043,-0.0002));
#2800=CARTESIAN_POINT('',(-0.02785,-0.0423011608622144,-0.0002));
#2801=CARTESIAN_POINT('',(-0.02785,0.0423011608622144,-0.0002));
#2802=CARTESIAN_POINT('',(-0.02785,0.0423011608622144,-0.0213));
#2803=CARTESIAN_POINT('',(-0.02785,0.0423011608622144,-0.0213));
#2804=CARTESIAN_POINT('',(-0.02785,6.93889390390723E-18,-0.0213));
#2805=CARTESIAN_POINT('',(-0.02785,-0.0423011608622144,-0.0213));
#2806=CARTESIAN_POINT('',(-0.02785,-0.0423011608622144,0.0008));
#2807=CARTESIAN_POINT('',(-0.02785,6.93889390390723E-18,-0.0173));
#2808=CARTESIAN_POINT('',(-0.02785,0.0175,-0.0173));
#2809=CARTESIAN_POINT('',(-0.02785,-0.0175,-0.0173));
#2810=CARTESIAN_POINT('',(-0.02785,-0.0175,-0.0183));
#2811=CARTESIAN_POINT('',(-0.02785,-0.0175,-0.0193));
#2812=CARTESIAN_POINT('',(-0.02785,6.93889390390723E-18,-0.0193));
#2813=CARTESIAN_POINT('',(-0.02785,0.0175,-0.0193));
#2814=CARTESIAN_POINT('',(-0.02785,0.0175,-0.0183));
#2815=CARTESIAN_POINT('',(0.02785,6.93889390390723E-18,0.0008));
#2816=CARTESIAN_POINT('',(0.02785,6.93889390390723E-18,-0.0213));
#2817=CARTESIAN_POINT('',(0.02785,0.0423011608622144,-0.0213));
#2818=CARTESIAN_POINT('',(0.02785,-0.0423011608622144,-0.0213));
#2819=CARTESIAN_POINT('',(0.02785,0.0423011608622144,0.0008));
#2820=CARTESIAN_POINT('',(0.02785,0.0423011608622144,-0.0002));
#2821=CARTESIAN_POINT('',(0.02785,6.93889390390723E-18,-0.0002));
#2822=CARTESIAN_POINT('',(0.02785,-0.0423011608622144,-0.0002));
#2823=CARTESIAN_POINT('',(0.02785,-0.0423011608622144,-0.0213));
#2824=CARTESIAN_POINT('',(0.02785,-0.0175,-0.0183));
#2825=CARTESIAN_POINT('',(0.02785,-0.0175,-0.0173));
#2826=CARTESIAN_POINT('',(0.02785,-0.0175,-0.0193));
#2827=CARTESIAN_POINT('',(0.02785,-6.93889390390723E-18,-0.0173));
#2828=CARTESIAN_POINT('',(0.02785,0.0175,-0.0173));
#2829=CARTESIAN_POINT('',(0.02785,0.0175,-0.0183));
#2830=CARTESIAN_POINT('',(0.02785,0.0175,-0.0193));
#2831=CARTESIAN_POINT('',(0.02785,-6.93889390390723E-18,-0.0193));
#2832=CARTESIAN_POINT('',(6.93889390390723E-18,1.38777878078145E-17,-0.0071));
#2833=CARTESIAN_POINT('',(0.012,0.048002,-0.0071));
#2834=CARTESIAN_POINT('',(0.012,0.0454769315475409,-0.0071));
#2835=CARTESIAN_POINT('',(-6.93889390390723E-18,-0.03206225,-0.0071));
#2836=CARTESIAN_POINT('',(0.02625,0.0418786870718447,-0.0071));
#2837=CARTESIAN_POINT('',(0.02625,6.93889390390723E-18,-0.0071));
#2838=CARTESIAN_POINT('',(0.02625,-0.0418786870718447,-0.0071));
#2839=CARTESIAN_POINT('',(-2.42861286636753E-17,0.03206225,-0.0071));
#2840=CARTESIAN_POINT('',(0.004,-0.0462979738068683,-0.0071));
#2841=CARTESIAN_POINT('',(0.004,-0.0459500076598638,-0.0071));
#2842=CARTESIAN_POINT('',(0.004,-0.044,-0.0071));
#2843=CARTESIAN_POINT('',(0.,-0.044,-0.0071));
#2844=CARTESIAN_POINT('',(-0.00180916252038146,-0.0404325175578781,-0.00709999999999985));
#2845=CARTESIAN_POINT('',(-0.00180916252038179,-0.048002,-0.0071));
#2846=CARTESIAN_POINT('',(-0.00180916252038179,-0.03665,-0.0071));
#2847=CARTESIAN_POINT('',(6.93889390390723E-18,-0.03665,-0.0071));
#2848=CARTESIAN_POINT('',(0.024,-0.03665,-0.0071));
#2849=CARTESIAN_POINT('',(0.024,0.,-0.0071));
#2850=CARTESIAN_POINT('',(-6.93889390390723E-18,-0.03206225,-0.0213));
#2851=CARTESIAN_POINT('',(0.012,0.0454769315475409,-0.0213));
#2852=CARTESIAN_POINT('',(0.012,0.0454769315475409,-0.0171));
#2853=CARTESIAN_POINT('',(0.0095,0.0458227593089967,-0.0196));
#2854=CARTESIAN_POINT('',(0.0101584374309599,0.0457424466063391,-0.0196));
#2855=CARTESIAN_POINT('',(0.011447881141137,0.0455649689127285,-0.0190622077569288));
#2856=CARTESIAN_POINT('',(0.012,0.0454769315475409,-0.0177634802532805));
#2857=CARTESIAN_POINT('',(0.012,0.0454769315475409,-0.0171));
#2858=CARTESIAN_POINT('',(0.0095,0.0458227593089967,-0.0196));
#2859=CARTESIAN_POINT('',(-6.93889390390723E-18,-0.03206225,-0.0196));
#2860=CARTESIAN_POINT('',(0.0065,0.0461302987182922,-0.0196));
#2861=CARTESIAN_POINT('',(0.0065,0.0461302987182922,-0.0196));
#2862=CARTESIAN_POINT('',(0.00584121449172801,0.046185062322676,-0.0196));
#2863=CARTESIAN_POINT('',(0.0045477333885497,0.0462725762403374,-0.0190588509644098));
#2864=CARTESIAN_POINT('',(0.004,0.0462979738068684,-0.0177611064809247));
#2865=CARTESIAN_POINT('',(0.004,0.0462979738068684,-0.0171));
#2866=CARTESIAN_POINT('',(0.004,0.0462979738068684,-0.0171));
#2867=CARTESIAN_POINT('',(0.004,0.0462979738068684,0.000802));
#2868=CARTESIAN_POINT('',(0.004,0.0462979738068684,-0.0213));
#2869=CARTESIAN_POINT('',(-6.93889390390723E-18,-0.03206225,-0.0213));
#2870=CARTESIAN_POINT('',(0.02625,0.0418786870718447,-0.0213));
#2871=CARTESIAN_POINT('',(0.02625,0.0418786870718447,-0.0213));
#2872=CARTESIAN_POINT('',(-2.42861286636753E-17,0.03206225,-0.0213));
#2873=CARTESIAN_POINT('',(0.004,-0.0462979738068683,0.000802));
#2874=CARTESIAN_POINT('',(0.004,-0.0462979738068683,-0.0213));
#2875=CARTESIAN_POINT('',(0.02625,-0.0418786870718447,-0.0213));
#2876=CARTESIAN_POINT('',(0.02625,-0.0418786870718447,-0.0213));
#2877=CARTESIAN_POINT('',(-2.42861286636753E-17,0.03206225,-0.0213));
#2878=CARTESIAN_POINT('',(-1.38777878078145E-17,0.03206225,0.0008));
#2879=CARTESIAN_POINT('',(-1.38777878078145E-17,0.03206225,-0.014375));
#2880=CARTESIAN_POINT('',(-0.00683537576403403,-0.0477076786274405,-0.014375));
#2881=CARTESIAN_POINT('',(-0.0139239135934027,-0.0467799246611923,-0.014375));
#2882=CARTESIAN_POINT('',(-0.0139239135934027,-0.0467799246611923,-0.014375));
#2883=CARTESIAN_POINT('',(-0.0150469879460586,-0.0465815842385372,-0.014375));
#2884=CARTESIAN_POINT('',(-0.0172537934802981,-0.0461327758644806,-0.0134819665980043));
#2885=CARTESIAN_POINT('',(-0.0182276687040907,-0.0458974573408848,-0.0112664735127736));
#2886=CARTESIAN_POINT('',(-0.0182276687040907,-0.0458974573408848,-0.010125));
#2887=CARTESIAN_POINT('',(-0.0182276687040907,-0.0458974573408848,-0.010125));
#2888=CARTESIAN_POINT('',(-0.0182276687040907,-0.0458974573408848,0.0008));
#2889=CARTESIAN_POINT('',(-0.0182276687040907,-0.0458974573408848,-0.008875));
#2890=CARTESIAN_POINT('',(-0.0182276687040907,-0.0458974573408848,-0.008875));
#2891=CARTESIAN_POINT('',(-0.0182276687040907,-0.0458974573408848,-0.00773313071697089));
#2892=CARTESIAN_POINT('',(-0.0172495243028805,-0.0461336928156304,-0.00551426072209911));
#2893=CARTESIAN_POINT('',(-0.0150473649086606,-0.0465815176650983,-0.004625));
#2894=CARTESIAN_POINT('',(-0.0139239135934027,-0.0467799246611923,-0.004625));
#2895=CARTESIAN_POINT('',(-0.0139239135934027,-0.0467799246611923,-0.004625));
#2896=CARTESIAN_POINT('',(-1.38777878078145E-17,0.03206225,-0.004625));
#2897=CARTESIAN_POINT('',(-0.00683537576403403,-0.0477076786274405,-0.004625));
#2898=CARTESIAN_POINT('',(-0.00683537576403403,-0.0477076786274405,-0.004625));
#2899=CARTESIAN_POINT('',(-0.00570898060054715,-0.0478041978839285,-0.004625));
#2900=CARTESIAN_POINT('',(-0.00348502838877326,-0.0479372042838724,-0.00553440604799927));
#2901=CARTESIAN_POINT('',(-0.00253162065334594,-0.0479599642403599,-0.00774402740248459));
#2902=CARTESIAN_POINT('',(-0.00253162065334594,-0.0479599642403599,-0.008875));
#2903=CARTESIAN_POINT('',(-0.00253162065334594,-0.0479599642403599,-0.008875));
#2904=CARTESIAN_POINT('',(-0.00253162065334594,-0.0479599642403599,0.0008));
#2905=CARTESIAN_POINT('',(-0.00253162065334594,-0.0479599642403599,-0.010125));
#2906=CARTESIAN_POINT('',(-0.00253162065334594,-0.0479599642403599,-0.010125));
#2907=CARTESIAN_POINT('',(-0.00253162065334594,-0.0479599642403599,-0.0112559532171457));
#2908=CARTESIAN_POINT('',(-0.003489452218988,-0.0479369945960826,-0.0134699577509747));
#2909=CARTESIAN_POINT('',(-0.00570901873720234,-0.0478041946160509,-0.014375));
#2910=CARTESIAN_POINT('',(-0.00683537576403403,-0.0477076786274405,-0.014375));
#2911=CARTESIAN_POINT('',(-1.38777878078145E-17,0.03206225,-0.0213));
#2912=CARTESIAN_POINT('',(-0.0271896058169354,-0.0432417287168127,-0.0213));
#2913=CARTESIAN_POINT('',(0.0271896058169354,-0.0432417287168127,-0.0213));
#2914=CARTESIAN_POINT('',(0.0271896058169354,-0.0432417287168127,0.0008));
#2915=CARTESIAN_POINT('',(0.0271896058169354,-0.0432417287168127,-0.0002));
#2916=CARTESIAN_POINT('',(-1.38777878078145E-17,0.03206225,-0.0002));
#2917=CARTESIAN_POINT('',(-0.0271896058169354,-0.0432417287168127,-0.0002));
#2918=CARTESIAN_POINT('',(-0.0271896058169354,-0.0432417287168127,0.0008));
#2919=CARTESIAN_POINT('',(6.93889390390723E-18,-0.03665,-0.0071));
#2920=CARTESIAN_POINT('',(-0.00675,-0.03665,-0.008875));
#2921=CARTESIAN_POINT('',(-0.00217486339001774,-0.03665,-0.0063));
#2922=CARTESIAN_POINT('',(6.93889390390723E-18,-0.03665,-0.0063));
#2923=CARTESIAN_POINT('',(0.024,-0.03665,-0.0063));
#2924=CARTESIAN_POINT('',(0.024,-0.03665,-0.0071));
#2925=CARTESIAN_POINT('',(3.46944695195361E-18,0.,-0.0063));
#2926=CARTESIAN_POINT('',(-0.00217486339001774,-0.048002,-0.0063));
#2927=CARTESIAN_POINT('',(-0.00217486339001774,-0.0365,-0.0063));
#2928=CARTESIAN_POINT('',(6.93889390390723E-18,-0.0365,-0.0063));
#2929=CARTESIAN_POINT('',(-0.0183251366099823,-0.0365,-0.0063));
#2930=CARTESIAN_POINT('',(-0.0183251366099823,-0.048002,-0.0063));
#2931=CARTESIAN_POINT('',(-0.0183251366099823,-0.03665,-0.0063));
#2932=CARTESIAN_POINT('',(6.93889390390723E-18,-0.03665,-0.0063));
#2933=CARTESIAN_POINT('',(-0.024,-0.03665,-0.0063));
#2934=CARTESIAN_POINT('',(-0.024,0.,-0.0063));
#2935=CARTESIAN_POINT('',(0.024,0.,-0.0063));
#2936=CARTESIAN_POINT('',(0.02236,0.,-0.0063));
#2937=CARTESIAN_POINT('',(0.02236,0.03113,-0.0063));
#2938=CARTESIAN_POINT('',(0.02236,-0.03113,-0.0063));
#2939=CARTESIAN_POINT('',(-3.46944695195361E-18,0.03113,-0.0063));
#2940=CARTESIAN_POINT('',(-0.02236,0.03113,-0.0063));
#2941=CARTESIAN_POINT('',(-0.02236,3.46944695195361E-18,-0.0063));
#2942=CARTESIAN_POINT('',(-0.02236,-0.03113,-0.0063));
#2943=CARTESIAN_POINT('',(3.46944695195361E-18,-0.03113,-0.0063));
#2944=CARTESIAN_POINT('',(3.46944695195361E-18,-1.38777878078145E-17,0.0008));
#2945=CARTESIAN_POINT('',(-0.02196,-9.60230772560899E-18,0.0008));
#2946=CARTESIAN_POINT('',(-0.02196,-0.02673,0.0008));
#2947=CARTESIAN_POINT('',(-0.02196,0.02673,0.0008));
#2948=CARTESIAN_POINT('',(-0.01796,0.02673,0.0008));
#2949=CARTESIAN_POINT('',(-0.01796,0.03073,0.0008));
#2950=CARTESIAN_POINT('',(0.01796,0.03073,0.0008));
#2951=CARTESIAN_POINT('',(0.01796,0.03073,0.0008));
#2952=CARTESIAN_POINT('',(0.01796,0.02673,0.0008));
#2953=CARTESIAN_POINT('',(0.02196,0.02673,0.0008));
#2954=CARTESIAN_POINT('',(0.02196,-0.02673,0.0008));
#2955=CARTESIAN_POINT('',(0.02196,-0.02673,0.0008));
#2956=CARTESIAN_POINT('',(0.01796,-0.02673,0.0008));
#2957=CARTESIAN_POINT('',(0.01796,-0.03073,0.0008));
#2958=CARTESIAN_POINT('',(3.46944695195361E-18,-0.03073,0.0008));
#2959=CARTESIAN_POINT('',(-0.01796,-0.03073,0.0008));
#2960=CARTESIAN_POINT('',(-0.01796,-0.02673,0.0008));
#2961=CARTESIAN_POINT('',(8.67361737988404E-18,-0.03206225,0.0008));
#2962=CARTESIAN_POINT('',(0.02685,0.0423011608622144,0.0008));
#2963=CARTESIAN_POINT('',(-0.02685,0.0423011608622144,0.0008));
#2964=CARTESIAN_POINT('',(-0.02685,-0.043,0.0008));
#2965=CARTESIAN_POINT('',(-0.02685,-0.0423011608622144,0.0008));
#2966=CARTESIAN_POINT('',(-1.38777878078145E-17,0.03206225,0.0008));
#2967=CARTESIAN_POINT('',(0.02685,-0.0423011608622144,0.0008));
#2968=CARTESIAN_POINT('',(0.02685,-1.92937558694397E-17,0.0008));
#2969=CARTESIAN_POINT('',(3.46944695195361E-18,-1.38777878078145E-17,0.));
#2970=CARTESIAN_POINT('',(0.01796,0.0297502041028868,0.));
#2971=CARTESIAN_POINT('',(0.01796,0.0297502041028868,0.));
#2972=CARTESIAN_POINT('',(-0.01796,0.0297502041028868,0.));
#2973=CARTESIAN_POINT('',(-0.01796,0.02673,0.));
#2974=CARTESIAN_POINT('',(-0.0209802041028868,0.02673,0.));
#2975=CARTESIAN_POINT('',(-0.0209802041028868,0.02673,0.));
#2976=CARTESIAN_POINT('',(-0.0209802041028868,-0.02673,0.));
#2977=CARTESIAN_POINT('',(-0.01796,-0.02673,0.));
#2978=CARTESIAN_POINT('',(-0.01796,-0.0297502041028868,0.));
#2979=CARTESIAN_POINT('',(-0.01796,-0.0297502041028868,0.));
#2980=CARTESIAN_POINT('',(0.01796,-0.0297502041028868,0.));
#2981=CARTESIAN_POINT('',(0.01796,-0.02673,0.));
#2982=CARTESIAN_POINT('',(0.0209802041028868,-0.02673,0.));
#2983=CARTESIAN_POINT('',(0.0209802041028868,-0.02673,0.));
#2984=CARTESIAN_POINT('',(0.0209802041028868,0.02673,0.));
#2985=CARTESIAN_POINT('',(0.01796,0.02673,0.));
#2986=CARTESIAN_POINT('',(-3.46944695195361E-18,0.03113,0.));
#2987=CARTESIAN_POINT('',(0.02236,0.03113,0.));
#2988=CARTESIAN_POINT('',(-0.02236,0.03113,0.));
#2989=CARTESIAN_POINT('',(0.02236,0.,0.));
#2990=CARTESIAN_POINT('',(0.02236,-0.03113,0.));
#2991=CARTESIAN_POINT('',(3.46944695195361E-18,-0.03113,0.));
#2992=CARTESIAN_POINT('',(-0.02236,-0.03113,0.));
#2993=CARTESIAN_POINT('',(-0.02236,3.46944695195361E-18,0.));
#2994=CARTESIAN_POINT('',(0.02236,0.,-0.0063));
#2995=CARTESIAN_POINT('',(0.02236,0.03113,-0.0063));
#2996=CARTESIAN_POINT('',(0.02236,-0.03113,-0.0063));
#2997=CARTESIAN_POINT('',(-3.46944695195361E-18,0.03113,-0.0063));
#2998=CARTESIAN_POINT('',(-0.02236,0.03113,-0.0063));
#2999=CARTESIAN_POINT('',(-0.02236,3.46944695195361E-18,-0.0063));
#3000=CARTESIAN_POINT('',(-0.02236,-0.03113,-0.0063));
#3001=CARTESIAN_POINT('',(3.46944695195361E-18,-0.03113,-0.0063));
#3002=CARTESIAN_POINT('',(0.02625,6.93889390390723E-18,-0.0213));
#3003=CARTESIAN_POINT('',(0.02625,6.93889390390723E-18,-0.0213));
#3004=CARTESIAN_POINT('',(-6.93889390390723E-18,-0.03206225,-0.0213));
#3005=CARTESIAN_POINT('',(-0.004,0.0462979738068684,0.000802));
#3006=CARTESIAN_POINT('',(-0.004,0.0462979738068684,-0.0213));
#3007=CARTESIAN_POINT('',(-0.02625,0.0418786870718447,-0.0213));
#3008=CARTESIAN_POINT('',(-0.02625,0.0418786870718447,-0.0213));
#3009=CARTESIAN_POINT('',(-6.93889390390723E-18,-0.03206225,-0.0213));
#3010=CARTESIAN_POINT('',(-0.02625,-6.93889390390723E-18,-0.0213));
#3011=CARTESIAN_POINT('',(-0.02625,-0.0418786870718447,-0.0213));
#3012=CARTESIAN_POINT('',(-0.02625,-0.0418786870718447,-0.0213));
#3013=CARTESIAN_POINT('',(-0.02625,-6.93889390390723E-18,-0.0213));
#3014=CARTESIAN_POINT('',(-2.42861286636753E-17,0.03206225,-0.0213));
#3015=CARTESIAN_POINT('',(-0.00675,-0.0461091141627322,-0.015375));
#3016=CARTESIAN_POINT('',(-0.00577708256835144,-0.04619312437202,-0.015375));
#3017=CARTESIAN_POINT('',(-0.00482011325720217,-0.0462561100541959,-0.0151014389278966));
#3018=CARTESIAN_POINT('',(-0.004,-0.0462979738068684,-0.0145971359549996));
#3019=CARTESIAN_POINT('',(-0.00675,-0.0461091141627322,-0.015375));
#3020=CARTESIAN_POINT('',(-0.004,-0.0462979738068684,-0.0145971359549996));
#3021=CARTESIAN_POINT('',(-0.004,-0.0462979738068684,0.000802));
#3022=CARTESIAN_POINT('',(-0.004,-0.0462979738068684,-0.0213));
#3023=CARTESIAN_POINT('',(-2.42861286636753E-17,0.03206225,-0.0213));
#3024=CARTESIAN_POINT('',(-0.0186908374796182,-0.0441412753080393,-0.0071));
#3025=CARTESIAN_POINT('',(-0.0188965820641892,-0.0440908112569737,-0.0076727045378462));
#3026=CARTESIAN_POINT('',(-0.019,-0.0440647798584051,-0.00826428487928196));
#3027=CARTESIAN_POINT('',(-0.019,-0.0440647798584051,-0.008875));
#3028=CARTESIAN_POINT('',(-0.019,-0.0440647798584051,-0.008875));
#3029=CARTESIAN_POINT('',(-0.019,-0.0440647798584051,-0.0213));
#3030=CARTESIAN_POINT('',(-0.019,-0.0440647798584051,-0.010125));
#3031=CARTESIAN_POINT('',(-0.019,-0.0440647798584051,-0.010125));
#3032=CARTESIAN_POINT('',(-0.019,-0.0440647798584051,-0.0115268847906012));
#3033=CARTESIAN_POINT('',(-0.0178290893195465,-0.0443687965871422,-0.0142543898173689));
#3034=CARTESIAN_POINT('',(-0.0151293866234827,-0.0449402780555743,-0.015375));
#3035=CARTESIAN_POINT('',(-0.01375,-0.0451858061248145,-0.015375));
#3036=CARTESIAN_POINT('',(-0.01375,-0.0451858061248146,-0.015375));
#3037=CARTESIAN_POINT('',(-2.42861286636753E-17,0.03206225,-0.015375));
#3038=CARTESIAN_POINT('',(3.46944695195361E-18,0.,-0.0213));
#3039=CARTESIAN_POINT('',(0.004,0.0459500076598638,-0.0213));
#3040=CARTESIAN_POINT('',(0.004,0.044,-0.0213));
#3041=CARTESIAN_POINT('',(0.,0.044,-0.0213));
#3042=CARTESIAN_POINT('',(-0.004,0.044,-0.0213));
#3043=CARTESIAN_POINT('',(-0.004,0.0459500076598638,-0.0213));
#3044=CARTESIAN_POINT('',(-0.004,-0.0459500076598638,-0.0213));
#3045=CARTESIAN_POINT('',(-0.004,-0.044,-0.0213));
#3046=CARTESIAN_POINT('',(0.,-0.044,-0.0213));
#3047=CARTESIAN_POINT('',(0.004,-0.044,-0.0213));
#3048=CARTESIAN_POINT('',(0.004,-0.0459500076598638,-0.0213));
#3049=CARTESIAN_POINT('',(-0.02685,0.0423011608622144,-0.0213));
#3050=CARTESIAN_POINT('',(0.02685,0.0423011608622144,-0.0213));
#3051=CARTESIAN_POINT('',(0.02685,-0.0423011608622144,-0.0213));
#3052=CARTESIAN_POINT('',(-0.02685,-0.0423011608622144,-0.0213));
#3053=CARTESIAN_POINT('',(0.,-0.044,-0.0213));
#3054=CARTESIAN_POINT('',(-0.002125,-0.044,-0.0213));
#3055=CARTESIAN_POINT('',(0.,0.044,-0.0213));
#3056=CARTESIAN_POINT('',(-0.002125,0.044,-0.0213));
#3057=CARTESIAN_POINT('',(-0.024,0.,-0.0071));
#3058=CARTESIAN_POINT('',(-0.024,-0.03665,-0.0071));
#3059=CARTESIAN_POINT('',(6.93889390390723E-18,-0.03665,-0.0071));
#3060=CARTESIAN_POINT('',(-0.01375,-0.03665,-0.008875));
#3061=CARTESIAN_POINT('',(0.024,0.,-0.0071));
#3062=CARTESIAN_POINT('',(6.93889390390723E-18,-0.0365,-0.0095));
#3063=CARTESIAN_POINT('',(-0.00675,-0.0365,-0.010125));
#3064=CARTESIAN_POINT('',(-0.00675,-0.0365,-0.011375));
#3065=CARTESIAN_POINT('',(-0.0055,-0.0365,-0.010125));
#3066=CARTESIAN_POINT('',(-0.0055,-0.0365,-0.0095));
#3067=CARTESIAN_POINT('',(-0.0055,-0.0365,-0.008875));
#3068=CARTESIAN_POINT('',(-0.00675,-0.0365,-0.008875));
#3069=CARTESIAN_POINT('',(-0.00675,-0.0365,-0.007625));
#3070=CARTESIAN_POINT('',(-0.01025,-0.0365,-0.007625));
#3071=CARTESIAN_POINT('',(-0.01375,-0.0365,-0.007625));
#3072=CARTESIAN_POINT('',(-0.01375,-0.0365,-0.008875));
#3073=CARTESIAN_POINT('',(-0.015,-0.0365,-0.008875));
#3074=CARTESIAN_POINT('',(-0.015,-0.0365,-0.0095));
#3075=CARTESIAN_POINT('',(-0.015,-0.0365,-0.010125));
#3076=CARTESIAN_POINT('',(-0.01375,-0.0365,-0.010125));
#3077=CARTESIAN_POINT('',(-0.01375,-0.0365,-0.011375));
#3078=CARTESIAN_POINT('',(-0.01025,-0.0365,-0.011375));
#3079=CARTESIAN_POINT('',(-0.01375,-0.0365,-0.008875));
#3080=CARTESIAN_POINT('',(-0.019,-0.0365,-0.008875));
#3081=CARTESIAN_POINT('',(-0.00675,-0.0365,-0.008875));
#3082=CARTESIAN_POINT('',(-0.0015,-0.0365,-0.008875));
#3083=CARTESIAN_POINT('',(-0.0015,-0.0365,-0.0095));
#3084=CARTESIAN_POINT('',(-0.0015,-0.0365,-0.010125));
#3085=CARTESIAN_POINT('',(-0.00675,-0.0365,-0.010125));
#3086=CARTESIAN_POINT('',(-0.00675,-0.0365,-0.015375));
#3087=CARTESIAN_POINT('',(-0.01025,-0.0365,-0.015375));
#3088=CARTESIAN_POINT('',(-0.01375,-0.0365,-0.015375));
#3089=CARTESIAN_POINT('',(-0.01375,-0.0365,-0.010125));
#3090=CARTESIAN_POINT('',(-0.019,-0.0365,-0.010125));
#3091=CARTESIAN_POINT('',(-0.019,-0.0365,-0.0095));
#3092=CARTESIAN_POINT('',(-0.01375,-0.048002,-0.008875));
#3093=CARTESIAN_POINT('',(-0.019,-0.048002,-0.008875));
#3094=CARTESIAN_POINT('',(-0.00675,-0.048002,-0.008875));
#3095=CARTESIAN_POINT('',(-0.0015,-0.0402919007564521,-0.008875));
#3096=CARTESIAN_POINT('',(-0.0015,-0.0402919007564521,-0.00826393783239173));
#3097=CARTESIAN_POINT('',(-0.00160649219081118,-0.0403297381973066,-0.00766414713259103));
#3098=CARTESIAN_POINT('',(-0.00180916252038177,-0.0404325175578784,-0.00710000000000007));
#3099=CARTESIAN_POINT('',(-0.0015,-0.0402919007564521,-0.008875));
#3100=CARTESIAN_POINT('',(-0.0015,-0.048002,-0.008875));
#3101=CARTESIAN_POINT('',(-0.0015,-0.048002,-0.0095));
#3102=CARTESIAN_POINT('',(-0.0015,-0.0402919007564521,0.000802));
#3103=CARTESIAN_POINT('',(-0.0015,-0.0402919007564521,-0.010125));
#3104=CARTESIAN_POINT('',(-0.0015,-0.048002,-0.010125));
#3105=CARTESIAN_POINT('',(-0.00675,-0.048002,-0.010125));
#3106=CARTESIAN_POINT('',(-0.004,-0.044,-0.0145971359549996));
#3107=CARTESIAN_POINT('',(-0.004,-0.0433838400990175,-0.0145971359549996));
#3108=CARTESIAN_POINT('',(-0.0037063848795121,-0.0421681834309512,-0.0144386215478792));
#3109=CARTESIAN_POINT('',(-0.00263127676789222,-0.0408817259904499,-0.0135218381274795));
#3110=CARTESIAN_POINT('',(-0.0017149036486309,-0.0403685677349658,-0.0119564994555299));
#3111=CARTESIAN_POINT('',(-0.0015,-0.0402919007564521,-0.0107395441093919));
#3112=CARTESIAN_POINT('',(-0.0015,-0.0402919007564521,-0.010125));
#3113=CARTESIAN_POINT('',(-0.004,-0.044,-0.0145971359549996));
#3114=CARTESIAN_POINT('',(-0.004,-0.048002,-0.0145971359549996));
#3115=CARTESIAN_POINT('',(-0.00675,-0.048002,-0.015375));
#3116=CARTESIAN_POINT('',(-0.01025,-0.048002,-0.015375));
#3117=CARTESIAN_POINT('',(-0.01375,-0.048002,-0.015375));
#3118=CARTESIAN_POINT('',(-0.01375,-0.048002,-0.010125));
#3119=CARTESIAN_POINT('',(-0.019,-0.048002,-0.010125));
#3120=CARTESIAN_POINT('',(-0.019,-0.048002,-0.0095));
#3121=CARTESIAN_POINT('',(-0.01375,-0.048002,-0.008875));
#3122=CARTESIAN_POINT('',(-0.01375,-0.048002,-0.005625));
#3123=CARTESIAN_POINT('',(-0.01375,-0.0457951637450153,-0.005625));
#3124=CARTESIAN_POINT('',(-0.01375,-0.0373,-0.005625));
#3125=CARTESIAN_POINT('',(-0.01375,-0.0457951637450153,-0.005625));
#3126=CARTESIAN_POINT('',(-0.0146005395961207,-0.0455987360001949,-0.005625));
#3127=CARTESIAN_POINT('',(-0.0162611744040823,-0.0451569967953051,-0.00630617793233443));
#3128=CARTESIAN_POINT('',(-0.017,-0.0449237186895119,-0.00800127775865888));
#3129=CARTESIAN_POINT('',(-0.017,-0.0449237186895119,-0.008875));
#3130=CARTESIAN_POINT('',(-0.017,-0.0449237186895119,-0.008875));
#3131=CARTESIAN_POINT('',(-0.017,-0.048002,-0.008875));
#3132=CARTESIAN_POINT('',(-0.017,-0.0373,-0.008875));
#3133=CARTESIAN_POINT('',(-0.01375,-0.0373,-0.008875));
#3134=CARTESIAN_POINT('',(-0.017,-0.048002,-0.0095));
#3135=CARTESIAN_POINT('',(-0.017,-0.0449237186895119,-0.0095));
#3136=CARTESIAN_POINT('',(-0.017,-0.0449237186895119,-0.010125));
#3137=CARTESIAN_POINT('',(-0.017,-0.048002,-0.010125));
#3138=CARTESIAN_POINT('',(-0.017,-0.0373,-0.010125));
#3139=CARTESIAN_POINT('',(-0.017,-0.0373,-0.0095));
#3140=CARTESIAN_POINT('',(-0.01375,-0.048002,-0.010125));
#3141=CARTESIAN_POINT('',(-0.017,-0.0449237186895119,-0.010125));
#3142=CARTESIAN_POINT('',(-0.017,-0.0449237186895119,-0.0109984313278578));
#3143=CARTESIAN_POINT('',(-0.0162644346939844,-0.0451560812782023,-0.0126909002038445));
#3144=CARTESIAN_POINT('',(-0.0146002425908234,-0.0455988045920407,-0.013375));
#3145=CARTESIAN_POINT('',(-0.01375,-0.0457951637450153,-0.013375));
#3146=CARTESIAN_POINT('',(-0.01375,-0.0457951637450153,-0.013375));
#3147=CARTESIAN_POINT('',(-0.01375,-0.048002,-0.013375));
#3148=CARTESIAN_POINT('',(-0.01375,-0.0373,-0.013375));
#3149=CARTESIAN_POINT('',(-0.01375,-0.0373,-0.010125));
#3150=CARTESIAN_POINT('',(-0.01025,-0.048002,-0.013375));
#3151=CARTESIAN_POINT('',(-1.38777878078145E-17,0.03206225,-0.013375));
#3152=CARTESIAN_POINT('',(-0.00675,-0.0467113298035261,-0.013375));
#3153=CARTESIAN_POINT('',(-0.00675,-0.048002,-0.013375));
#3154=CARTESIAN_POINT('',(-0.00675,-0.0373,-0.013375));
#3155=CARTESIAN_POINT('',(-0.01025,-0.0373,-0.013375));
#3156=CARTESIAN_POINT('',(-0.00675,-0.048002,-0.010125));
#3157=CARTESIAN_POINT('',(-0.00675,-0.0467113298035261,-0.013375));
#3158=CARTESIAN_POINT('',(-0.00589553877512812,-0.0468070759093013,-0.013375));
#3159=CARTESIAN_POINT('',(-0.00421314256249375,-0.0469383165201216,-0.0126733397485854));
#3160=CARTESIAN_POINT('',(-0.0035,-0.0469604642982478,-0.0109848987748862));
#3161=CARTESIAN_POINT('',(-0.0035,-0.0469604642982478,-0.010125));
#3162=CARTESIAN_POINT('',(-0.0035,-0.0469604642982478,-0.010125));
#3163=CARTESIAN_POINT('',(-0.0035,-0.048002,-0.010125));
#3164=CARTESIAN_POINT('',(-0.0035,-0.0373,-0.010125));
#3165=CARTESIAN_POINT('',(-0.00675,-0.0373,-0.010125));
#3166=CARTESIAN_POINT('',(6.93889390390723E-18,-0.0373,-0.0095));
#3167=CARTESIAN_POINT('',(-0.00675,-0.0373,-0.008875));
#3168=CARTESIAN_POINT('',(-0.0055,-0.0373,-0.008875));
#3169=CARTESIAN_POINT('',(-0.00675,-0.0373,-0.007625));
#3170=CARTESIAN_POINT('',(-0.0055,-0.0373,-0.0095));
#3171=CARTESIAN_POINT('',(-0.0055,-0.0373,-0.010125));
#3172=CARTESIAN_POINT('',(-0.00675,-0.0373,-0.010125));
#3173=CARTESIAN_POINT('',(-0.00675,-0.0373,-0.011375));
#3174=CARTESIAN_POINT('',(-0.01025,-0.0373,-0.011375));
#3175=CARTESIAN_POINT('',(-0.01375,-0.0373,-0.011375));
#3176=CARTESIAN_POINT('',(-0.01375,-0.0373,-0.010125));
#3177=CARTESIAN_POINT('',(-0.015,-0.0373,-0.010125));
#3178=CARTESIAN_POINT('',(-0.015,-0.0373,-0.0095));
#3179=CARTESIAN_POINT('',(-0.015,-0.0373,-0.008875));
#3180=CARTESIAN_POINT('',(-0.01375,-0.0373,-0.008875));
#3181=CARTESIAN_POINT('',(-0.01375,-0.0373,-0.007625));
#3182=CARTESIAN_POINT('',(-0.01025,-0.0373,-0.007625));
#3183=CARTESIAN_POINT('',(-0.01025,-0.0373,-0.005625));
#3184=CARTESIAN_POINT('',(-0.00675,-0.0373,-0.005625));
#3185=CARTESIAN_POINT('',(-0.0035,-0.0373,-0.0095));
#3186=CARTESIAN_POINT('',(-0.0035,-0.0373,-0.008875));
#3187=CARTESIAN_POINT('',(-0.00675,-0.0373,-0.008875));
#3188=CARTESIAN_POINT('',(-0.0035,-0.048002,-0.0095));
#3189=CARTESIAN_POINT('',(-0.0035,-0.0469604642982478,-0.008875));
#3190=CARTESIAN_POINT('',(-0.0035,-0.0469604642982478,-0.008875));
#3191=CARTESIAN_POINT('',(-0.0035,-0.048002,-0.008875));
#3192=CARTESIAN_POINT('',(-0.01025,-0.048002,-0.005625));
#3193=CARTESIAN_POINT('',(-0.00675,-0.048002,-0.005625));
#3194=CARTESIAN_POINT('',(-0.00675,-0.0467113298035261,-0.005625));
#3195=CARTESIAN_POINT('',(-1.38777878078145E-17,0.03206225,-0.005625));
#3196=CARTESIAN_POINT('',(-0.00675,-0.048002,-0.008875));
#3197=CARTESIAN_POINT('',(-0.0035,-0.0469604642982478,-0.008875));
#3198=CARTESIAN_POINT('',(-0.0035,-0.0469604642982478,-0.00801511981549564));
#3199=CARTESIAN_POINT('',(-0.00420980386485938,-0.0469385235926348,-0.00632998481636401));
#3200=CARTESIAN_POINT('',(-0.00589553267204489,-0.0468070765931784,-0.005625));
#3201=CARTESIAN_POINT('',(-0.00675,-0.0467113298035261,-0.005625));
#3202=CARTESIAN_POINT('',(-0.00675,-0.048002,-0.010125));
#3203=CARTESIAN_POINT('',(-0.0055,-0.048002,-0.010125));
#3204=CARTESIAN_POINT('',(-0.00675,-0.048002,-0.011375));
#3205=CARTESIAN_POINT('',(-0.0055,-0.048002,-0.0095));
#3206=CARTESIAN_POINT('',(-0.0055,-0.048002,-0.008875));
#3207=CARTESIAN_POINT('',(-0.01025,-0.048002,-0.011375));
#3208=CARTESIAN_POINT('',(-0.01375,-0.048002,-0.011375));
#3209=CARTESIAN_POINT('',(-0.01375,-0.048002,-0.010125));
#3210=CARTESIAN_POINT('',(-0.015,-0.048002,-0.010125));
#3211=CARTESIAN_POINT('',(-0.015,-0.048002,-0.0095));
#3212=CARTESIAN_POINT('',(-0.015,-0.048002,-0.008875));
#3213=CARTESIAN_POINT('',(-0.01375,-0.048002,-0.008875));
#3214=CARTESIAN_POINT('',(-0.01375,-0.048002,-0.007625));
#3215=CARTESIAN_POINT('',(-0.01025,-0.048002,-0.007625));
#3216=CARTESIAN_POINT('',(-0.00675,-0.048002,-0.007625));
#3217=CARTESIAN_POINT('',(-0.00675,-0.048002,-0.008875));
#3218=CARTESIAN_POINT('',(-0.004,-0.0459500076598638,0.000802));
#3219=CARTESIAN_POINT('',(-0.004,-0.044,0.000802));
#3220=CARTESIAN_POINT('',(0.,-0.044,0.000802));
#3221=CARTESIAN_POINT('',(0.004,-0.044,0.000802));
#3222=CARTESIAN_POINT('',(0.004,-0.0459500076598638,0.000802));
#3223=CARTESIAN_POINT('',(0.,-0.044,0.000802));
#3224=CARTESIAN_POINT('',(-0.0015,-0.042494800677651,-0.008875));
#3225=CARTESIAN_POINT('',(-0.0015,-0.0424948006776509,-0.00824760381808887));
#3226=CARTESIAN_POINT('',(-0.00162260218702946,-0.0425825118767796,-0.00761930382379553));
#3227=CARTESIAN_POINT('',(-0.0018091625203818,-0.0428853000516524,-0.00709999999999991));
#3228=CARTESIAN_POINT('',(-0.0015,-0.0424948006776509,-0.008875));
#3229=CARTESIAN_POINT('',(-0.00180916252038179,-0.0428853000516526,-0.0071));
#3230=CARTESIAN_POINT('',(-0.0015,-0.0424948006776509,0.000802));
#3231=CARTESIAN_POINT('',(-0.0015,-0.0424948006776509,-0.010125));
#3232=CARTESIAN_POINT('',(-0.0015,-0.045505199322349,-0.010125));
#3233=CARTESIAN_POINT('',(-0.0015,-0.045505199322349,-0.0104008845790772));
#3234=CARTESIAN_POINT('',(-0.00154329864042158,-0.0454642310406763,-0.010944555943852));
#3235=CARTESIAN_POINT('',(-0.00172929896141304,-0.0452523366148751,-0.0117261833249505));
#3236=CARTESIAN_POINT('',(-0.00200400002724078,-0.0448104361311126,-0.0123937824488639));
#3237=CARTESIAN_POINT('',(-0.00218545956617989,-0.0440025285119834,-0.0127170118649597));
#3238=CARTESIAN_POINT('',(-0.00200415821075608,-0.0431888933752948,-0.0123941187662641));
#3239=CARTESIAN_POINT('',(-0.00173014871754818,-0.0427492237617194,-0.0117280296735971));
#3240=CARTESIAN_POINT('',(-0.00154408385393028,-0.0425364404059021,-0.010950562471823));
#3241=CARTESIAN_POINT('',(-0.0015,-0.042494800677651,-0.0104008870440497));
#3242=CARTESIAN_POINT('',(-0.0015,-0.042494800677651,-0.010125));
#3243=CARTESIAN_POINT('',(-0.0015,-0.045505199322349,-0.010125));
#3244=CARTESIAN_POINT('',(-0.0015,-0.045505199322349,0.000802));
#3245=CARTESIAN_POINT('',(-0.0015,-0.045505199322349,-0.008875));
#3246=CARTESIAN_POINT('',(-0.0018091625203818,-0.0451146999483474,-0.00709999999999998));
#3247=CARTESIAN_POINT('',(-0.00162482557781891,-0.0454138795509849,-0.00761311485898193));
#3248=CARTESIAN_POINT('',(-0.0015,-0.045505199322349,-0.00824803980111509));
#3249=CARTESIAN_POINT('',(-0.0015,-0.045505199322349,-0.008875));
#3250=CARTESIAN_POINT('',(-0.00180916252038179,-0.0451146999483474,-0.0071));
#3251=CARTESIAN_POINT('',(0.,-0.044,-0.0071));
#3252=CARTESIAN_POINT('',(-0.0015,-0.048002,-0.0095));
#3253=CARTESIAN_POINT('',(-0.0015,-0.048002,-0.008875));
#3254=CARTESIAN_POINT('',(-0.0015,-0.048002,-0.010125));
#3255=CARTESIAN_POINT('',(-0.00675,-0.048002,-0.010125));
#3256=CARTESIAN_POINT('',(6.93889390390723E-18,1.38777878078145E-17,-0.0071));
#3257=CARTESIAN_POINT('',(-0.00180916252038179,-0.048002,-0.0071));
#3258=CARTESIAN_POINT('',(-0.00675,-0.048002,-0.008875));
#3259=CARTESIAN_POINT('',(0.,0.044,0.000802));
#3260=CARTESIAN_POINT('',(0.,0.044,-0.0071));
#3261=CARTESIAN_POINT('',(-0.002125,0.044,-0.0071));
#3262=CARTESIAN_POINT('',(0.,0.044,0.000802));
#3263=CARTESIAN_POINT('',(-0.004,0.044,0.000802));
#3264=CARTESIAN_POINT('',(0.004,0.044,0.000802));
#3265=CARTESIAN_POINT('',(0.004,0.044,-0.0171));
#3266=CARTESIAN_POINT('',(0.004,0.044,0.000802));
#3267=CARTESIAN_POINT('',(-0.004,0.0459500076598638,0.000802));
#3268=CARTESIAN_POINT('',(0.004,0.0459500076598638,0.000802));
#3269=CARTESIAN_POINT('',(0.004,0.048002,-0.0171));
#3270=CARTESIAN_POINT('',(6.93889390390723E-18,1.38777878078145E-17,-0.0071));
#3271=CARTESIAN_POINT('',(-0.00253162065334594,-0.0479599642403598,-0.008875));
#3272=CARTESIAN_POINT('',(-0.0035,-0.0479293281329047,-0.008875));
#3273=CARTESIAN_POINT('',(-0.0035,-0.0469604642982478,-0.008875));
#3274=CARTESIAN_POINT('',(-0.00253162066406248,-0.0479599642400208,-0.00775137826594443));
#3275=CARTESIAN_POINT('',(-0.00350000000824631,-0.0479293281325308,-0.0080076561763305));
#3276=CARTESIAN_POINT('',(-0.0035,-0.0469604642979437,-0.00801575985042683));
#3277=CARTESIAN_POINT('',(-0.00346964148379986,-0.0479377968573488,-0.00554942632287147));
#3278=CARTESIAN_POINT('',(-0.00421902713834461,-0.0478996985339748,-0.0063001757846604));
#3279=CARTESIAN_POINT('',(-0.00420835064682545,-0.0469385737922235,-0.00633191424941342));
#3280=CARTESIAN_POINT('',(-0.00570174685876648,-0.0478048177333392,-0.00462500000656745));
#3281=CARTESIAN_POINT('',(-0.00597292900536312,-0.0477815805072175,-0.00560276168462378));
#3282=CARTESIAN_POINT('',(-0.00589393504103914,-0.0468072556143775,-0.005625));
#3283=CARTESIAN_POINT('',(-0.00683537576403404,-0.0477076786274405,-0.004625));
#3284=CARTESIAN_POINT('',(-0.00683537576403404,-0.0477076786274405,-0.005625));
#3285=CARTESIAN_POINT('',(-0.00675,-0.0467113298035261,-0.005625));
#3286=CARTESIAN_POINT('',(-0.00675,-0.0467113298035261,-0.004625));
#3287=CARTESIAN_POINT('',(-0.0025,-0.0469604642982478,-0.008875));
#3288=CARTESIAN_POINT('',(-0.0025,-0.0469604642982478,0.0008));
#3289=CARTESIAN_POINT('',(-0.0025,-0.0469604642982478,-0.010125));
#3290=CARTESIAN_POINT('',(-1.38777878078145E-17,0.03206225,-0.004625));
#3291=CARTESIAN_POINT('',(-0.01375,-0.0457951637450153,-0.004625));
#3292=CARTESIAN_POINT('',(-0.00683537576403404,-0.0477076786274405,-0.014375));
#3293=CARTESIAN_POINT('',(-0.00683537576403404,-0.0477076786274405,-0.013375));
#3294=CARTESIAN_POINT('',(-0.00675,-0.0467113298035261,-0.013375));
#3295=CARTESIAN_POINT('',(-0.00570174253660422,-0.0478048181036994,-0.0143749999898608));
#3296=CARTESIAN_POINT('',(-0.00597292575328522,-0.0477815807857768,-0.0133972383964432));
#3297=CARTESIAN_POINT('',(-0.00589393177712536,-0.0468072559799121,-0.013375));
#3298=CARTESIAN_POINT('',(-0.00347406592980358,-0.0479375868578398,-0.0134549230400348));
#3299=CARTESIAN_POINT('',(-0.00422245002292274,-0.0478994984289435,-0.0127031677710359));
#3300=CARTESIAN_POINT('',(-0.00421169178569497,-0.0469383664157747,-0.0126714117326209));
#3301=CARTESIAN_POINT('',(-0.00253162066033572,-0.0479599642401387,-0.0112486450270756));
#3302=CARTESIAN_POINT('',(-0.00350000000537873,-0.0479293281326722,-0.0109923618039759));
#3303=CARTESIAN_POINT('',(-0.0035,-0.0469604642980451,-0.0109842579618805));
#3304=CARTESIAN_POINT('',(-0.00253162065334594,-0.0479599642403598,-0.010125));
#3305=CARTESIAN_POINT('',(-0.0035,-0.0479293281329047,-0.010125));
#3306=CARTESIAN_POINT('',(-0.0035,-0.0469604642982478,-0.010125));
#3307=CARTESIAN_POINT('',(-0.00675,-0.0467113298035261,-0.014375));
#3308=CARTESIAN_POINT('',(-0.0139239135934027,-0.0467799246611923,-0.004625));
#3309=CARTESIAN_POINT('',(-0.0139239135934027,-0.0467799246611923,-0.005625));
#3310=CARTESIAN_POINT('',(-0.01375,-0.0457951637450153,-0.005625));
#3311=CARTESIAN_POINT('',(-0.0150545251281364,-0.0465802531353245,-0.00462500001063877));
#3312=CARTESIAN_POINT('',(-0.0148202429614759,-0.0466216285109026,-0.00567175580732748));
#3313=CARTESIAN_POINT('',(-0.0146037863779577,-0.0455979861720914,-0.005625));
#3314=CARTESIAN_POINT('',(-0.0172649558237608,-0.0461302072104279,-0.00552905750151557));
#3315=CARTESIAN_POINT('',(-0.0164773861735968,-0.0462960403953717,-0.0065649081917591));
#3316=CARTESIAN_POINT('',(-0.0162730030423643,-0.0451535614480461,-0.00631633809346162));
#3317=CARTESIAN_POINT('',(-0.0182276686973438,-0.0458974573424623,-0.00774062457086399));
#3318=CARTESIAN_POINT('',(-0.0169999999958471,-0.0461844971367645,-0.00808621703720813));
#3319=CARTESIAN_POINT('',(-0.017,-0.0449237186910625,-0.00800753643654386));
#3320=CARTESIAN_POINT('',(-0.0182276687040908,-0.0458974573408848,-0.008875));
#3321=CARTESIAN_POINT('',(-0.017,-0.0461844971359253,-0.008875));
#3322=CARTESIAN_POINT('',(-0.017,-0.0449237186895119,-0.008875));
#3323=CARTESIAN_POINT('',(-0.018,-0.0449237186895119,-0.008875));
#3324=CARTESIAN_POINT('',(-1.38777878078145E-17,0.03206225,-0.014375));
#3325=CARTESIAN_POINT('',(-0.01375,-0.0457951637450153,-0.014375));
#3326=CARTESIAN_POINT('',(-0.018,-0.0449237186895119,0.0008));
#3327=CARTESIAN_POINT('',(-0.018,-0.0449237186895119,-0.010125));
#3328=CARTESIAN_POINT('',(-0.0182276687040908,-0.0458974573408848,-0.010125));
#3329=CARTESIAN_POINT('',(-0.017,-0.0461844971359253,-0.010125));
#3330=CARTESIAN_POINT('',(-0.017,-0.0449237186895119,-0.010125));
#3331=CARTESIAN_POINT('',(-0.0182276686929238,-0.0458974573434957,-0.0112589534460872));
#3332=CARTESIAN_POINT('',(-0.0169999999930915,-0.0461844971373274,-0.0109134895385952));
#3333=CARTESIAN_POINT('',(-0.017,-0.0449237186920612,-0.0109921408705371));
#3334=CARTESIAN_POINT('',(-0.0172691938678775,-0.0461292975719771,-0.0134672152200939));
#3335=CARTESIAN_POINT('',(-0.0164804149340905,-0.0462954357300931,-0.0124321390236467));
#3336=CARTESIAN_POINT('',(-0.0162762034187302,-0.0451526631711701,-0.0126808116359743));
#3337=CARTESIAN_POINT('',(-0.0150540940022591,-0.0465803292742627,-0.01437499999236));
#3338=CARTESIAN_POINT('',(-0.01481989318571,-0.0466216902831133,-0.0133282624407484));
#3339=CARTESIAN_POINT('',(-0.0146034608113411,-0.0455980613601848,-0.013375));
#3340=CARTESIAN_POINT('',(-0.0139239135934027,-0.0467799246611923,-0.014375));
#3341=CARTESIAN_POINT('',(-0.0139239135934027,-0.0467799246611923,-0.013375));
#3342=CARTESIAN_POINT('',(-0.01375,-0.0457951637450153,-0.013375));
#3343=CARTESIAN_POINT('',(0.02685,-0.0423011608622144,0.0008));
#3344=CARTESIAN_POINT('',(0.02685,-0.0423011608622144,-0.0002));
#3345=CARTESIAN_POINT('',(0.02685,-0.0423011608622144,-0.0002));
#3346=CARTESIAN_POINT('',(0.02685,-0.0423011608622144,-0.0002));
#3347=CARTESIAN_POINT('',(0.02685,-0.0423011608622144,-0.0002));
#3348=CARTESIAN_POINT('',(0.02685,0.0423011608622144,0.0008));
#3349=CARTESIAN_POINT('',(0.02685,0.0423011608622144,-0.0002));
#3350=CARTESIAN_POINT('',(0.02685,7.14060593599756E-18,-0.0002));
#3351=CARTESIAN_POINT('',(0.02685,0.0423011608622144,-0.0002));
#3352=CARTESIAN_POINT('',(-1.38777878078145E-17,0.03206225,-0.0002));
#3353=CARTESIAN_POINT('',(-0.02685,-0.0423011608622144,-0.0002));
#3354=CARTESIAN_POINT('',(-0.02685,-0.0423011608622144,0.0008));
#3355=CARTESIAN_POINT('',(-0.02685,-0.0423011608622144,-0.0002));
#3356=CARTESIAN_POINT('',(0.02685,0.0423011608622144,-0.0002));
#3357=CARTESIAN_POINT('',(0.02685,0.0423011608622144,-0.0002));
#3358=CARTESIAN_POINT('',(-0.02685,-0.0423011608622144,-0.0002));
#3359=CARTESIAN_POINT('',(-0.02685,-0.0423011608622144,-0.0002));
#3360=CARTESIAN_POINT('',(8.67361737988404E-18,-0.03206225,-0.0002));
#3361=CARTESIAN_POINT('',(-0.02685,0.0423011608622144,-0.0002));
#3362=CARTESIAN_POINT('',(-0.02685,-8.46181974618919E-18,-0.0002));
#3363=CARTESIAN_POINT('',(-0.02685,0.0423011608622144,-0.0002));
#3364=CARTESIAN_POINT('',(-0.02685,0.0423011608622144,-0.0002));
#3365=CARTESIAN_POINT('',(-0.02685,0.0423011608622144,-0.0002));
#3366=CARTESIAN_POINT('',(-0.02685,0.0423011608622144,0.0008));
#3367=CARTESIAN_POINT('',(0.01796,-0.02673,-0.0002));
#3368=CARTESIAN_POINT('',(0.01796,-0.03073,-0.0002));
#3369=CARTESIAN_POINT('',(0.02196,-0.02673,-0.0002));
#3370=CARTESIAN_POINT('',(0.02196,-1.81532678900199E-17,-0.0002));
#3371=CARTESIAN_POINT('',(0.02196,0.02673,-0.0002));
#3372=CARTESIAN_POINT('',(-3.46944695195361E-18,-0.03073,-0.0002));
#3373=CARTESIAN_POINT('',(-0.01796,-0.03073,-0.0002));
#3374=CARTESIAN_POINT('',(0.01796,0.02673,-0.0002));
#3375=CARTESIAN_POINT('',(0.01796,0.03073,-0.0002));
#3376=CARTESIAN_POINT('',(-0.01796,-0.02673,-0.0002));
#3377=CARTESIAN_POINT('',(-0.02196,-0.02673,-0.0002));
#3378=CARTESIAN_POINT('',(3.46944695195361E-18,0.03073,-0.0002));
#3379=CARTESIAN_POINT('',(-0.01796,0.03073,-0.0002));
#3380=CARTESIAN_POINT('',(-0.02196,1.94693992814457E-19,-0.0002));
#3381=CARTESIAN_POINT('',(-0.02196,0.02673,-0.0002));
#3382=CARTESIAN_POINT('',(-0.01796,0.02673,-0.0002));
#3383=CARTESIAN_POINT('',(0.02685,-6.7371818718169E-18,-0.0173));
#3384=CARTESIAN_POINT('',(0.02685,-0.0175,-0.0173));
#3385=CARTESIAN_POINT('',(0.02685,-0.0175,-0.0173));
#3386=CARTESIAN_POINT('',(0.02685,-6.7371818718169E-18,-0.0173));
#3387=CARTESIAN_POINT('',(0.02685,0.0175,-0.0173));
#3388=CARTESIAN_POINT('',(0.02685,0.0175,-0.0173));
#3389=CARTESIAN_POINT('',(0.02685,-0.0175,-0.0183));
#3390=CARTESIAN_POINT('',(0.02685,-0.0175,-0.0193));
#3391=CARTESIAN_POINT('',(0.02685,-0.0175,-0.0193));
#3392=CARTESIAN_POINT('',(0.02685,-0.0175,-0.0183));
#3393=CARTESIAN_POINT('',(0.02685,-6.7371818718169E-18,-0.0193));
#3394=CARTESIAN_POINT('',(0.02685,0.0175,-0.0193));
#3395=CARTESIAN_POINT('',(0.02685,0.0175,-0.0193));
#3396=CARTESIAN_POINT('',(0.02685,-6.7371818718169E-18,-0.0193));
#3397=CARTESIAN_POINT('',(0.02685,0.0175,-0.0183));
#3398=CARTESIAN_POINT('',(0.02685,0.0175,-0.0183));
#3399=CARTESIAN_POINT('',(0.02685,1.52292584228196E-18,-0.01075));
#3400=CARTESIAN_POINT('',(-0.02685,6.7371818718169E-18,-0.0173));
#3401=CARTESIAN_POINT('',(-0.02685,0.0175,-0.0173));
#3402=CARTESIAN_POINT('',(-0.02685,0.0175,-0.0173));
#3403=CARTESIAN_POINT('',(-0.02685,6.7371818718169E-18,-0.0173));
#3404=CARTESIAN_POINT('',(-0.02685,-0.0175,-0.0173));
#3405=CARTESIAN_POINT('',(-0.02685,-0.0175,-0.0173));
#3406=CARTESIAN_POINT('',(-0.02685,0.0175,-0.0183));
#3407=CARTESIAN_POINT('',(-0.02685,0.0175,-0.0193));
#3408=CARTESIAN_POINT('',(-0.02685,0.0175,-0.0193));
#3409=CARTESIAN_POINT('',(-0.02685,0.0175,-0.0183));
#3410=CARTESIAN_POINT('',(-0.02685,6.7371818718169E-18,-0.0193));
#3411=CARTESIAN_POINT('',(-0.02685,-0.0175,-0.0193));
#3412=CARTESIAN_POINT('',(-0.02685,-0.0175,-0.0193));
#3413=CARTESIAN_POINT('',(-0.02685,6.7371818718169E-18,-0.0193));
#3414=CARTESIAN_POINT('',(-0.02685,-0.0175,-0.0183));
#3415=CARTESIAN_POINT('',(-0.02685,-0.0175,-0.0183));
#3416=CARTESIAN_POINT('',(-0.02685,-1.52292584228196E-18,-0.01075));
#3417=CARTESIAN_POINT('',(0.004,0.048002,-0.0121));
#3418=CARTESIAN_POINT('',(0.004,0.048002,-0.0171));
#3419=CARTESIAN_POINT('',(0.0065,0.048002,-0.0171));
#3420=CARTESIAN_POINT('',(0.0065,0.048002,-0.0196));
#3421=CARTESIAN_POINT('',(0.008,0.048002,-0.0196));
#3422=CARTESIAN_POINT('',(0.0095,0.048002,-0.0196));
#3423=CARTESIAN_POINT('',(0.0095,0.048002,-0.0171));
#3424=CARTESIAN_POINT('',(0.012,0.048002,-0.0171));
#3425=CARTESIAN_POINT('',(0.012,0.048002,-0.0121));
#3426=CARTESIAN_POINT('',(0.0065,0.149827574861353,-0.0171));
#3427=CARTESIAN_POINT('',(0.0065,0.149827574861353,-0.0156));
#3428=CARTESIAN_POINT('',(0.0065,0.149827574861353,-0.0186));
#3429=CARTESIAN_POINT('',(0.008,0.149827574861353,-0.0186));
#3430=CARTESIAN_POINT('',(0.0095,0.149827574861353,-0.0186));
#3431=CARTESIAN_POINT('',(0.0095,0.149827574861353,-0.0171));
#3432=CARTESIAN_POINT('',(0.0095,0.149827574861353,-0.0156));
#3433=CARTESIAN_POINT('',(0.008,0.149827574861353,-0.0156));
#3434=MECHANICAL_DESIGN_GEOMETRIC_PRESENTATION_REPRESENTATION('',(#1946),
#3435);
#3435=(
GEOMETRIC_REPRESENTATION_CONTEXT(3)
GLOBAL_UNCERTAINTY_ASSIGNED_CONTEXT((#3436))
GLOBAL_UNIT_ASSIGNED_CONTEXT((#3439,#3438,#3437))
REPRESENTATION_CONTEXT('TopHousing','TOP_LEVEL_ASSEMBLY_PART')
);
#3436=UNCERTAINTY_MEASURE_WITH_UNIT(LENGTH_MEASURE(2.E-5),#3439,
'DISTANCE_ACCURACY_VALUE','Maximum Tolerance applied to model');
#3437=(
NAMED_UNIT(*)
SI_UNIT($,.STERADIAN.)
SOLID_ANGLE_UNIT()
);
#3438=(
NAMED_UNIT(*)
PLANE_ANGLE_UNIT()
SI_UNIT($,.RADIAN.)
);
#3439=(
LENGTH_UNIT()
NAMED_UNIT(*)
SI_UNIT($,.METRE.)
);
#3440=PRODUCT_DEFINITION_SHAPE('','',#3441);
#3441=PRODUCT_DEFINITION('','',#3443,#3442);
#3442=PRODUCT_DEFINITION_CONTEXT('',#3449,'design');
#3443=PRODUCT_DEFINITION_FORMATION_WITH_SPECIFIED_SOURCE('','',#3445,
 .NOT_KNOWN.);
#3444=PRODUCT_RELATED_PRODUCT_CATEGORY('','',(#3445));
#3445=PRODUCT('TopHousing','TopHousing','TopHousing',(#3447));
#3446=PRODUCT_CATEGORY('','');
#3447=PRODUCT_CONTEXT('',#3449,'mechanical');
#3448=APPLICATION_PROTOCOL_DEFINITION('international standard',
'ap242_managed_model_based_3d_engineering',2020,#3449);
#3449=APPLICATION_CONTEXT('managed model based 3d engineering');
ENDSEC;
END-ISO-10303-21;
