ISO-10303-21;
HEADER;
/* Generated by software containing ST-Developer
 * from STEP Tools, Inc. (www.steptools.com) 
 */
/* OPTION: using custom renumber hook */

FILE_DESCRIPTION(
/* description */ ('STEP AP242 Edition 2',
'CAx-IF Rec.Pracs.---Representation and Presentation of Product Manufa
cturing Information (PMI)---4.0---2014-10-13',
'CAx-IF Rec.Pracs.---3D Tessellated Geometry---0.4---2014-09-14','2;1',
'CAx-IF Rec.Pracs.---User Defined Attributes---1.5---2016-08-15'),
/* implementation_level */ '2;1');

FILE_NAME(
/* name */ 'Housing - TopHousing',
/* time_stamp */ '2026-09-06T15:48:10Z',
/* author */ (''),
/* organization */ (''),
/* preprocessor_version */ 'ST-DEVELOPER v20',
/* originating_system */ 'ONSHAPE BY PTC INC, 1.220',
/* authorisation */ '  ');

FILE_SCHEMA (('AP242_MANAGED_MODEL_BASED_3D_ENGINEERING_MIM_LF { 1 0 10303 442 3 1 4 }'));
ENDSEC;

DATA;
#10=SHAPE_REPRESENTATION_RELATIONSHIP('','',#1759,#11);
#11=ADVANCED_BREP_SHAPE_REPRESENTATION('',(#1757),#3091);
#12=SPHERICAL_SURFACE('',#1894,0.001);
#13=SPHERICAL_SURFACE('',#1905,0.001);
#14=SPHERICAL_SURFACE('',#1907,0.001);
#15=SPHERICAL_SURFACE('',#1913,0.001);
#16=TOROIDAL_SURFACE('',#1884,0.07906225,0.001);
#17=TOROIDAL_SURFACE('',#1888,0.07906225,0.001);
#18=TOROIDAL_SURFACE('',#1901,0.07906225,0.001);
#19=TOROIDAL_SURFACE('',#1909,0.07906225,0.001);
#20=TOROIDAL_SURFACE('',#1916,0.004,0.001);
#21=TOROIDAL_SURFACE('',#1923,0.004,0.001);
#22=TOROIDAL_SURFACE('',#1925,0.004,0.001);
#23=TOROIDAL_SURFACE('',#1931,0.004,0.001);
#24=(
BOUNDED_SURFACE()
B_SPLINE_SURFACE(3,2,((#2944,#2945,#2946),(#2947,#2948,#2949),(#2950,#2951,
#2952),(#2953,#2954,#2955),(#2956,#2957,#2958)),.UNSPECIFIED.,.F.,.F.,.F.)
B_SPLINE_SURFACE_WITH_KNOTS((4,1,4),(3,3),(-1.23599047663348E-17,0.00332302597595363,
0.00664605195190726),(0.,1.),.UNSPECIFIED.)
GEOMETRIC_REPRESENTATION_ITEM()
RATIONAL_B_SPLINE_SURFACE(((1.,0.718199364155225,1.),(1.,0.718199364174249,
1.),(1.,0.721071091884727,1.),(1.,0.715057620279205,1.),(1.,0.707106781186548,
1.)))
REPRESENTATION_ITEM('')
SURFACE()
);
#25=(
BOUNDED_SURFACE()
B_SPLINE_SURFACE(3,2,((#2965,#2966,#2967),(#2968,#2969,#2970),(#2971,#2972,
#2973),(#2974,#2975,#2976),(#2977,#2978,#2979)),.UNSPECIFIED.,.F.,.F.,.F.)
B_SPLINE_SURFACE_WITH_KNOTS((4,1,4),(3,3),(-9.32413868337534E-18,0.00332304705012353,
0.00664609410024707),(0.,1.),.UNSPECIFIED.)
GEOMETRIC_REPRESENTATION_ITEM()
RATIONAL_B_SPLINE_SURFACE(((1.,0.707106781186548,1.),(1.,0.715057650567118,
1.),(1.,0.721067715026985,1.),(1.,0.718199364167575,1.),(1.,0.718199364155225,
1.)))
REPRESENTATION_ITEM('')
SURFACE()
);
#26=(
BOUNDED_SURFACE()
B_SPLINE_SURFACE(3,2,((#2981,#2982,#2983),(#2984,#2985,#2986),(#2987,#2988,
#2989),(#2990,#2991,#2992),(#2993,#2994,#2995)),.UNSPECIFIED.,.F.,.F.,.F.)
B_SPLINE_SURFACE_WITH_KNOTS((4,1,4),(3,3),(5.85469173142172E-18,0.00335297145720729,
0.00670594291441456),(0.,1.),.UNSPECIFIED.)
GEOMETRIC_REPRESENTATION_ITEM()
RATIONAL_B_SPLINE_SURFACE(((1.,0.707106781186548,1.),(1.,0.690953736407598,
1.),(1.,0.648392630623798,1.),(1.,0.621422278473391,1.),(1.,0.621422278289581,
1.)))
REPRESENTATION_ITEM('')
SURFACE()
);
#27=(
BOUNDED_SURFACE()
B_SPLINE_SURFACE(3,2,((#3001,#3002,#3003),(#3004,#3005,#3006),(#3007,#3008,
#3009),(#3010,#3011,#3012),(#3013,#3014,#3015)),.UNSPECIFIED.,.F.,.F.,.F.)
B_SPLINE_SURFACE_WITH_KNOTS((4,1,4),(3,3),(4.33680868994202E-18,0.00335294788797212,
0.00670589577594424),(0.,1.),.UNSPECIFIED.)
GEOMETRIC_REPRESENTATION_ITEM()
RATIONAL_B_SPLINE_SURFACE(((1.,0.621422278289581,1.),(1.,0.621422278584236,
1.),(1.,0.648300134215855,1.),(1.,0.690959895939009,1.),(1.,0.707106781186548,
1.)))
REPRESENTATION_ITEM('')
SURFACE()
);
#28=B_SPLINE_CURVE_WITH_KNOTS('',3,(#2543,#2544,#2545,#2546,#2547),
 .UNSPECIFIED.,.F.,.F.,(4,1,4),(0.,0.00339771454840163,0.00679542909680327),
 .UNSPECIFIED.);
#29=B_SPLINE_CURVE_WITH_KNOTS('',3,(#2551,#2552,#2553,#2554,#2555),
 .UNSPECIFIED.,.F.,.F.,(4,1,4),(0.,0.00340694171445259,0.00681388342890518),
 .UNSPECIFIED.);
#30=B_SPLINE_CURVE_WITH_KNOTS('',3,(#2559,#2560,#2561,#2562,#2563),
 .UNSPECIFIED.,.F.,.F.,(4,1,4),(0.,0.00337108336745306,0.00674216673490612),
 .UNSPECIFIED.);
#31=B_SPLINE_CURVE_WITH_KNOTS('',3,(#2567,#2568,#2569,#2570,#2571),
 .UNSPECIFIED.,.F.,.F.,(4,1,4),(0.,0.00337158486294033,0.00674316972588065),
 .UNSPECIFIED.);
#32=B_SPLINE_CURVE_WITH_KNOTS('',3,(#2688,#2689,#2690,#2691),
 .UNSPECIFIED.,.F.,.F.,(4,4),(0.,0.00288818086645572),.UNSPECIFIED.);
#33=B_SPLINE_CURVE_WITH_KNOTS('',3,(#2697,#2698,#2699,#2700),
 .UNSPECIFIED.,.F.,.F.,(4,4),(0.,0.00180334633884442),.UNSPECIFIED.);
#34=B_SPLINE_CURVE_WITH_KNOTS('',3,(#2704,#2705,#2706,#2707,#2708),
 .UNSPECIFIED.,.F.,.F.,(4,1,4),(0.,0.00414505403344909,0.00829010806689819),
 .UNSPECIFIED.);
#35=B_SPLINE_CURVE_WITH_KNOTS('',3,(#2771,#2772,#2773,#2774),
 .UNSPECIFIED.,.F.,.F.,(4,4),(0.,0.00180837043245086),.UNSPECIFIED.);
#36=B_SPLINE_CURVE_WITH_KNOTS('',3,(#2782,#2783,#2784,#2785,#2786,#2787,
#2788),.UNSPECIFIED.,.F.,.F.,(4,1,1,1,4),(0.,0.00182288638484518,0.00364577276969036,
0.00546865915453554,0.00729154553938072),.UNSPECIFIED.);
#37=B_SPLINE_CURVE_WITH_KNOTS('',3,(#2801,#2802,#2803,#2804,#2805),
 .UNSPECIFIED.,.F.,.F.,(4,1,4),(0.,0.00258234347207803,0.00516468694415606),
 .UNSPECIFIED.);
#38=B_SPLINE_CURVE_WITH_KNOTS('',3,(#2817,#2818,#2819,#2820,#2821),
 .UNSPECIFIED.,.F.,.F.,(4,1,4),(0.,0.0025812805222335,0.005162561044467),
 .UNSPECIFIED.);
#39=B_SPLINE_CURVE_WITH_KNOTS('',3,(#2833,#2834,#2835,#2836,#2837),
 .UNSPECIFIED.,.F.,.F.,(4,1,4),(0.,0.00254301573023258,0.00508603146046516),
 .UNSPECIFIED.);
#40=B_SPLINE_CURVE_WITH_KNOTS('',3,(#2873,#2874,#2875,#2876,#2877),
 .UNSPECIFIED.,.F.,.F.,(4,1,4),(0.,0.00254300242738036,0.00508600485476072),
 .UNSPECIFIED.);
#41=B_SPLINE_CURVE_WITH_KNOTS('',3,(#2900,#2901,#2902,#2903),
 .UNSPECIFIED.,.F.,.F.,(4,4),(0.,0.00186134615010898),.UNSPECIFIED.);
#42=B_SPLINE_CURVE_WITH_KNOTS('',3,(#2908,#2909,#2910,#2911,#2912,#2913,
#2914,#2915,#2916,#2917,#2918),.UNSPECIFIED.,.F.,.F.,(4,1,1,1,1,1,1,1,4),
(0.,0.000818488722031225,0.00163697744406245,0.00245546616609367,0.0032739548881249,
0.00409244361015612,0.00491093233218735,0.00572942105421857,0.0065479097762498),
 .UNSPECIFIED.);
#43=B_SPLINE_CURVE_WITH_KNOTS('',3,(#2922,#2923,#2924,#2925),
 .UNSPECIFIED.,.F.,.F.,(4,4),(0.00468787371070245,0.00654790977624984),
 .UNSPECIFIED.);
#44=CYLINDRICAL_SURFACE('',#1770,0.07846225);
#45=CYLINDRICAL_SURFACE('',#1772,0.07846225);
#46=CYLINDRICAL_SURFACE('',#1774,0.08006225);
#47=CYLINDRICAL_SURFACE('',#1782,0.08006225);
#48=CYLINDRICAL_SURFACE('',#1802,0.07846225);
#49=CYLINDRICAL_SURFACE('',#1805,0.07846225);
#50=CYLINDRICAL_SURFACE('',#1831,0.00525);
#51=CYLINDRICAL_SURFACE('',#1832,0.00525);
#52=CYLINDRICAL_SURFACE('',#1834,0.00525);
#53=CYLINDRICAL_SURFACE('',#1836,0.00525);
#54=CYLINDRICAL_SURFACE('',#1838,0.00325);
#55=CYLINDRICAL_SURFACE('',#1841,0.00325);
#56=CYLINDRICAL_SURFACE('',#1845,0.00325);
#57=CYLINDRICAL_SURFACE('',#1856,0.00325);
#58=CYLINDRICAL_SURFACE('',#1857,0.00125);
#59=CYLINDRICAL_SURFACE('',#1860,0.00125);
#60=CYLINDRICAL_SURFACE('',#1862,0.00125);
#61=CYLINDRICAL_SURFACE('',#1864,0.00125);
#62=CYLINDRICAL_SURFACE('',#1866,0.004);
#63=CYLINDRICAL_SURFACE('',#1868,0.002125);
#64=CYLINDRICAL_SURFACE('',#1871,0.00525);
#65=CYLINDRICAL_SURFACE('',#1873,0.00525);
#66=CYLINDRICAL_SURFACE('',#1874,0.002125);
#67=CYLINDRICAL_SURFACE('',#1876,0.004);
#68=CYLINDRICAL_SURFACE('',#1882,0.001);
#69=CYLINDRICAL_SURFACE('',#1890,0.001);
#70=CYLINDRICAL_SURFACE('',#1892,0.001);
#71=CYLINDRICAL_SURFACE('',#1897,0.001);
#72=CYLINDRICAL_SURFACE('',#1899,0.001);
#73=CYLINDRICAL_SURFACE('',#1903,0.001);
#74=CYLINDRICAL_SURFACE('',#1911,0.001);
#75=CYLINDRICAL_SURFACE('',#1915,0.001);
#76=CYLINDRICAL_SURFACE('',#1919,0.001);
#77=CYLINDRICAL_SURFACE('',#1921,0.001);
#78=CYLINDRICAL_SURFACE('',#1927,0.001);
#79=CYLINDRICAL_SURFACE('',#1929,0.001);
#80=CIRCLE('',#1764,0.07846225);
#81=CIRCLE('',#1765,0.004);
#82=CIRCLE('',#1766,0.07846225);
#83=CIRCLE('',#1767,0.07846225);
#84=CIRCLE('',#1768,0.004);
#85=CIRCLE('',#1769,0.07846225);
#86=CIRCLE('',#1771,0.07846225);
#87=CIRCLE('',#1773,0.07846225);
#88=CIRCLE('',#1775,0.08006225);
#89=CIRCLE('',#1776,0.08006225);
#90=CIRCLE('',#1777,0.08006225);
#91=CIRCLE('',#1778,0.08006225);
#92=CIRCLE('',#1780,0.00525);
#93=CIRCLE('',#1783,0.08006225);
#94=CIRCLE('',#1784,0.08006225);
#95=CIRCLE('',#1786,0.004);
#96=CIRCLE('',#1787,0.004);
#97=CIRCLE('',#1788,0.004);
#98=CIRCLE('',#1789,0.004);
#99=CIRCLE('',#1790,0.07906225);
#100=CIRCLE('',#1791,0.07906225);
#101=CIRCLE('',#1793,0.00302020410288673);
#102=CIRCLE('',#1794,0.00302020410288674);
#103=CIRCLE('',#1795,0.00302020410288674);
#104=CIRCLE('',#1796,0.00302020410288674);
#105=CIRCLE('',#1803,0.07846225);
#106=CIRCLE('',#1806,0.07846225);
#107=CIRCLE('',#1807,0.07846225);
#108=CIRCLE('',#1809,0.004);
#109=CIRCLE('',#1810,0.004);
#110=CIRCLE('',#1811,0.001);
#111=CIRCLE('',#1812,0.001);
#112=CIRCLE('',#1813,0.001);
#113=CIRCLE('',#1814,0.001);
#114=CIRCLE('',#1815,0.002125);
#115=CIRCLE('',#1816,0.002125);
#116=CIRCLE('',#1819,0.00525);
#117=CIRCLE('',#1823,0.00125);
#118=CIRCLE('',#1824,0.00125);
#119=CIRCLE('',#1825,0.00125);
#120=CIRCLE('',#1826,0.00125);
#121=CIRCLE('',#1827,0.00525);
#122=CIRCLE('',#1828,0.00525);
#123=CIRCLE('',#1829,0.00525);
#124=CIRCLE('',#1830,0.00525);
#125=CIRCLE('',#1839,0.00325);
#126=CIRCLE('',#1842,0.00325);
#127=CIRCLE('',#1844,0.07906225);
#128=CIRCLE('',#1846,0.00325);
#129=CIRCLE('',#1848,0.00125);
#130=CIRCLE('',#1849,0.00125);
#131=CIRCLE('',#1850,0.00125);
#132=CIRCLE('',#1851,0.00125);
#133=CIRCLE('',#1852,0.00325);
#134=CIRCLE('',#1855,0.07906225);
#135=CIRCLE('',#1869,0.002125);
#136=CIRCLE('',#1875,0.002125);
#137=CIRCLE('',#1880,0.001);
#138=CIRCLE('',#1881,0.001);
#139=CIRCLE('',#1883,0.001);
#140=CIRCLE('',#1885,0.001);
#141=CIRCLE('',#1886,0.001);
#142=CIRCLE('',#1887,0.001);
#143=CIRCLE('',#1889,0.001);
#144=CIRCLE('',#1891,0.001);
#145=CIRCLE('',#1893,0.001);
#146=CIRCLE('',#1895,0.001);
#147=CIRCLE('',#1896,0.001);
#148=CIRCLE('',#1898,0.001);
#149=CIRCLE('',#1900,0.001);
#150=CIRCLE('',#1902,0.001);
#151=CIRCLE('',#1904,0.001);
#152=CIRCLE('',#1906,0.001);
#153=CIRCLE('',#1908,0.001);
#154=CIRCLE('',#1910,0.001);
#155=CIRCLE('',#1912,0.001);
#156=CIRCLE('',#1914,0.001);
#157=CIRCLE('',#1917,0.001);
#158=CIRCLE('',#1918,0.001);
#159=CIRCLE('',#1920,0.001);
#160=CIRCLE('',#1922,0.001);
#161=CIRCLE('',#1924,0.001);
#162=CIRCLE('',#1926,0.001);
#163=CIRCLE('',#1928,0.001);
#164=CIRCLE('',#1930,0.001);
#165=ORIENTED_EDGE('',*,*,#665,.T.);
#166=ORIENTED_EDGE('',*,*,#666,.T.);
#167=ORIENTED_EDGE('',*,*,#667,.T.);
#168=ORIENTED_EDGE('',*,*,#668,.T.);
#169=ORIENTED_EDGE('',*,*,#669,.T.);
#170=ORIENTED_EDGE('',*,*,#670,.T.);
#171=ORIENTED_EDGE('',*,*,#671,.F.);
#172=ORIENTED_EDGE('',*,*,#672,.F.);
#173=ORIENTED_EDGE('',*,*,#673,.F.);
#174=ORIENTED_EDGE('',*,*,#674,.T.);
#175=ORIENTED_EDGE('',*,*,#675,.T.);
#176=ORIENTED_EDGE('',*,*,#676,.T.);
#177=ORIENTED_EDGE('',*,*,#677,.F.);
#178=ORIENTED_EDGE('',*,*,#678,.T.);
#179=ORIENTED_EDGE('',*,*,#679,.T.);
#180=ORIENTED_EDGE('',*,*,#680,.F.);
#181=ORIENTED_EDGE('',*,*,#681,.T.);
#182=ORIENTED_EDGE('',*,*,#682,.T.);
#183=ORIENTED_EDGE('',*,*,#683,.T.);
#184=ORIENTED_EDGE('',*,*,#684,.F.);
#185=ORIENTED_EDGE('',*,*,#685,.T.);
#186=ORIENTED_EDGE('',*,*,#686,.T.);
#187=ORIENTED_EDGE('',*,*,#687,.F.);
#188=ORIENTED_EDGE('',*,*,#688,.T.);
#189=ORIENTED_EDGE('',*,*,#689,.T.);
#190=ORIENTED_EDGE('',*,*,#690,.F.);
#191=ORIENTED_EDGE('',*,*,#691,.T.);
#192=ORIENTED_EDGE('',*,*,#692,.T.);
#193=ORIENTED_EDGE('',*,*,#693,.F.);
#194=ORIENTED_EDGE('',*,*,#694,.F.);
#195=ORIENTED_EDGE('',*,*,#695,.T.);
#196=ORIENTED_EDGE('',*,*,#696,.F.);
#197=ORIENTED_EDGE('',*,*,#697,.F.);
#198=ORIENTED_EDGE('',*,*,#698,.F.);
#199=ORIENTED_EDGE('',*,*,#685,.F.);
#200=ORIENTED_EDGE('',*,*,#699,.T.);
#201=ORIENTED_EDGE('',*,*,#700,.T.);
#202=ORIENTED_EDGE('',*,*,#701,.T.);
#203=ORIENTED_EDGE('',*,*,#702,.F.);
#204=ORIENTED_EDGE('',*,*,#687,.T.);
#205=ORIENTED_EDGE('',*,*,#703,.F.);
#206=ORIENTED_EDGE('',*,*,#704,.F.);
#207=ORIENTED_EDGE('',*,*,#705,.T.);
#208=ORIENTED_EDGE('',*,*,#706,.T.);
#209=ORIENTED_EDGE('',*,*,#707,.T.);
#210=ORIENTED_EDGE('',*,*,#708,.T.);
#211=ORIENTED_EDGE('',*,*,#709,.T.);
#212=ORIENTED_EDGE('',*,*,#710,.T.);
#213=ORIENTED_EDGE('',*,*,#711,.T.);
#214=ORIENTED_EDGE('',*,*,#712,.T.);
#215=ORIENTED_EDGE('',*,*,#713,.T.);
#216=ORIENTED_EDGE('',*,*,#714,.T.);
#217=ORIENTED_EDGE('',*,*,#715,.T.);
#218=ORIENTED_EDGE('',*,*,#716,.T.);
#219=ORIENTED_EDGE('',*,*,#717,.T.);
#220=ORIENTED_EDGE('',*,*,#718,.T.);
#221=ORIENTED_EDGE('',*,*,#719,.F.);
#222=ORIENTED_EDGE('',*,*,#691,.F.);
#223=ORIENTED_EDGE('',*,*,#720,.F.);
#224=ORIENTED_EDGE('',*,*,#721,.F.);
#225=ORIENTED_EDGE('',*,*,#722,.F.);
#226=ORIENTED_EDGE('',*,*,#723,.F.);
#227=ORIENTED_EDGE('',*,*,#724,.T.);
#228=ORIENTED_EDGE('',*,*,#725,.T.);
#229=ORIENTED_EDGE('',*,*,#726,.F.);
#230=ORIENTED_EDGE('',*,*,#718,.F.);
#231=ORIENTED_EDGE('',*,*,#727,.F.);
#232=ORIENTED_EDGE('',*,*,#728,.T.);
#233=ORIENTED_EDGE('',*,*,#729,.T.);
#234=ORIENTED_EDGE('',*,*,#730,.F.);
#235=ORIENTED_EDGE('',*,*,#731,.F.);
#236=ORIENTED_EDGE('',*,*,#732,.T.);
#237=ORIENTED_EDGE('',*,*,#733,.T.);
#238=ORIENTED_EDGE('',*,*,#734,.T.);
#239=ORIENTED_EDGE('',*,*,#735,.T.);
#240=ORIENTED_EDGE('',*,*,#736,.T.);
#241=ORIENTED_EDGE('',*,*,#737,.T.);
#242=ORIENTED_EDGE('',*,*,#738,.T.);
#243=ORIENTED_EDGE('',*,*,#739,.T.);
#244=ORIENTED_EDGE('',*,*,#740,.T.);
#245=ORIENTED_EDGE('',*,*,#741,.T.);
#246=ORIENTED_EDGE('',*,*,#742,.T.);
#247=ORIENTED_EDGE('',*,*,#743,.T.);
#248=ORIENTED_EDGE('',*,*,#744,.T.);
#249=ORIENTED_EDGE('',*,*,#745,.T.);
#250=ORIENTED_EDGE('',*,*,#746,.T.);
#251=ORIENTED_EDGE('',*,*,#747,.T.);
#252=ORIENTED_EDGE('',*,*,#748,.T.);
#253=ORIENTED_EDGE('',*,*,#749,.T.);
#254=ORIENTED_EDGE('',*,*,#750,.T.);
#255=ORIENTED_EDGE('',*,*,#751,.T.);
#256=ORIENTED_EDGE('',*,*,#752,.T.);
#257=ORIENTED_EDGE('',*,*,#753,.T.);
#258=ORIENTED_EDGE('',*,*,#754,.T.);
#259=ORIENTED_EDGE('',*,*,#755,.F.);
#260=ORIENTED_EDGE('',*,*,#756,.T.);
#261=ORIENTED_EDGE('',*,*,#757,.T.);
#262=ORIENTED_EDGE('',*,*,#758,.F.);
#263=ORIENTED_EDGE('',*,*,#756,.F.);
#264=ORIENTED_EDGE('',*,*,#759,.F.);
#265=ORIENTED_EDGE('',*,*,#727,.T.);
#266=ORIENTED_EDGE('',*,*,#760,.T.);
#267=ORIENTED_EDGE('',*,*,#755,.T.);
#268=ORIENTED_EDGE('',*,*,#761,.F.);
#269=ORIENTED_EDGE('',*,*,#728,.F.);
#270=ORIENTED_EDGE('',*,*,#759,.T.);
#271=ORIENTED_EDGE('',*,*,#758,.T.);
#272=ORIENTED_EDGE('',*,*,#762,.F.);
#273=ORIENTED_EDGE('',*,*,#729,.F.);
#274=ORIENTED_EDGE('',*,*,#761,.T.);
#275=ORIENTED_EDGE('',*,*,#757,.F.);
#276=ORIENTED_EDGE('',*,*,#760,.F.);
#277=ORIENTED_EDGE('',*,*,#730,.T.);
#278=ORIENTED_EDGE('',*,*,#762,.T.);
#279=ORIENTED_EDGE('',*,*,#686,.F.);
#280=ORIENTED_EDGE('',*,*,#701,.F.);
#281=ORIENTED_EDGE('',*,*,#763,.T.);
#282=ORIENTED_EDGE('',*,*,#703,.T.);
#283=ORIENTED_EDGE('',*,*,#764,.F.);
#284=ORIENTED_EDGE('',*,*,#681,.F.);
#285=ORIENTED_EDGE('',*,*,#765,.F.);
#286=ORIENTED_EDGE('',*,*,#766,.T.);
#287=ORIENTED_EDGE('',*,*,#765,.T.);
#288=ORIENTED_EDGE('',*,*,#698,.T.);
#289=ORIENTED_EDGE('',*,*,#767,.F.);
#290=ORIENTED_EDGE('',*,*,#768,.F.);
#291=ORIENTED_EDGE('',*,*,#769,.T.);
#292=ORIENTED_EDGE('',*,*,#770,.T.);
#293=ORIENTED_EDGE('',*,*,#771,.F.);
#294=ORIENTED_EDGE('',*,*,#767,.T.);
#295=ORIENTED_EDGE('',*,*,#697,.T.);
#296=ORIENTED_EDGE('',*,*,#772,.T.);
#297=ORIENTED_EDGE('',*,*,#773,.F.);
#298=ORIENTED_EDGE('',*,*,#774,.T.);
#299=ORIENTED_EDGE('',*,*,#775,.F.);
#300=ORIENTED_EDGE('',*,*,#763,.F.);
#301=ORIENTED_EDGE('',*,*,#700,.F.);
#302=ORIENTED_EDGE('',*,*,#776,.F.);
#303=ORIENTED_EDGE('',*,*,#777,.T.);
#304=ORIENTED_EDGE('',*,*,#778,.T.);
#305=ORIENTED_EDGE('',*,*,#766,.F.);
#306=ORIENTED_EDGE('',*,*,#768,.T.);
#307=ORIENTED_EDGE('',*,*,#771,.T.);
#308=ORIENTED_EDGE('',*,*,#779,.F.);
#309=ORIENTED_EDGE('',*,*,#780,.T.);
#310=ORIENTED_EDGE('',*,*,#781,.T.);
#311=ORIENTED_EDGE('',*,*,#704,.T.);
#312=ORIENTED_EDGE('',*,*,#667,.F.);
#313=ORIENTED_EDGE('',*,*,#782,.T.);
#314=ORIENTED_EDGE('',*,*,#731,.T.);
#315=ORIENTED_EDGE('',*,*,#783,.T.);
#316=ORIENTED_EDGE('',*,*,#673,.T.);
#317=ORIENTED_EDGE('',*,*,#784,.T.);
#318=ORIENTED_EDGE('',*,*,#713,.F.);
#319=ORIENTED_EDGE('',*,*,#785,.T.);
#320=ORIENTED_EDGE('',*,*,#786,.F.);
#321=ORIENTED_EDGE('',*,*,#787,.F.);
#322=ORIENTED_EDGE('',*,*,#724,.F.);
#323=ORIENTED_EDGE('',*,*,#788,.F.);
#324=ORIENTED_EDGE('',*,*,#694,.T.);
#325=ORIENTED_EDGE('',*,*,#789,.T.);
#326=ORIENTED_EDGE('',*,*,#790,.T.);
#327=ORIENTED_EDGE('',*,*,#695,.F.);
#328=ORIENTED_EDGE('',*,*,#788,.T.);
#329=ORIENTED_EDGE('',*,*,#723,.T.);
#330=ORIENTED_EDGE('',*,*,#726,.T.);
#331=ORIENTED_EDGE('',*,*,#791,.F.);
#332=ORIENTED_EDGE('',*,*,#692,.F.);
#333=ORIENTED_EDGE('',*,*,#719,.T.);
#334=ORIENTED_EDGE('',*,*,#725,.F.);
#335=ORIENTED_EDGE('',*,*,#789,.F.);
#336=ORIENTED_EDGE('',*,*,#693,.T.);
#337=ORIENTED_EDGE('',*,*,#791,.T.);
#338=ORIENTED_EDGE('',*,*,#792,.T.);
#339=ORIENTED_EDGE('',*,*,#793,.T.);
#340=ORIENTED_EDGE('',*,*,#794,.T.);
#341=ORIENTED_EDGE('',*,*,#795,.T.);
#342=ORIENTED_EDGE('',*,*,#796,.T.);
#343=ORIENTED_EDGE('',*,*,#797,.F.);
#344=ORIENTED_EDGE('',*,*,#798,.T.);
#345=ORIENTED_EDGE('',*,*,#799,.F.);
#346=ORIENTED_EDGE('',*,*,#800,.F.);
#347=ORIENTED_EDGE('',*,*,#721,.T.);
#348=ORIENTED_EDGE('',*,*,#801,.F.);
#349=ORIENTED_EDGE('',*,*,#802,.F.);
#350=ORIENTED_EDGE('',*,*,#803,.F.);
#351=ORIENTED_EDGE('',*,*,#804,.T.);
#352=ORIENTED_EDGE('',*,*,#805,.F.);
#353=ORIENTED_EDGE('',*,*,#806,.T.);
#354=ORIENTED_EDGE('',*,*,#772,.F.);
#355=ORIENTED_EDGE('',*,*,#696,.T.);
#356=ORIENTED_EDGE('',*,*,#790,.F.);
#357=ORIENTED_EDGE('',*,*,#722,.T.);
#358=ORIENTED_EDGE('',*,*,#800,.T.);
#359=ORIENTED_EDGE('',*,*,#807,.F.);
#360=ORIENTED_EDGE('',*,*,#690,.T.);
#361=ORIENTED_EDGE('',*,*,#808,.F.);
#362=ORIENTED_EDGE('',*,*,#809,.T.);
#363=ORIENTED_EDGE('',*,*,#801,.T.);
#364=ORIENTED_EDGE('',*,*,#720,.T.);
#365=ORIENTED_EDGE('',*,*,#717,.F.);
#366=ORIENTED_EDGE('',*,*,#809,.F.);
#367=ORIENTED_EDGE('',*,*,#810,.F.);
#368=ORIENTED_EDGE('',*,*,#811,.T.);
#369=ORIENTED_EDGE('',*,*,#802,.T.);
#370=ORIENTED_EDGE('',*,*,#812,.F.);
#371=ORIENTED_EDGE('',*,*,#813,.T.);
#372=ORIENTED_EDGE('',*,*,#769,.F.);
#373=ORIENTED_EDGE('',*,*,#814,.T.);
#374=ORIENTED_EDGE('',*,*,#803,.T.);
#375=ORIENTED_EDGE('',*,*,#811,.F.);
#376=ORIENTED_EDGE('',*,*,#814,.F.);
#377=ORIENTED_EDGE('',*,*,#775,.T.);
#378=ORIENTED_EDGE('',*,*,#815,.T.);
#379=ORIENTED_EDGE('',*,*,#804,.F.);
#380=ORIENTED_EDGE('',*,*,#774,.F.);
#381=ORIENTED_EDGE('',*,*,#816,.T.);
#382=ORIENTED_EDGE('',*,*,#805,.T.);
#383=ORIENTED_EDGE('',*,*,#815,.F.);
#384=ORIENTED_EDGE('',*,*,#816,.F.);
#385=ORIENTED_EDGE('',*,*,#773,.T.);
#386=ORIENTED_EDGE('',*,*,#807,.T.);
#387=ORIENTED_EDGE('',*,*,#806,.F.);
#388=ORIENTED_EDGE('',*,*,#817,.F.);
#389=ORIENTED_EDGE('',*,*,#818,.T.);
#390=ORIENTED_EDGE('',*,*,#819,.T.);
#391=ORIENTED_EDGE('',*,*,#820,.F.);
#392=ORIENTED_EDGE('',*,*,#819,.F.);
#393=ORIENTED_EDGE('',*,*,#821,.T.);
#394=ORIENTED_EDGE('',*,*,#822,.T.);
#395=ORIENTED_EDGE('',*,*,#823,.T.);
#396=ORIENTED_EDGE('',*,*,#822,.F.);
#397=ORIENTED_EDGE('',*,*,#824,.T.);
#398=ORIENTED_EDGE('',*,*,#825,.T.);
#399=ORIENTED_EDGE('',*,*,#826,.F.);
#400=ORIENTED_EDGE('',*,*,#825,.F.);
#401=ORIENTED_EDGE('',*,*,#827,.T.);
#402=ORIENTED_EDGE('',*,*,#828,.T.);
#403=ORIENTED_EDGE('',*,*,#829,.T.);
#404=ORIENTED_EDGE('',*,*,#828,.F.);
#405=ORIENTED_EDGE('',*,*,#830,.T.);
#406=ORIENTED_EDGE('',*,*,#831,.T.);
#407=ORIENTED_EDGE('',*,*,#832,.F.);
#408=ORIENTED_EDGE('',*,*,#833,.F.);
#409=ORIENTED_EDGE('',*,*,#834,.F.);
#410=ORIENTED_EDGE('',*,*,#835,.F.);
#411=ORIENTED_EDGE('',*,*,#836,.T.);
#412=ORIENTED_EDGE('',*,*,#837,.F.);
#413=ORIENTED_EDGE('',*,*,#838,.T.);
#414=ORIENTED_EDGE('',*,*,#839,.F.);
#415=ORIENTED_EDGE('',*,*,#840,.F.);
#416=ORIENTED_EDGE('',*,*,#841,.T.);
#417=ORIENTED_EDGE('',*,*,#820,.T.);
#418=ORIENTED_EDGE('',*,*,#823,.F.);
#419=ORIENTED_EDGE('',*,*,#826,.T.);
#420=ORIENTED_EDGE('',*,*,#829,.F.);
#421=ORIENTED_EDGE('',*,*,#832,.T.);
#422=ORIENTED_EDGE('',*,*,#842,.T.);
#423=ORIENTED_EDGE('',*,*,#843,.T.);
#424=ORIENTED_EDGE('',*,*,#831,.F.);
#425=ORIENTED_EDGE('',*,*,#844,.T.);
#426=ORIENTED_EDGE('',*,*,#845,.T.);
#427=ORIENTED_EDGE('',*,*,#842,.F.);
#428=ORIENTED_EDGE('',*,*,#846,.F.);
#429=ORIENTED_EDGE('',*,*,#847,.T.);
#430=ORIENTED_EDGE('',*,*,#817,.T.);
#431=ORIENTED_EDGE('',*,*,#841,.F.);
#432=ORIENTED_EDGE('',*,*,#845,.F.);
#433=ORIENTED_EDGE('',*,*,#848,.T.);
#434=ORIENTED_EDGE('',*,*,#846,.T.);
#435=ORIENTED_EDGE('',*,*,#843,.F.);
#436=ORIENTED_EDGE('',*,*,#849,.T.);
#437=ORIENTED_EDGE('',*,*,#792,.F.);
#438=ORIENTED_EDGE('',*,*,#850,.F.);
#439=ORIENTED_EDGE('',*,*,#835,.T.);
#440=ORIENTED_EDGE('',*,*,#851,.T.);
#441=ORIENTED_EDGE('',*,*,#793,.F.);
#442=ORIENTED_EDGE('',*,*,#849,.F.);
#443=ORIENTED_EDGE('',*,*,#834,.T.);
#444=ORIENTED_EDGE('',*,*,#836,.F.);
#445=ORIENTED_EDGE('',*,*,#850,.T.);
#446=ORIENTED_EDGE('',*,*,#799,.T.);
#447=ORIENTED_EDGE('',*,*,#852,.F.);
#448=ORIENTED_EDGE('',*,*,#852,.T.);
#449=ORIENTED_EDGE('',*,*,#798,.F.);
#450=ORIENTED_EDGE('',*,*,#853,.F.);
#451=ORIENTED_EDGE('',*,*,#837,.T.);
#452=ORIENTED_EDGE('',*,*,#838,.F.);
#453=ORIENTED_EDGE('',*,*,#853,.T.);
#454=ORIENTED_EDGE('',*,*,#797,.T.);
#455=ORIENTED_EDGE('',*,*,#854,.F.);
#456=ORIENTED_EDGE('',*,*,#854,.T.);
#457=ORIENTED_EDGE('',*,*,#796,.F.);
#458=ORIENTED_EDGE('',*,*,#855,.F.);
#459=ORIENTED_EDGE('',*,*,#839,.T.);
#460=ORIENTED_EDGE('',*,*,#855,.T.);
#461=ORIENTED_EDGE('',*,*,#795,.F.);
#462=ORIENTED_EDGE('',*,*,#856,.F.);
#463=ORIENTED_EDGE('',*,*,#840,.T.);
#464=ORIENTED_EDGE('',*,*,#856,.T.);
#465=ORIENTED_EDGE('',*,*,#794,.F.);
#466=ORIENTED_EDGE('',*,*,#851,.F.);
#467=ORIENTED_EDGE('',*,*,#833,.T.);
#468=ORIENTED_EDGE('',*,*,#813,.F.);
#469=ORIENTED_EDGE('',*,*,#857,.T.);
#470=ORIENTED_EDGE('',*,*,#779,.T.);
#471=ORIENTED_EDGE('',*,*,#770,.F.);
#472=ORIENTED_EDGE('',*,*,#857,.F.);
#473=ORIENTED_EDGE('',*,*,#812,.T.);
#474=ORIENTED_EDGE('',*,*,#810,.T.);
#475=ORIENTED_EDGE('',*,*,#808,.T.);
#476=ORIENTED_EDGE('',*,*,#689,.F.);
#477=ORIENTED_EDGE('',*,*,#858,.T.);
#478=ORIENTED_EDGE('',*,*,#780,.F.);
#479=ORIENTED_EDGE('',*,*,#688,.F.);
#480=ORIENTED_EDGE('',*,*,#702,.T.);
#481=ORIENTED_EDGE('',*,*,#781,.F.);
#482=ORIENTED_EDGE('',*,*,#858,.F.);
#483=ORIENTED_EDGE('',*,*,#786,.T.);
#484=ORIENTED_EDGE('',*,*,#859,.F.);
#485=ORIENTED_EDGE('',*,*,#860,.F.);
#486=ORIENTED_EDGE('',*,*,#861,.F.);
#487=ORIENTED_EDGE('',*,*,#862,.F.);
#488=ORIENTED_EDGE('',*,*,#863,.F.);
#489=ORIENTED_EDGE('',*,*,#864,.T.);
#490=ORIENTED_EDGE('',*,*,#860,.T.);
#491=ORIENTED_EDGE('',*,*,#865,.F.);
#492=ORIENTED_EDGE('',*,*,#862,.T.);
#493=ORIENTED_EDGE('',*,*,#866,.T.);
#494=ORIENTED_EDGE('',*,*,#861,.T.);
#495=ORIENTED_EDGE('',*,*,#866,.F.);
#496=ORIENTED_EDGE('',*,*,#867,.F.);
#497=ORIENTED_EDGE('',*,*,#864,.F.);
#498=ORIENTED_EDGE('',*,*,#867,.T.);
#499=ORIENTED_EDGE('',*,*,#863,.T.);
#500=ORIENTED_EDGE('',*,*,#865,.T.);
#501=ORIENTED_EDGE('',*,*,#859,.T.);
#502=ORIENTED_EDGE('',*,*,#868,.T.);
#503=ORIENTED_EDGE('',*,*,#787,.T.);
#504=ORIENTED_EDGE('',*,*,#683,.F.);
#505=ORIENTED_EDGE('',*,*,#869,.T.);
#506=ORIENTED_EDGE('',*,*,#777,.F.);
#507=ORIENTED_EDGE('',*,*,#870,.F.);
#508=ORIENTED_EDGE('',*,*,#682,.F.);
#509=ORIENTED_EDGE('',*,*,#764,.T.);
#510=ORIENTED_EDGE('',*,*,#778,.F.);
#511=ORIENTED_EDGE('',*,*,#869,.F.);
#512=ORIENTED_EDGE('',*,*,#699,.F.);
#513=ORIENTED_EDGE('',*,*,#684,.T.);
#514=ORIENTED_EDGE('',*,*,#870,.T.);
#515=ORIENTED_EDGE('',*,*,#776,.T.);
#516=ORIENTED_EDGE('',*,*,#868,.F.);
#517=ORIENTED_EDGE('',*,*,#871,.F.);
#518=ORIENTED_EDGE('',*,*,#848,.F.);
#519=ORIENTED_EDGE('',*,*,#872,.F.);
#520=ORIENTED_EDGE('',*,*,#710,.F.);
#521=ORIENTED_EDGE('',*,*,#872,.T.);
#522=ORIENTED_EDGE('',*,*,#844,.F.);
#523=ORIENTED_EDGE('',*,*,#873,.F.);
#524=ORIENTED_EDGE('',*,*,#711,.F.);
#525=ORIENTED_EDGE('',*,*,#871,.T.);
#526=ORIENTED_EDGE('',*,*,#709,.F.);
#527=ORIENTED_EDGE('',*,*,#874,.F.);
#528=ORIENTED_EDGE('',*,*,#847,.F.);
#529=ORIENTED_EDGE('',*,*,#873,.T.);
#530=ORIENTED_EDGE('',*,*,#830,.F.);
#531=ORIENTED_EDGE('',*,*,#875,.F.);
#532=ORIENTED_EDGE('',*,*,#712,.F.);
#533=ORIENTED_EDGE('',*,*,#874,.T.);
#534=ORIENTED_EDGE('',*,*,#708,.F.);
#535=ORIENTED_EDGE('',*,*,#876,.F.);
#536=ORIENTED_EDGE('',*,*,#818,.F.);
#537=ORIENTED_EDGE('',*,*,#875,.T.);
#538=ORIENTED_EDGE('',*,*,#827,.F.);
#539=ORIENTED_EDGE('',*,*,#877,.F.);
#540=ORIENTED_EDGE('',*,*,#705,.F.);
#541=ORIENTED_EDGE('',*,*,#876,.T.);
#542=ORIENTED_EDGE('',*,*,#707,.F.);
#543=ORIENTED_EDGE('',*,*,#878,.F.);
#544=ORIENTED_EDGE('',*,*,#821,.F.);
#545=ORIENTED_EDGE('',*,*,#877,.T.);
#546=ORIENTED_EDGE('',*,*,#824,.F.);
#547=ORIENTED_EDGE('',*,*,#878,.T.);
#548=ORIENTED_EDGE('',*,*,#706,.F.);
#549=ORIENTED_EDGE('',*,*,#879,.F.);
#550=ORIENTED_EDGE('',*,*,#714,.F.);
#551=ORIENTED_EDGE('',*,*,#784,.F.);
#552=ORIENTED_EDGE('',*,*,#676,.F.);
#553=ORIENTED_EDGE('',*,*,#880,.F.);
#554=ORIENTED_EDGE('',*,*,#879,.T.);
#555=ORIENTED_EDGE('',*,*,#881,.F.);
#556=ORIENTED_EDGE('',*,*,#783,.F.);
#557=ORIENTED_EDGE('',*,*,#734,.F.);
#558=ORIENTED_EDGE('',*,*,#882,.F.);
#559=ORIENTED_EDGE('',*,*,#674,.F.);
#560=ORIENTED_EDGE('',*,*,#881,.T.);
#561=ORIENTED_EDGE('',*,*,#675,.F.);
#562=ORIENTED_EDGE('',*,*,#883,.F.);
#563=ORIENTED_EDGE('',*,*,#746,.F.);
#564=ORIENTED_EDGE('',*,*,#880,.T.);
#565=ORIENTED_EDGE('',*,*,#745,.F.);
#566=ORIENTED_EDGE('',*,*,#884,.F.);
#567=ORIENTED_EDGE('',*,*,#715,.F.);
#568=ORIENTED_EDGE('',*,*,#785,.F.);
#569=ORIENTED_EDGE('',*,*,#716,.F.);
#570=ORIENTED_EDGE('',*,*,#885,.F.);
#571=ORIENTED_EDGE('',*,*,#668,.F.);
#572=ORIENTED_EDGE('',*,*,#883,.T.);
#573=ORIENTED_EDGE('',*,*,#882,.T.);
#574=ORIENTED_EDGE('',*,*,#886,.F.);
#575=ORIENTED_EDGE('',*,*,#885,.T.);
#576=ORIENTED_EDGE('',*,*,#884,.T.);
#577=ORIENTED_EDGE('',*,*,#887,.F.);
#578=ORIENTED_EDGE('',*,*,#886,.T.);
#579=ORIENTED_EDGE('',*,*,#733,.F.);
#580=ORIENTED_EDGE('',*,*,#888,.F.);
#581=ORIENTED_EDGE('',*,*,#743,.F.);
#582=ORIENTED_EDGE('',*,*,#887,.T.);
#583=ORIENTED_EDGE('',*,*,#744,.F.);
#584=ORIENTED_EDGE('',*,*,#889,.F.);
#585=ORIENTED_EDGE('',*,*,#665,.F.);
#586=ORIENTED_EDGE('',*,*,#889,.T.);
#587=ORIENTED_EDGE('',*,*,#888,.T.);
#588=ORIENTED_EDGE('',*,*,#890,.F.);
#589=ORIENTED_EDGE('',*,*,#890,.T.);
#590=ORIENTED_EDGE('',*,*,#732,.F.);
#591=ORIENTED_EDGE('',*,*,#782,.F.);
#592=ORIENTED_EDGE('',*,*,#666,.F.);
#593=ORIENTED_EDGE('',*,*,#891,.F.);
#594=ORIENTED_EDGE('',*,*,#740,.F.);
#595=ORIENTED_EDGE('',*,*,#892,.F.);
#596=ORIENTED_EDGE('',*,*,#752,.F.);
#597=ORIENTED_EDGE('',*,*,#892,.T.);
#598=ORIENTED_EDGE('',*,*,#739,.F.);
#599=ORIENTED_EDGE('',*,*,#893,.F.);
#600=ORIENTED_EDGE('',*,*,#753,.F.);
#601=ORIENTED_EDGE('',*,*,#891,.T.);
#602=ORIENTED_EDGE('',*,*,#751,.F.);
#603=ORIENTED_EDGE('',*,*,#894,.F.);
#604=ORIENTED_EDGE('',*,*,#741,.F.);
#605=ORIENTED_EDGE('',*,*,#893,.T.);
#606=ORIENTED_EDGE('',*,*,#738,.F.);
#607=ORIENTED_EDGE('',*,*,#895,.F.);
#608=ORIENTED_EDGE('',*,*,#754,.F.);
#609=ORIENTED_EDGE('',*,*,#894,.T.);
#610=ORIENTED_EDGE('',*,*,#750,.F.);
#611=ORIENTED_EDGE('',*,*,#896,.F.);
#612=ORIENTED_EDGE('',*,*,#742,.F.);
#613=ORIENTED_EDGE('',*,*,#895,.T.);
#614=ORIENTED_EDGE('',*,*,#737,.F.);
#615=ORIENTED_EDGE('',*,*,#897,.F.);
#616=ORIENTED_EDGE('',*,*,#747,.F.);
#617=ORIENTED_EDGE('',*,*,#896,.T.);
#618=ORIENTED_EDGE('',*,*,#749,.F.);
#619=ORIENTED_EDGE('',*,*,#898,.F.);
#620=ORIENTED_EDGE('',*,*,#735,.F.);
#621=ORIENTED_EDGE('',*,*,#897,.T.);
#622=ORIENTED_EDGE('',*,*,#736,.F.);
#623=ORIENTED_EDGE('',*,*,#898,.T.);
#624=ORIENTED_EDGE('',*,*,#748,.F.);
#625=ORIENTED_EDGE('',*,*,#678,.F.);
#626=ORIENTED_EDGE('',*,*,#899,.F.);
#627=ORIENTED_EDGE('',*,*,#900,.T.);
#628=ORIENTED_EDGE('',*,*,#901,.T.);
#629=ORIENTED_EDGE('',*,*,#677,.T.);
#630=ORIENTED_EDGE('',*,*,#902,.F.);
#631=ORIENTED_EDGE('',*,*,#903,.F.);
#632=ORIENTED_EDGE('',*,*,#899,.T.);
#633=ORIENTED_EDGE('',*,*,#680,.T.);
#634=ORIENTED_EDGE('',*,*,#904,.F.);
#635=ORIENTED_EDGE('',*,*,#905,.F.);
#636=ORIENTED_EDGE('',*,*,#902,.T.);
#637=ORIENTED_EDGE('',*,*,#679,.F.);
#638=ORIENTED_EDGE('',*,*,#901,.F.);
#639=ORIENTED_EDGE('',*,*,#906,.T.);
#640=ORIENTED_EDGE('',*,*,#904,.T.);
#641=ORIENTED_EDGE('',*,*,#900,.F.);
#642=ORIENTED_EDGE('',*,*,#903,.T.);
#643=ORIENTED_EDGE('',*,*,#905,.T.);
#644=ORIENTED_EDGE('',*,*,#906,.F.);
#645=ORIENTED_EDGE('',*,*,#669,.F.);
#646=ORIENTED_EDGE('',*,*,#907,.F.);
#647=ORIENTED_EDGE('',*,*,#908,.T.);
#648=ORIENTED_EDGE('',*,*,#909,.T.);
#649=ORIENTED_EDGE('',*,*,#672,.T.);
#650=ORIENTED_EDGE('',*,*,#910,.F.);
#651=ORIENTED_EDGE('',*,*,#911,.F.);
#652=ORIENTED_EDGE('',*,*,#907,.T.);
#653=ORIENTED_EDGE('',*,*,#671,.T.);
#654=ORIENTED_EDGE('',*,*,#912,.F.);
#655=ORIENTED_EDGE('',*,*,#913,.F.);
#656=ORIENTED_EDGE('',*,*,#910,.T.);
#657=ORIENTED_EDGE('',*,*,#670,.F.);
#658=ORIENTED_EDGE('',*,*,#909,.F.);
#659=ORIENTED_EDGE('',*,*,#914,.T.);
#660=ORIENTED_EDGE('',*,*,#912,.T.);
#661=ORIENTED_EDGE('',*,*,#908,.F.);
#662=ORIENTED_EDGE('',*,*,#911,.T.);
#663=ORIENTED_EDGE('',*,*,#913,.T.);
#664=ORIENTED_EDGE('',*,*,#914,.F.);
#665=EDGE_CURVE('',#915,#916,#1076,.F.);
#666=EDGE_CURVE('',#916,#917,#1077,.F.);
#667=EDGE_CURVE('',#917,#918,#1078,.T.);
#668=EDGE_CURVE('',#918,#915,#1079,.F.);
#669=EDGE_CURVE('',#919,#920,#1080,.T.);
#670=EDGE_CURVE('',#920,#921,#1081,.T.);
#671=EDGE_CURVE('',#922,#921,#1082,.T.);
#672=EDGE_CURVE('',#919,#922,#1083,.T.);
#673=EDGE_CURVE('',#923,#924,#1084,.T.);
#674=EDGE_CURVE('',#923,#925,#1085,.F.);
#675=EDGE_CURVE('',#925,#926,#1086,.T.);
#676=EDGE_CURVE('',#926,#924,#1087,.F.);
#677=EDGE_CURVE('',#927,#928,#1088,.T.);
#678=EDGE_CURVE('',#927,#929,#1089,.T.);
#679=EDGE_CURVE('',#929,#930,#1090,.T.);
#680=EDGE_CURVE('',#928,#930,#1091,.T.);
#681=EDGE_CURVE('',#931,#932,#80,.T.);
#682=EDGE_CURVE('',#932,#933,#1092,.T.);
#683=EDGE_CURVE('',#933,#934,#81,.F.);
#684=EDGE_CURVE('',#935,#934,#1093,.T.);
#685=EDGE_CURVE('',#935,#936,#82,.T.);
#686=EDGE_CURVE('',#936,#937,#1094,.T.);
#687=EDGE_CURVE('',#938,#937,#83,.T.);
#688=EDGE_CURVE('',#938,#939,#1095,.T.);
#689=EDGE_CURVE('',#939,#940,#84,.F.);
#690=EDGE_CURVE('',#941,#940,#1096,.F.);
#691=EDGE_CURVE('',#941,#942,#1097,.T.);
#692=EDGE_CURVE('',#942,#943,#1098,.T.);
#693=EDGE_CURVE('',#944,#943,#1099,.T.);
#694=EDGE_CURVE('',#945,#944,#1100,.T.);
#695=EDGE_CURVE('',#945,#946,#1101,.T.);
#696=EDGE_CURVE('',#947,#946,#1102,.T.);
#697=EDGE_CURVE('',#948,#947,#85,.T.);
#698=EDGE_CURVE('',#931,#948,#1103,.T.);
#699=EDGE_CURVE('',#935,#949,#1104,.T.);
#700=EDGE_CURVE('',#949,#950,#86,.T.);
#701=EDGE_CURVE('',#950,#936,#1105,.T.);
#702=EDGE_CURVE('',#938,#951,#1106,.T.);
#703=EDGE_CURVE('',#952,#937,#1107,.T.);
#704=EDGE_CURVE('',#951,#952,#87,.T.);
#705=EDGE_CURVE('',#953,#954,#88,.T.);
#706=EDGE_CURVE('',#954,#955,#28,.T.);
#707=EDGE_CURVE('',#955,#956,#1108,.F.);
#708=EDGE_CURVE('',#956,#957,#29,.T.);
#709=EDGE_CURVE('',#957,#958,#89,.F.);
#710=EDGE_CURVE('',#958,#959,#30,.T.);
#711=EDGE_CURVE('',#959,#960,#1109,.T.);
#712=EDGE_CURVE('',#960,#953,#31,.T.);
#713=EDGE_CURVE('',#961,#962,#90,.T.);
#714=EDGE_CURVE('',#962,#963,#1110,.F.);
#715=EDGE_CURVE('',#963,#964,#91,.F.);
#716=EDGE_CURVE('',#964,#961,#1111,.T.);
#717=EDGE_CURVE('',#941,#965,#92,.T.);
#718=EDGE_CURVE('',#965,#966,#1112,.T.);
#719=EDGE_CURVE('',#942,#966,#1113,.T.);
#720=EDGE_CURVE('',#967,#965,#1114,.F.);
#721=EDGE_CURVE('',#968,#967,#1115,.T.);
#722=EDGE_CURVE('',#969,#968,#1116,.T.);
#723=EDGE_CURVE('',#970,#969,#1117,.T.);
#724=EDGE_CURVE('',#970,#971,#1118,.T.);
#725=EDGE_CURVE('',#971,#972,#1119,.T.);
#726=EDGE_CURVE('',#966,#972,#1120,.T.);
#727=EDGE_CURVE('',#973,#974,#1121,.T.);
#728=EDGE_CURVE('',#973,#975,#1122,.T.);
#729=EDGE_CURVE('',#975,#976,#1123,.T.);
#730=EDGE_CURVE('',#974,#976,#1124,.T.);
#731=EDGE_CURVE('',#977,#978,#93,.T.);
#732=EDGE_CURVE('',#977,#979,#1125,.F.);
#733=EDGE_CURVE('',#979,#980,#94,.F.);
#734=EDGE_CURVE('',#980,#978,#1126,.T.);
#735=EDGE_CURVE('',#981,#982,#1127,.F.);
#736=EDGE_CURVE('',#982,#983,#95,.F.);
#737=EDGE_CURVE('',#983,#984,#1128,.T.);
#738=EDGE_CURVE('',#984,#985,#96,.F.);
#739=EDGE_CURVE('',#985,#986,#1129,.T.);
#740=EDGE_CURVE('',#986,#987,#97,.F.);
#741=EDGE_CURVE('',#987,#988,#1130,.F.);
#742=EDGE_CURVE('',#988,#981,#98,.F.);
#743=EDGE_CURVE('',#989,#990,#99,.T.);
#744=EDGE_CURVE('',#990,#991,#1131,.T.);
#745=EDGE_CURVE('',#991,#992,#100,.T.);
#746=EDGE_CURVE('',#992,#989,#1132,.F.);
#747=EDGE_CURVE('',#993,#994,#1133,.T.);
#748=EDGE_CURVE('',#994,#995,#101,.T.);
#749=EDGE_CURVE('',#995,#996,#1134,.T.);
#750=EDGE_CURVE('',#996,#997,#102,.T.);
#751=EDGE_CURVE('',#997,#998,#1135,.T.);
#752=EDGE_CURVE('',#998,#999,#103,.T.);
#753=EDGE_CURVE('',#999,#1000,#1136,.T.);
#754=EDGE_CURVE('',#1000,#993,#104,.T.);
#755=EDGE_CURVE('',#1001,#1002,#1137,.T.);
#756=EDGE_CURVE('',#1001,#1003,#1138,.T.);
#757=EDGE_CURVE('',#1003,#1004,#1139,.T.);
#758=EDGE_CURVE('',#1002,#1004,#1140,.T.);
#759=EDGE_CURVE('',#973,#1001,#1141,.T.);
#760=EDGE_CURVE('',#974,#1003,#1142,.T.);
#761=EDGE_CURVE('',#975,#1002,#1143,.T.);
#762=EDGE_CURVE('',#976,#1004,#1144,.T.);
#763=EDGE_CURVE('',#950,#952,#1145,.T.);
#764=EDGE_CURVE('',#932,#1005,#1146,.T.);
#765=EDGE_CURVE('',#1006,#931,#1147,.T.);
#766=EDGE_CURVE('',#1006,#1005,#105,.T.);
#767=EDGE_CURVE('',#1007,#948,#1148,.T.);
#768=EDGE_CURVE('',#1006,#1007,#1149,.T.);
#769=EDGE_CURVE('',#1008,#1009,#32,.T.);
#770=EDGE_CURVE('',#1009,#1010,#1150,.T.);
#771=EDGE_CURVE('',#1007,#1010,#106,.T.);
#772=EDGE_CURVE('',#947,#1011,#33,.T.);
#773=EDGE_CURVE('',#1012,#1011,#1151,.T.);
#774=EDGE_CURVE('',#1012,#1013,#34,.T.);
#775=EDGE_CURVE('',#1008,#1013,#107,.T.);
#776=EDGE_CURVE('',#1014,#949,#1152,.T.);
#777=EDGE_CURVE('',#1014,#1015,#108,.T.);
#778=EDGE_CURVE('',#1015,#1005,#1153,.T.);
#779=EDGE_CURVE('',#1016,#1010,#1154,.T.);
#780=EDGE_CURVE('',#1016,#1017,#109,.T.);
#781=EDGE_CURVE('',#1017,#951,#1155,.T.);
#782=EDGE_CURVE('',#917,#977,#110,.T.);
#783=EDGE_CURVE('',#978,#923,#111,.T.);
#784=EDGE_CURVE('',#924,#962,#112,.T.);
#785=EDGE_CURVE('',#961,#918,#113,.T.);
#786=EDGE_CURVE('',#1018,#1018,#114,.T.);
#787=EDGE_CURVE('',#1019,#1019,#115,.T.);
#788=EDGE_CURVE('',#945,#970,#1156,.T.);
#789=EDGE_CURVE('',#944,#971,#1157,.T.);
#790=EDGE_CURVE('',#969,#946,#116,.T.);
#791=EDGE_CURVE('',#943,#972,#1158,.T.);
#792=EDGE_CURVE('',#1020,#1021,#117,.T.);
#793=EDGE_CURVE('',#1021,#1022,#1159,.T.);
#794=EDGE_CURVE('',#1022,#1023,#118,.T.);
#795=EDGE_CURVE('',#1023,#1024,#1160,.T.);
#796=EDGE_CURVE('',#1024,#1025,#119,.T.);
#797=EDGE_CURVE('',#1026,#1025,#1161,.T.);
#798=EDGE_CURVE('',#1026,#1027,#120,.T.);
#799=EDGE_CURVE('',#1020,#1027,#1162,.T.);
#800=EDGE_CURVE('',#968,#1028,#121,.T.);
#801=EDGE_CURVE('',#1029,#967,#122,.T.);
#802=EDGE_CURVE('',#1030,#1029,#1163,.T.);
#803=EDGE_CURVE('',#1031,#1030,#123,.T.);
#804=EDGE_CURVE('',#1031,#1032,#1164,.T.);
#805=EDGE_CURVE('',#1033,#1032,#124,.T.);
#806=EDGE_CURVE('',#1033,#1028,#1165,.T.);
#807=EDGE_CURVE('',#1011,#1028,#1166,.T.);
#808=EDGE_CURVE('',#1034,#940,#35,.T.);
#809=EDGE_CURVE('',#1034,#1029,#1167,.T.);
#810=EDGE_CURVE('',#1035,#1034,#1168,.F.);
#811=EDGE_CURVE('',#1035,#1030,#1169,.T.);
#812=EDGE_CURVE('',#1036,#1035,#36,.T.);
#813=EDGE_CURVE('',#1036,#1009,#1170,.F.);
#814=EDGE_CURVE('',#1008,#1031,#1171,.T.);
#815=EDGE_CURVE('',#1013,#1032,#1172,.T.);
#816=EDGE_CURVE('',#1012,#1033,#1173,.T.);
#817=EDGE_CURVE('',#1037,#1038,#1174,.T.);
#818=EDGE_CURVE('',#1037,#1039,#37,.T.);
#819=EDGE_CURVE('',#1039,#1040,#1175,.T.);
#820=EDGE_CURVE('',#1038,#1040,#125,.T.);
#821=EDGE_CURVE('',#1039,#1041,#1176,.T.);
#822=EDGE_CURVE('',#1041,#1042,#1177,.T.);
#823=EDGE_CURVE('',#1042,#1040,#1178,.T.);
#824=EDGE_CURVE('',#1041,#1043,#38,.T.);
#825=EDGE_CURVE('',#1043,#1044,#1179,.T.);
#826=EDGE_CURVE('',#1042,#1044,#126,.T.);
#827=EDGE_CURVE('',#1043,#1045,#127,.F.);
#828=EDGE_CURVE('',#1045,#1046,#1180,.T.);
#829=EDGE_CURVE('',#1046,#1044,#1181,.T.);
#830=EDGE_CURVE('',#1045,#1047,#39,.T.);
#831=EDGE_CURVE('',#1047,#1048,#1182,.T.);
#832=EDGE_CURVE('',#1046,#1048,#128,.T.);
#833=EDGE_CURVE('',#1049,#1050,#129,.T.);
#834=EDGE_CURVE('',#1051,#1049,#1183,.T.);
#835=EDGE_CURVE('',#1052,#1051,#130,.T.);
#836=EDGE_CURVE('',#1052,#1053,#1184,.T.);
#837=EDGE_CURVE('',#1054,#1053,#131,.T.);
#838=EDGE_CURVE('',#1054,#1055,#1185,.T.);
#839=EDGE_CURVE('',#1056,#1055,#132,.T.);
#840=EDGE_CURVE('',#1050,#1056,#1186,.T.);
#841=EDGE_CURVE('',#1057,#1038,#1187,.T.);
#842=EDGE_CURVE('',#1048,#1058,#1188,.T.);
#843=EDGE_CURVE('',#1058,#1057,#133,.T.);
#844=EDGE_CURVE('',#1047,#1059,#1189,.T.);
#845=EDGE_CURVE('',#1059,#1058,#1190,.T.);
#846=EDGE_CURVE('',#1060,#1057,#1191,.T.);
#847=EDGE_CURVE('',#1060,#1037,#134,.T.);
#848=EDGE_CURVE('',#1059,#1060,#40,.T.);
#849=EDGE_CURVE('',#1051,#1021,#1192,.T.);
#850=EDGE_CURVE('',#1052,#1020,#1193,.T.);
#851=EDGE_CURVE('',#1049,#1022,#1194,.T.);
#852=EDGE_CURVE('',#1053,#1027,#1195,.T.);
#853=EDGE_CURVE('',#1054,#1026,#1196,.T.);
#854=EDGE_CURVE('',#1055,#1025,#1197,.T.);
#855=EDGE_CURVE('',#1056,#1024,#1198,.T.);
#856=EDGE_CURVE('',#1050,#1023,#1199,.T.);
#857=EDGE_CURVE('',#1036,#1016,#1200,.T.);
#858=EDGE_CURVE('',#939,#1017,#1201,.T.);
#859=EDGE_CURVE('',#1061,#1062,#41,.T.);
#860=EDGE_CURVE('',#1063,#1061,#1202,.F.);
#861=EDGE_CURVE('',#1064,#1063,#42,.T.);
#862=EDGE_CURVE('',#1065,#1064,#1203,.T.);
#863=EDGE_CURVE('',#1066,#1065,#43,.T.);
#864=EDGE_CURVE('',#1066,#1062,#135,.F.);
#865=EDGE_CURVE('',#1065,#1061,#1204,.T.);
#866=EDGE_CURVE('',#1064,#1063,#1205,.T.);
#867=EDGE_CURVE('',#1062,#1066,#1206,.F.);
#868=EDGE_CURVE('',#1067,#1067,#136,.F.);
#869=EDGE_CURVE('',#933,#1015,#1207,.T.);
#870=EDGE_CURVE('',#934,#1014,#1208,.T.);
#871=EDGE_CURVE('',#1060,#958,#137,.T.);
#872=EDGE_CURVE('',#959,#1059,#138,.T.);
#873=EDGE_CURVE('',#960,#1047,#139,.T.);
#874=EDGE_CURVE('',#1037,#957,#140,.T.);
#875=EDGE_CURVE('',#953,#1045,#141,.T.);
#876=EDGE_CURVE('',#1039,#956,#142,.T.);
#877=EDGE_CURVE('',#954,#1043,#143,.T.);
#878=EDGE_CURVE('',#1041,#955,#144,.T.);
#879=EDGE_CURVE('',#963,#926,#145,.T.);
#880=EDGE_CURVE('',#963,#992,#146,.F.);
#881=EDGE_CURVE('',#992,#926,#147,.F.);
#882=EDGE_CURVE('',#925,#980,#148,.T.);
#883=EDGE_CURVE('',#989,#925,#149,.T.);
#884=EDGE_CURVE('',#964,#991,#150,.T.);
#885=EDGE_CURVE('',#915,#964,#151,.T.);
#886=EDGE_CURVE('',#989,#980,#152,.F.);
#887=EDGE_CURVE('',#915,#991,#153,.F.);
#888=EDGE_CURVE('',#990,#979,#154,.T.);
#889=EDGE_CURVE('',#916,#990,#155,.T.);
#890=EDGE_CURVE('',#916,#979,#156,.F.);
#891=EDGE_CURVE('',#987,#998,#157,.T.);
#892=EDGE_CURVE('',#999,#986,#158,.T.);
#893=EDGE_CURVE('',#1000,#985,#159,.T.);
#894=EDGE_CURVE('',#988,#997,#160,.T.);
#895=EDGE_CURVE('',#993,#984,#161,.T.);
#896=EDGE_CURVE('',#981,#996,#162,.T.);
#897=EDGE_CURVE('',#994,#983,#163,.T.);
#898=EDGE_CURVE('',#982,#995,#164,.T.);
#899=EDGE_CURVE('',#1068,#927,#1209,.T.);
#900=EDGE_CURVE('',#1068,#1069,#1210,.T.);
#901=EDGE_CURVE('',#1069,#929,#1211,.T.);
#902=EDGE_CURVE('',#1070,#928,#1212,.T.);
#903=EDGE_CURVE('',#1068,#1070,#1213,.T.);
#904=EDGE_CURVE('',#1071,#930,#1214,.T.);
#905=EDGE_CURVE('',#1070,#1071,#1215,.T.);
#906=EDGE_CURVE('',#1069,#1071,#1216,.T.);
#907=EDGE_CURVE('',#1072,#919,#1217,.T.);
#908=EDGE_CURVE('',#1072,#1073,#1218,.T.);
#909=EDGE_CURVE('',#1073,#920,#1219,.T.);
#910=EDGE_CURVE('',#1074,#922,#1220,.T.);
#911=EDGE_CURVE('',#1072,#1074,#1221,.T.);
#912=EDGE_CURVE('',#1075,#921,#1222,.T.);
#913=EDGE_CURVE('',#1074,#1075,#1223,.T.);
#914=EDGE_CURVE('',#1073,#1075,#1224,.T.);
#915=VERTEX_POINT('',#2458);
#916=VERTEX_POINT('',#2459);
#917=VERTEX_POINT('',#2461);
#918=VERTEX_POINT('',#2463);
#919=VERTEX_POINT('',#2466);
#920=VERTEX_POINT('',#2467);
#921=VERTEX_POINT('',#2469);
#922=VERTEX_POINT('',#2471);
#923=VERTEX_POINT('',#2475);
#924=VERTEX_POINT('',#2476);
#925=VERTEX_POINT('',#2478);
#926=VERTEX_POINT('',#2480);
#927=VERTEX_POINT('',#2483);
#928=VERTEX_POINT('',#2484);
#929=VERTEX_POINT('',#2486);
#930=VERTEX_POINT('',#2488);
#931=VERTEX_POINT('',#2492);
#932=VERTEX_POINT('',#2493);
#933=VERTEX_POINT('',#2495);
#934=VERTEX_POINT('',#2497);
#935=VERTEX_POINT('',#2499);
#936=VERTEX_POINT('',#2501);
#937=VERTEX_POINT('',#2503);
#938=VERTEX_POINT('',#2505);
#939=VERTEX_POINT('',#2507);
#940=VERTEX_POINT('',#2509);
#941=VERTEX_POINT('',#2511);
#942=VERTEX_POINT('',#2513);
#943=VERTEX_POINT('',#2515);
#944=VERTEX_POINT('',#2517);
#945=VERTEX_POINT('',#2519);
#946=VERTEX_POINT('',#2521);
#947=VERTEX_POINT('',#2523);
#948=VERTEX_POINT('',#2525);
#949=VERTEX_POINT('',#2529);
#950=VERTEX_POINT('',#2531);
#951=VERTEX_POINT('',#2535);
#952=VERTEX_POINT('',#2537);
#953=VERTEX_POINT('',#2541);
#954=VERTEX_POINT('',#2542);
#955=VERTEX_POINT('',#2548);
#956=VERTEX_POINT('',#2550);
#957=VERTEX_POINT('',#2556);
#958=VERTEX_POINT('',#2558);
#959=VERTEX_POINT('',#2564);
#960=VERTEX_POINT('',#2566);
#961=VERTEX_POINT('',#2573);
#962=VERTEX_POINT('',#2574);
#963=VERTEX_POINT('',#2576);
#964=VERTEX_POINT('',#2578);
#965=VERTEX_POINT('',#2582);
#966=VERTEX_POINT('',#2584);
#967=VERTEX_POINT('',#2588);
#968=VERTEX_POINT('',#2590);
#969=VERTEX_POINT('',#2592);
#970=VERTEX_POINT('',#2594);
#971=VERTEX_POINT('',#2596);
#972=VERTEX_POINT('',#2598);
#973=VERTEX_POINT('',#2601);
#974=VERTEX_POINT('',#2602);
#975=VERTEX_POINT('',#2604);
#976=VERTEX_POINT('',#2606);
#977=VERTEX_POINT('',#2610);
#978=VERTEX_POINT('',#2611);
#979=VERTEX_POINT('',#2613);
#980=VERTEX_POINT('',#2615);
#981=VERTEX_POINT('',#2619);
#982=VERTEX_POINT('',#2620);
#983=VERTEX_POINT('',#2622);
#984=VERTEX_POINT('',#2624);
#985=VERTEX_POINT('',#2626);
#986=VERTEX_POINT('',#2628);
#987=VERTEX_POINT('',#2630);
#988=VERTEX_POINT('',#2632);
#989=VERTEX_POINT('',#2635);
#990=VERTEX_POINT('',#2636);
#991=VERTEX_POINT('',#2638);
#992=VERTEX_POINT('',#2640);
#993=VERTEX_POINT('',#2644);
#994=VERTEX_POINT('',#2645);
#995=VERTEX_POINT('',#2647);
#996=VERTEX_POINT('',#2649);
#997=VERTEX_POINT('',#2651);
#998=VERTEX_POINT('',#2653);
#999=VERTEX_POINT('',#2655);
#1000=VERTEX_POINT('',#2657);
#1001=VERTEX_POINT('',#2660);
#1002=VERTEX_POINT('',#2661);
#1003=VERTEX_POINT('',#2663);
#1004=VERTEX_POINT('',#2665);
#1005=VERTEX_POINT('',#2679);
#1006=VERTEX_POINT('',#2681);
#1007=VERTEX_POINT('',#2685);
#1008=VERTEX_POINT('',#2692);
#1009=VERTEX_POINT('',#2693);
#1010=VERTEX_POINT('',#2695);
#1011=VERTEX_POINT('',#2701);
#1012=VERTEX_POINT('',#2703);
#1013=VERTEX_POINT('',#2709);
#1014=VERTEX_POINT('',#2713);
#1015=VERTEX_POINT('',#2715);
#1016=VERTEX_POINT('',#2718);
#1017=VERTEX_POINT('',#2720);
#1018=VERTEX_POINT('',#2727);
#1019=VERTEX_POINT('',#2729);
#1020=VERTEX_POINT('',#2740);
#1021=VERTEX_POINT('',#2741);
#1022=VERTEX_POINT('',#2743);
#1023=VERTEX_POINT('',#2745);
#1024=VERTEX_POINT('',#2747);
#1025=VERTEX_POINT('',#2749);
#1026=VERTEX_POINT('',#2751);
#1027=VERTEX_POINT('',#2753);
#1028=VERTEX_POINT('',#2756);
#1029=VERTEX_POINT('',#2758);
#1030=VERTEX_POINT('',#2760);
#1031=VERTEX_POINT('',#2762);
#1032=VERTEX_POINT('',#2764);
#1033=VERTEX_POINT('',#2766);
#1034=VERTEX_POINT('',#2775);
#1035=VERTEX_POINT('',#2779);
#1036=VERTEX_POINT('',#2789);
#1037=VERTEX_POINT('',#2799);
#1038=VERTEX_POINT('',#2800);
#1039=VERTEX_POINT('',#2806);
#1040=VERTEX_POINT('',#2808);
#1041=VERTEX_POINT('',#2812);
#1042=VERTEX_POINT('',#2814);
#1043=VERTEX_POINT('',#2822);
#1044=VERTEX_POINT('',#2824);
#1045=VERTEX_POINT('',#2828);
#1046=VERTEX_POINT('',#2830);
#1047=VERTEX_POINT('',#2838);
#1048=VERTEX_POINT('',#2840);
#1049=VERTEX_POINT('',#2844);
#1050=VERTEX_POINT('',#2845);
#1051=VERTEX_POINT('',#2847);
#1052=VERTEX_POINT('',#2849);
#1053=VERTEX_POINT('',#2851);
#1054=VERTEX_POINT('',#2853);
#1055=VERTEX_POINT('',#2855);
#1056=VERTEX_POINT('',#2857);
#1057=VERTEX_POINT('',#2860);
#1058=VERTEX_POINT('',#2862);
#1059=VERTEX_POINT('',#2866);
#1060=VERTEX_POINT('',#2870);
#1061=VERTEX_POINT('',#2904);
#1062=VERTEX_POINT('',#2905);
#1063=VERTEX_POINT('',#2907);
#1064=VERTEX_POINT('',#2919);
#1065=VERTEX_POINT('',#2921);
#1066=VERTEX_POINT('',#2926);
#1067=VERTEX_POINT('',#2937);
#1068=VERTEX_POINT('',#3058);
#1069=VERTEX_POINT('',#3060);
#1070=VERTEX_POINT('',#3064);
#1071=VERTEX_POINT('',#3068);
#1072=VERTEX_POINT('',#3075);
#1073=VERTEX_POINT('',#3077);
#1074=VERTEX_POINT('',#3081);
#1075=VERTEX_POINT('',#3085);
#1076=LINE('',#2457,#1225);
#1077=LINE('',#2460,#1226);
#1078=LINE('',#2462,#1227);
#1079=LINE('',#2464,#1228);
#1080=LINE('',#2465,#1229);
#1081=LINE('',#2468,#1230);
#1082=LINE('',#2470,#1231);
#1083=LINE('',#2472,#1232);
#1084=LINE('',#2474,#1233);
#1085=LINE('',#2477,#1234);
#1086=LINE('',#2479,#1235);
#1087=LINE('',#2481,#1236);
#1088=LINE('',#2482,#1237);
#1089=LINE('',#2485,#1238);
#1090=LINE('',#2487,#1239);
#1091=LINE('',#2489,#1240);
#1092=LINE('',#2494,#1241);
#1093=LINE('',#2498,#1242);
#1094=LINE('',#2502,#1243);
#1095=LINE('',#2506,#1244);
#1096=LINE('',#2510,#1245);
#1097=LINE('',#2512,#1246);
#1098=LINE('',#2514,#1247);
#1099=LINE('',#2516,#1248);
#1100=LINE('',#2518,#1249);
#1101=LINE('',#2520,#1250);
#1102=LINE('',#2522,#1251);
#1103=LINE('',#2526,#1252);
#1104=LINE('',#2528,#1253);
#1105=LINE('',#2532,#1254);
#1106=LINE('',#2534,#1255);
#1107=LINE('',#2536,#1256);
#1108=LINE('',#2549,#1257);
#1109=LINE('',#2565,#1258);
#1110=LINE('',#2575,#1259);
#1111=LINE('',#2579,#1260);
#1112=LINE('',#2583,#1261);
#1113=LINE('',#2585,#1262);
#1114=LINE('',#2587,#1263);
#1115=LINE('',#2589,#1264);
#1116=LINE('',#2591,#1265);
#1117=LINE('',#2593,#1266);
#1118=LINE('',#2595,#1267);
#1119=LINE('',#2597,#1268);
#1120=LINE('',#2599,#1269);
#1121=LINE('',#2600,#1270);
#1122=LINE('',#2603,#1271);
#1123=LINE('',#2605,#1272);
#1124=LINE('',#2607,#1273);
#1125=LINE('',#2612,#1274);
#1126=LINE('',#2616,#1275);
#1127=LINE('',#2618,#1276);
#1128=LINE('',#2623,#1277);
#1129=LINE('',#2627,#1278);
#1130=LINE('',#2631,#1279);
#1131=LINE('',#2637,#1280);
#1132=LINE('',#2641,#1281);
#1133=LINE('',#2643,#1282);
#1134=LINE('',#2648,#1283);
#1135=LINE('',#2652,#1284);
#1136=LINE('',#2656,#1285);
#1137=LINE('',#2659,#1286);
#1138=LINE('',#2662,#1287);
#1139=LINE('',#2664,#1288);
#1140=LINE('',#2666,#1289);
#1141=LINE('',#2668,#1290);
#1142=LINE('',#2669,#1291);
#1143=LINE('',#2671,#1292);
#1144=LINE('',#2673,#1293);
#1145=LINE('',#2676,#1294);
#1146=LINE('',#2678,#1295);
#1147=LINE('',#2680,#1296);
#1148=LINE('',#2684,#1297);
#1149=LINE('',#2686,#1298);
#1150=LINE('',#2694,#1299);
#1151=LINE('',#2702,#1300);
#1152=LINE('',#2712,#1301);
#1153=LINE('',#2716,#1302);
#1154=LINE('',#2717,#1303);
#1155=LINE('',#2721,#1304);
#1156=LINE('',#2731,#1305);
#1157=LINE('',#2732,#1306);
#1158=LINE('',#2736,#1307);
#1159=LINE('',#2742,#1308);
#1160=LINE('',#2746,#1309);
#1161=LINE('',#2750,#1310);
#1162=LINE('',#2754,#1311);
#1163=LINE('',#2759,#1312);
#1164=LINE('',#2763,#1313);
#1165=LINE('',#2767,#1314);
#1166=LINE('',#2769,#1315);
#1167=LINE('',#2776,#1316);
#1168=LINE('',#2778,#1317);
#1169=LINE('',#2780,#1318);
#1170=LINE('',#2790,#1319);
#1171=LINE('',#2791,#1320);
#1172=LINE('',#2793,#1321);
#1173=LINE('',#2795,#1322);
#1174=LINE('',#2798,#1323);
#1175=LINE('',#2807,#1324);
#1176=LINE('',#2811,#1325);
#1177=LINE('',#2813,#1326);
#1178=LINE('',#2815,#1327);
#1179=LINE('',#2823,#1328);
#1180=LINE('',#2829,#1329);
#1181=LINE('',#2831,#1330);
#1182=LINE('',#2839,#1331);
#1183=LINE('',#2846,#1332);
#1184=LINE('',#2850,#1333);
#1185=LINE('',#2854,#1334);
#1186=LINE('',#2858,#1335);
#1187=LINE('',#2859,#1336);
#1188=LINE('',#2861,#1337);
#1189=LINE('',#2865,#1338);
#1190=LINE('',#2867,#1339);
#1191=LINE('',#2869,#1340);
#1192=LINE('',#2879,#1341);
#1193=LINE('',#2880,#1342);
#1194=LINE('',#2882,#1343);
#1195=LINE('',#2884,#1344);
#1196=LINE('',#2886,#1345);
#1197=LINE('',#2888,#1346);
#1198=LINE('',#2890,#1347);
#1199=LINE('',#2892,#1348);
#1200=LINE('',#2895,#1349);
#1201=LINE('',#2897,#1350);
#1202=LINE('',#2906,#1351);
#1203=LINE('',#2920,#1352);
#1204=LINE('',#2929,#1353);
#1205=LINE('',#2930,#1354);
#1206=LINE('',#2933,#1355);
#1207=LINE('',#2939,#1356);
#1208=LINE('',#2940,#1357);
#1209=LINE('',#3057,#1358);
#1210=LINE('',#3059,#1359);
#1211=LINE('',#3061,#1360);
#1212=LINE('',#3063,#1361);
#1213=LINE('',#3065,#1362);
#1214=LINE('',#3067,#1363);
#1215=LINE('',#3069,#1364);
#1216=LINE('',#3071,#1365);
#1217=LINE('',#3074,#1366);
#1218=LINE('',#3076,#1367);
#1219=LINE('',#3078,#1368);
#1220=LINE('',#3080,#1369);
#1221=LINE('',#3082,#1370);
#1222=LINE('',#3084,#1371);
#1223=LINE('',#3086,#1372);
#1224=LINE('',#3088,#1373);
#1225=VECTOR('',#1946,1.);
#1226=VECTOR('',#1947,1.);
#1227=VECTOR('',#1948,1.);
#1228=VECTOR('',#1949,1.);
#1229=VECTOR('',#1950,1.);
#1230=VECTOR('',#1951,1.);
#1231=VECTOR('',#1952,1.);
#1232=VECTOR('',#1953,1.);
#1233=VECTOR('',#1956,1.);
#1234=VECTOR('',#1957,1.);
#1235=VECTOR('',#1958,1.);
#1236=VECTOR('',#1959,1.);
#1237=VECTOR('',#1960,1.);
#1238=VECTOR('',#1961,1.);
#1239=VECTOR('',#1962,1.);
#1240=VECTOR('',#1963,1.);
#1241=VECTOR('',#1968,1.);
#1242=VECTOR('',#1971,1.);
#1243=VECTOR('',#1974,1.);
#1244=VECTOR('',#1977,1.);
#1245=VECTOR('',#1980,1.);
#1246=VECTOR('',#1981,1.);
#1247=VECTOR('',#1982,1.);
#1248=VECTOR('',#1983,1.);
#1249=VECTOR('',#1984,1.);
#1250=VECTOR('',#1985,1.);
#1251=VECTOR('',#1986,1.);
#1252=VECTOR('',#1989,1.);
#1253=VECTOR('',#1992,1.);
#1254=VECTOR('',#1995,1.);
#1255=VECTOR('',#1998,1.);
#1256=VECTOR('',#1999,1.);
#1257=VECTOR('',#2006,1.);
#1258=VECTOR('',#2009,1.);
#1259=VECTOR('',#2012,1.);
#1260=VECTOR('',#2015,1.);
#1261=VECTOR('',#2020,1.);
#1262=VECTOR('',#2021,1.);
#1263=VECTOR('',#2024,1.);
#1264=VECTOR('',#2025,1.);
#1265=VECTOR('',#2026,1.);
#1266=VECTOR('',#2027,1.);
#1267=VECTOR('',#2028,1.);
#1268=VECTOR('',#2029,1.);
#1269=VECTOR('',#2030,1.);
#1270=VECTOR('',#2031,1.);
#1271=VECTOR('',#2032,1.);
#1272=VECTOR('',#2033,1.);
#1273=VECTOR('',#2034,1.);
#1274=VECTOR('',#2039,1.);
#1275=VECTOR('',#2042,1.);
#1276=VECTOR('',#2045,1.);
#1277=VECTOR('',#2048,1.);
#1278=VECTOR('',#2051,1.);
#1279=VECTOR('',#2054,1.);
#1280=VECTOR('',#2059,1.);
#1281=VECTOR('',#2062,1.);
#1282=VECTOR('',#2065,1.);
#1283=VECTOR('',#2068,1.);
#1284=VECTOR('',#2071,1.);
#1285=VECTOR('',#2074,1.);
#1286=VECTOR('',#2077,1.);
#1287=VECTOR('',#2078,1.);
#1288=VECTOR('',#2079,1.);
#1289=VECTOR('',#2080,1.);
#1290=VECTOR('',#2083,1.);
#1291=VECTOR('',#2084,1.);
#1292=VECTOR('',#2087,1.);
#1293=VECTOR('',#2090,1.);
#1294=VECTOR('',#2095,1.);
#1295=VECTOR('',#2098,1.);
#1296=VECTOR('',#2099,1.);
#1297=VECTOR('',#2104,1.);
#1298=VECTOR('',#2105,1.);
#1299=VECTOR('',#2108,1.);
#1300=VECTOR('',#2111,1.);
#1301=VECTOR('',#2116,1.);
#1302=VECTOR('',#2119,1.);
#1303=VECTOR('',#2120,1.);
#1304=VECTOR('',#2123,1.);
#1305=VECTOR('',#2138,1.);
#1306=VECTOR('',#2139,1.);
#1307=VECTOR('',#2146,1.);
#1308=VECTOR('',#2153,1.);
#1309=VECTOR('',#2156,1.);
#1310=VECTOR('',#2159,1.);
#1311=VECTOR('',#2162,1.);
#1312=VECTOR('',#2167,1.);
#1313=VECTOR('',#2170,1.);
#1314=VECTOR('',#2173,1.);
#1315=VECTOR('',#2176,1.);
#1316=VECTOR('',#2179,1.);
#1317=VECTOR('',#2182,1.);
#1318=VECTOR('',#2183,1.);
#1319=VECTOR('',#2186,1.);
#1320=VECTOR('',#2187,1.);
#1321=VECTOR('',#2190,1.);
#1322=VECTOR('',#2193,1.);
#1323=VECTOR('',#2198,1.);
#1324=VECTOR('',#2199,1.);
#1325=VECTOR('',#2204,1.);
#1326=VECTOR('',#2205,1.);
#1327=VECTOR('',#2206,1.);
#1328=VECTOR('',#2209,1.);
#1329=VECTOR('',#2216,1.);
#1330=VECTOR('',#2217,1.);
#1331=VECTOR('',#2220,1.);
#1332=VECTOR('',#2227,1.);
#1333=VECTOR('',#2230,1.);
#1334=VECTOR('',#2233,1.);
#1335=VECTOR('',#2236,1.);
#1336=VECTOR('',#2237,1.);
#1337=VECTOR('',#2238,1.);
#1338=VECTOR('',#2243,1.);
#1339=VECTOR('',#2244,1.);
#1340=VECTOR('',#2247,1.);
#1341=VECTOR('',#2254,1.);
#1342=VECTOR('',#2255,1.);
#1343=VECTOR('',#2258,1.);
#1344=VECTOR('',#2261,1.);
#1345=VECTOR('',#2264,1.);
#1346=VECTOR('',#2267,1.);
#1347=VECTOR('',#2270,1.);
#1348=VECTOR('',#2273,1.);
#1349=VECTOR('',#2278,1.);
#1350=VECTOR('',#2281,1.);
#1351=VECTOR('',#2286,1.);
#1352=VECTOR('',#2287,1.);
#1353=VECTOR('',#2292,1.);
#1354=VECTOR('',#2293,1.);
#1355=VECTOR('',#2298,1.);
#1356=VECTOR('',#2307,1.);
#1357=VECTOR('',#2308,1.);
#1358=VECTOR('',#2421,1.);
#1359=VECTOR('',#2422,1.);
#1360=VECTOR('',#2423,1.);
#1361=VECTOR('',#2426,1.);
#1362=VECTOR('',#2427,1.);
#1363=VECTOR('',#2430,1.);
#1364=VECTOR('',#2431,1.);
#1365=VECTOR('',#2434,1.);
#1366=VECTOR('',#2439,1.);
#1367=VECTOR('',#2440,1.);
#1368=VECTOR('',#2441,1.);
#1369=VECTOR('',#2444,1.);
#1370=VECTOR('',#2445,1.);
#1371=VECTOR('',#2448,1.);
#1372=VECTOR('',#2449,1.);
#1373=VECTOR('',#2452,1.);
#1374=EDGE_LOOP('',(#165,#166,#167,#168));
#1375=EDGE_LOOP('',(#169,#170,#171,#172));
#1376=EDGE_LOOP('',(#173,#174,#175,#176));
#1377=EDGE_LOOP('',(#177,#178,#179,#180));
#1378=EDGE_LOOP('',(#181,#182,#183,#184,#185,#186,#187,#188,#189,#190,#191,
#192,#193,#194,#195,#196,#197,#198));
#1379=EDGE_LOOP('',(#199,#200,#201,#202));
#1380=EDGE_LOOP('',(#203,#204,#205,#206));
#1381=EDGE_LOOP('',(#207,#208,#209,#210,#211,#212,#213,#214));
#1382=EDGE_LOOP('',(#215,#216,#217,#218));
#1383=EDGE_LOOP('',(#219,#220,#221,#222));
#1384=EDGE_LOOP('',(#223,#224,#225,#226,#227,#228,#229,#230));
#1385=EDGE_LOOP('',(#231,#232,#233,#234));
#1386=EDGE_LOOP('',(#235,#236,#237,#238));
#1387=EDGE_LOOP('',(#239,#240,#241,#242,#243,#244,#245,#246));
#1388=EDGE_LOOP('',(#247,#248,#249,#250));
#1389=EDGE_LOOP('',(#251,#252,#253,#254,#255,#256,#257,#258));
#1390=EDGE_LOOP('',(#259,#260,#261,#262));
#1391=EDGE_LOOP('',(#263,#264,#265,#266));
#1392=EDGE_LOOP('',(#267,#268,#269,#270));
#1393=EDGE_LOOP('',(#271,#272,#273,#274));
#1394=EDGE_LOOP('',(#275,#276,#277,#278));
#1395=EDGE_LOOP('',(#279,#280,#281,#282));
#1396=EDGE_LOOP('',(#283,#284,#285,#286));
#1397=EDGE_LOOP('',(#287,#288,#289,#290));
#1398=EDGE_LOOP('',(#291,#292,#293,#294,#295,#296,#297,#298,#299));
#1399=EDGE_LOOP('',(#300,#301,#302,#303,#304,#305,#306,#307,#308,#309,#310,
#311));
#1400=EDGE_LOOP('',(#312,#313,#314,#315,#316,#317,#318,#319));
#1401=EDGE_LOOP('',(#320));
#1402=EDGE_LOOP('',(#321));
#1403=EDGE_LOOP('',(#322,#323,#324,#325));
#1404=EDGE_LOOP('',(#326,#327,#328,#329));
#1405=EDGE_LOOP('',(#330,#331,#332,#333));
#1406=EDGE_LOOP('',(#334,#335,#336,#337));
#1407=EDGE_LOOP('',(#338,#339,#340,#341,#342,#343,#344,#345));
#1408=EDGE_LOOP('',(#346,#347,#348,#349,#350,#351,#352,#353));
#1409=EDGE_LOOP('',(#354,#355,#356,#357,#358,#359));
#1410=EDGE_LOOP('',(#360,#361,#362,#363,#364,#365));
#1411=EDGE_LOOP('',(#366,#367,#368,#369));
#1412=EDGE_LOOP('',(#370,#371,#372,#373,#374,#375));
#1413=EDGE_LOOP('',(#376,#377,#378,#379));
#1414=EDGE_LOOP('',(#380,#381,#382,#383));
#1415=EDGE_LOOP('',(#384,#385,#386,#387));
#1416=EDGE_LOOP('',(#388,#389,#390,#391));
#1417=EDGE_LOOP('',(#392,#393,#394,#395));
#1418=EDGE_LOOP('',(#396,#397,#398,#399));
#1419=EDGE_LOOP('',(#400,#401,#402,#403));
#1420=EDGE_LOOP('',(#404,#405,#406,#407));
#1421=EDGE_LOOP('',(#408,#409,#410,#411,#412,#413,#414,#415));
#1422=EDGE_LOOP('',(#416,#417,#418,#419,#420,#421,#422,#423));
#1423=EDGE_LOOP('',(#424,#425,#426,#427));
#1424=EDGE_LOOP('',(#428,#429,#430,#431));
#1425=EDGE_LOOP('',(#432,#433,#434,#435));
#1426=EDGE_LOOP('',(#436,#437,#438,#439));
#1427=EDGE_LOOP('',(#440,#441,#442,#443));
#1428=EDGE_LOOP('',(#444,#445,#446,#447));
#1429=EDGE_LOOP('',(#448,#449,#450,#451));
#1430=EDGE_LOOP('',(#452,#453,#454,#455));
#1431=EDGE_LOOP('',(#456,#457,#458,#459));
#1432=EDGE_LOOP('',(#460,#461,#462,#463));
#1433=EDGE_LOOP('',(#464,#465,#466,#467));
#1434=EDGE_LOOP('',(#468,#469,#470,#471));
#1435=EDGE_LOOP('',(#472,#473,#474,#475,#476,#477,#478));
#1436=EDGE_LOOP('',(#479,#480,#481,#482));
#1437=EDGE_LOOP('',(#483));
#1438=EDGE_LOOP('',(#484,#485,#486,#487,#488,#489));
#1439=EDGE_LOOP('',(#490,#491,#492,#493));
#1440=EDGE_LOOP('',(#494,#495));
#1441=EDGE_LOOP('',(#496,#497));
#1442=EDGE_LOOP('',(#498,#499,#500,#501));
#1443=EDGE_LOOP('',(#502));
#1444=EDGE_LOOP('',(#503));
#1445=EDGE_LOOP('',(#504,#505,#506,#507));
#1446=EDGE_LOOP('',(#508,#509,#510,#511));
#1447=EDGE_LOOP('',(#512,#513,#514,#515));
#1448=EDGE_LOOP('',(#516));
#1449=EDGE_LOOP('',(#517,#518,#519,#520));
#1450=EDGE_LOOP('',(#521,#522,#523,#524));
#1451=EDGE_LOOP('',(#525,#526,#527,#528));
#1452=EDGE_LOOP('',(#529,#530,#531,#532));
#1453=EDGE_LOOP('',(#533,#534,#535,#536));
#1454=EDGE_LOOP('',(#537,#538,#539,#540));
#1455=EDGE_LOOP('',(#541,#542,#543,#544));
#1456=EDGE_LOOP('',(#545,#546,#547,#548));
#1457=EDGE_LOOP('',(#549,#550,#551,#552));
#1458=EDGE_LOOP('',(#553,#554,#555));
#1459=EDGE_LOOP('',(#556,#557,#558,#559));
#1460=EDGE_LOOP('',(#560,#561,#562,#563));
#1461=EDGE_LOOP('',(#564,#565,#566,#567));
#1462=EDGE_LOOP('',(#568,#569,#570,#571));
#1463=EDGE_LOOP('',(#572,#573,#574));
#1464=EDGE_LOOP('',(#575,#576,#577));
#1465=EDGE_LOOP('',(#578,#579,#580,#581));
#1466=EDGE_LOOP('',(#582,#583,#584,#585));
#1467=EDGE_LOOP('',(#586,#587,#588));
#1468=EDGE_LOOP('',(#589,#590,#591,#592));
#1469=EDGE_LOOP('',(#593,#594,#595,#596));
#1470=EDGE_LOOP('',(#597,#598,#599,#600));
#1471=EDGE_LOOP('',(#601,#602,#603,#604));
#1472=EDGE_LOOP('',(#605,#606,#607,#608));
#1473=EDGE_LOOP('',(#609,#610,#611,#612));
#1474=EDGE_LOOP('',(#613,#614,#615,#616));
#1475=EDGE_LOOP('',(#617,#618,#619,#620));
#1476=EDGE_LOOP('',(#621,#622,#623,#624));
#1477=EDGE_LOOP('',(#625,#626,#627,#628));
#1478=EDGE_LOOP('',(#629,#630,#631,#632));
#1479=EDGE_LOOP('',(#633,#634,#635,#636));
#1480=EDGE_LOOP('',(#637,#638,#639,#640));
#1481=EDGE_LOOP('',(#641,#642,#643,#644));
#1482=EDGE_LOOP('',(#645,#646,#647,#648));
#1483=EDGE_LOOP('',(#649,#650,#651,#652));
#1484=EDGE_LOOP('',(#653,#654,#655,#656));
#1485=EDGE_LOOP('',(#657,#658,#659,#660));
#1486=EDGE_LOOP('',(#661,#662,#663,#664));
#1487=FACE_BOUND('',#1374,.T.);
#1488=FACE_BOUND('',#1375,.T.);
#1489=FACE_BOUND('',#1376,.T.);
#1490=FACE_BOUND('',#1377,.T.);
#1491=FACE_BOUND('',#1378,.T.);
#1492=FACE_BOUND('',#1379,.T.);
#1493=FACE_BOUND('',#1380,.T.);
#1494=FACE_BOUND('',#1381,.T.);
#1495=FACE_BOUND('',#1382,.T.);
#1496=FACE_BOUND('',#1383,.T.);
#1497=FACE_BOUND('',#1384,.T.);
#1498=FACE_BOUND('',#1385,.T.);
#1499=FACE_BOUND('',#1386,.T.);
#1500=FACE_BOUND('',#1387,.T.);
#1501=FACE_BOUND('',#1388,.T.);
#1502=FACE_BOUND('',#1389,.T.);
#1503=FACE_BOUND('',#1390,.T.);
#1504=FACE_BOUND('',#1391,.T.);
#1505=FACE_BOUND('',#1392,.T.);
#1506=FACE_BOUND('',#1393,.T.);
#1507=FACE_BOUND('',#1394,.T.);
#1508=FACE_BOUND('',#1395,.T.);
#1509=FACE_BOUND('',#1396,.T.);
#1510=FACE_BOUND('',#1397,.T.);
#1511=FACE_BOUND('',#1398,.T.);
#1512=FACE_BOUND('',#1399,.T.);
#1513=FACE_BOUND('',#1400,.T.);
#1514=FACE_BOUND('',#1401,.T.);
#1515=FACE_BOUND('',#1402,.T.);
#1516=FACE_BOUND('',#1403,.T.);
#1517=FACE_BOUND('',#1404,.T.);
#1518=FACE_BOUND('',#1405,.T.);
#1519=FACE_BOUND('',#1406,.T.);
#1520=FACE_BOUND('',#1407,.T.);
#1521=FACE_BOUND('',#1408,.T.);
#1522=FACE_BOUND('',#1409,.T.);
#1523=FACE_BOUND('',#1410,.T.);
#1524=FACE_BOUND('',#1411,.T.);
#1525=FACE_BOUND('',#1412,.T.);
#1526=FACE_BOUND('',#1413,.T.);
#1527=FACE_BOUND('',#1414,.T.);
#1528=FACE_BOUND('',#1415,.T.);
#1529=FACE_BOUND('',#1416,.T.);
#1530=FACE_BOUND('',#1417,.T.);
#1531=FACE_BOUND('',#1418,.T.);
#1532=FACE_BOUND('',#1419,.T.);
#1533=FACE_BOUND('',#1420,.T.);
#1534=FACE_BOUND('',#1421,.T.);
#1535=FACE_BOUND('',#1422,.T.);
#1536=FACE_BOUND('',#1423,.T.);
#1537=FACE_BOUND('',#1424,.T.);
#1538=FACE_BOUND('',#1425,.T.);
#1539=FACE_BOUND('',#1426,.T.);
#1540=FACE_BOUND('',#1427,.T.);
#1541=FACE_BOUND('',#1428,.T.);
#1542=FACE_BOUND('',#1429,.T.);
#1543=FACE_BOUND('',#1430,.T.);
#1544=FACE_BOUND('',#1431,.T.);
#1545=FACE_BOUND('',#1432,.T.);
#1546=FACE_BOUND('',#1433,.T.);
#1547=FACE_BOUND('',#1434,.T.);
#1548=FACE_BOUND('',#1435,.T.);
#1549=FACE_BOUND('',#1436,.T.);
#1550=FACE_BOUND('',#1437,.T.);
#1551=FACE_BOUND('',#1438,.T.);
#1552=FACE_BOUND('',#1439,.T.);
#1553=FACE_BOUND('',#1440,.T.);
#1554=FACE_BOUND('',#1441,.T.);
#1555=FACE_BOUND('',#1442,.T.);
#1556=FACE_BOUND('',#1443,.T.);
#1557=FACE_BOUND('',#1444,.T.);
#1558=FACE_BOUND('',#1445,.T.);
#1559=FACE_BOUND('',#1446,.T.);
#1560=FACE_BOUND('',#1447,.T.);
#1561=FACE_BOUND('',#1448,.T.);
#1562=FACE_BOUND('',#1449,.T.);
#1563=FACE_BOUND('',#1450,.T.);
#1564=FACE_BOUND('',#1451,.T.);
#1565=FACE_BOUND('',#1452,.T.);
#1566=FACE_BOUND('',#1453,.T.);
#1567=FACE_BOUND('',#1454,.T.);
#1568=FACE_BOUND('',#1455,.T.);
#1569=FACE_BOUND('',#1456,.T.);
#1570=FACE_BOUND('',#1457,.T.);
#1571=FACE_BOUND('',#1458,.T.);
#1572=FACE_BOUND('',#1459,.T.);
#1573=FACE_BOUND('',#1460,.T.);
#1574=FACE_BOUND('',#1461,.T.);
#1575=FACE_BOUND('',#1462,.T.);
#1576=FACE_BOUND('',#1463,.T.);
#1577=FACE_BOUND('',#1464,.T.);
#1578=FACE_BOUND('',#1465,.T.);
#1579=FACE_BOUND('',#1466,.T.);
#1580=FACE_BOUND('',#1467,.T.);
#1581=FACE_BOUND('',#1468,.T.);
#1582=FACE_BOUND('',#1469,.T.);
#1583=FACE_BOUND('',#1470,.T.);
#1584=FACE_BOUND('',#1471,.T.);
#1585=FACE_BOUND('',#1472,.T.);
#1586=FACE_BOUND('',#1473,.T.);
#1587=FACE_BOUND('',#1474,.T.);
#1588=FACE_BOUND('',#1475,.T.);
#1589=FACE_BOUND('',#1476,.T.);
#1590=FACE_BOUND('',#1477,.T.);
#1591=FACE_BOUND('',#1478,.T.);
#1592=FACE_BOUND('',#1479,.T.);
#1593=FACE_BOUND('',#1480,.T.);
#1594=FACE_BOUND('',#1481,.T.);
#1595=FACE_BOUND('',#1482,.T.);
#1596=FACE_BOUND('',#1483,.T.);
#1597=FACE_BOUND('',#1484,.T.);
#1598=FACE_BOUND('',#1485,.T.);
#1599=FACE_BOUND('',#1486,.T.);
#1600=PLANE('',#1761);
#1601=PLANE('',#1762);
#1602=PLANE('',#1763);
#1603=PLANE('',#1779);
#1604=PLANE('',#1781);
#1605=PLANE('',#1785);
#1606=PLANE('',#1792);
#1607=PLANE('',#1797);
#1608=PLANE('',#1798);
#1609=PLANE('',#1799);
#1610=PLANE('',#1800);
#1611=PLANE('',#1801);
#1612=PLANE('',#1804);
#1613=PLANE('',#1808);
#1614=PLANE('',#1817);
#1615=PLANE('',#1818);
#1616=PLANE('',#1820);
#1617=PLANE('',#1821);
#1618=PLANE('',#1822);
#1619=PLANE('',#1833);
#1620=PLANE('',#1835);
#1621=PLANE('',#1837);
#1622=PLANE('',#1840);
#1623=PLANE('',#1843);
#1624=PLANE('',#1847);
#1625=PLANE('',#1853);
#1626=PLANE('',#1854);
#1627=PLANE('',#1858);
#1628=PLANE('',#1859);
#1629=PLANE('',#1861);
#1630=PLANE('',#1863);
#1631=PLANE('',#1865);
#1632=PLANE('',#1867);
#1633=PLANE('',#1870);
#1634=PLANE('',#1872);
#1635=PLANE('',#1877);
#1636=PLANE('',#1878);
#1637=PLANE('',#1879);
#1638=PLANE('',#1932);
#1639=PLANE('',#1933);
#1640=PLANE('',#1934);
#1641=PLANE('',#1935);
#1642=PLANE('',#1936);
#1643=PLANE('',#1937);
#1644=PLANE('',#1938);
#1645=PLANE('',#1939);
#1646=PLANE('',#1940);
#1647=PLANE('',#1941);
#1648=ADVANCED_FACE('',(#1487,#1488),#1600,.F.);
#1649=ADVANCED_FACE('',(#1489,#1490),#1601,.T.);
#1650=ADVANCED_FACE('',(#1491),#1602,.T.);
#1651=ADVANCED_FACE('',(#1492),#44,.F.);
#1652=ADVANCED_FACE('',(#1493),#45,.F.);
#1653=ADVANCED_FACE('',(#1494,#1495),#46,.T.);
#1654=ADVANCED_FACE('',(#1496),#1603,.F.);
#1655=ADVANCED_FACE('',(#1497,#1498),#1604,.T.);
#1656=ADVANCED_FACE('',(#1499),#47,.T.);
#1657=ADVANCED_FACE('',(#1500,#1501),#1605,.T.);
#1658=ADVANCED_FACE('',(#1502,#1503),#1606,.F.);
#1659=ADVANCED_FACE('',(#1504),#1607,.T.);
#1660=ADVANCED_FACE('',(#1505),#1608,.F.);
#1661=ADVANCED_FACE('',(#1506),#1609,.F.);
#1662=ADVANCED_FACE('',(#1507),#1610,.T.);
#1663=ADVANCED_FACE('',(#1508),#1611,.T.);
#1664=ADVANCED_FACE('',(#1509),#48,.F.);
#1665=ADVANCED_FACE('',(#1510),#1612,.F.);
#1666=ADVANCED_FACE('',(#1511),#49,.F.);
#1667=ADVANCED_FACE('',(#1512,#1513,#1514,#1515),#1613,.T.);
#1668=ADVANCED_FACE('',(#1516),#1614,.T.);
#1669=ADVANCED_FACE('',(#1517),#1615,.F.);
#1670=ADVANCED_FACE('',(#1518),#1616,.F.);
#1671=ADVANCED_FACE('',(#1519),#1617,.T.);
#1672=ADVANCED_FACE('',(#1520,#1521),#1618,.F.);
#1673=ADVANCED_FACE('',(#1522),#50,.T.);
#1674=ADVANCED_FACE('',(#1523),#51,.T.);
#1675=ADVANCED_FACE('',(#1524),#1619,.F.);
#1676=ADVANCED_FACE('',(#1525),#52,.T.);
#1677=ADVANCED_FACE('',(#1526),#1620,.T.);
#1678=ADVANCED_FACE('',(#1527),#53,.T.);
#1679=ADVANCED_FACE('',(#1528),#1621,.T.);
#1680=ADVANCED_FACE('',(#1529),#54,.F.);
#1681=ADVANCED_FACE('',(#1530),#1622,.F.);
#1682=ADVANCED_FACE('',(#1531),#55,.F.);
#1683=ADVANCED_FACE('',(#1532),#1623,.F.);
#1684=ADVANCED_FACE('',(#1533),#56,.F.);
#1685=ADVANCED_FACE('',(#1534,#1535),#1624,.T.);
#1686=ADVANCED_FACE('',(#1536),#1625,.T.);
#1687=ADVANCED_FACE('',(#1537),#1626,.T.);
#1688=ADVANCED_FACE('',(#1538),#57,.F.);
#1689=ADVANCED_FACE('',(#1539),#58,.F.);
#1690=ADVANCED_FACE('',(#1540),#1627,.T.);
#1691=ADVANCED_FACE('',(#1541),#1628,.F.);
#1692=ADVANCED_FACE('',(#1542),#59,.F.);
#1693=ADVANCED_FACE('',(#1543),#1629,.F.);
#1694=ADVANCED_FACE('',(#1544),#60,.F.);
#1695=ADVANCED_FACE('',(#1545),#1630,.T.);
#1696=ADVANCED_FACE('',(#1546),#61,.F.);
#1697=ADVANCED_FACE('',(#1547),#1631,.F.);
#1698=ADVANCED_FACE('',(#1548),#62,.T.);
#1699=ADVANCED_FACE('',(#1549),#1632,.T.);
#1700=ADVANCED_FACE('',(#1550,#1551),#63,.F.);
#1701=ADVANCED_FACE('',(#1552),#1633,.F.);
#1702=ADVANCED_FACE('',(#1553),#64,.T.);
#1703=ADVANCED_FACE('',(#1554),#1634,.T.);
#1704=ADVANCED_FACE('',(#1555),#65,.T.);
#1705=ADVANCED_FACE('',(#1556,#1557),#66,.F.);
#1706=ADVANCED_FACE('',(#1558),#67,.T.);
#1707=ADVANCED_FACE('',(#1559),#1635,.T.);
#1708=ADVANCED_FACE('',(#1560),#1636,.F.);
#1709=ADVANCED_FACE('',(#1561),#1637,.T.);
#1710=ADVANCED_FACE('',(#1562),#24,.T.);
#1711=ADVANCED_FACE('',(#1563),#68,.T.);
#1712=ADVANCED_FACE('',(#1564),#16,.T.);
#1713=ADVANCED_FACE('',(#1565),#25,.T.);
#1714=ADVANCED_FACE('',(#1566),#26,.T.);
#1715=ADVANCED_FACE('',(#1567),#17,.T.);
#1716=ADVANCED_FACE('',(#1568),#69,.T.);
#1717=ADVANCED_FACE('',(#1569),#27,.T.);
#1718=ADVANCED_FACE('',(#1570),#70,.T.);
#1719=ADVANCED_FACE('',(#1571),#12,.T.);
#1720=ADVANCED_FACE('',(#1572),#71,.T.);
#1721=ADVANCED_FACE('',(#1573),#72,.T.);
#1722=ADVANCED_FACE('',(#1574),#18,.T.);
#1723=ADVANCED_FACE('',(#1575),#73,.T.);
#1724=ADVANCED_FACE('',(#1576),#13,.T.);
#1725=ADVANCED_FACE('',(#1577),#14,.T.);
#1726=ADVANCED_FACE('',(#1578),#19,.T.);
#1727=ADVANCED_FACE('',(#1579),#74,.T.);
#1728=ADVANCED_FACE('',(#1580),#15,.T.);
#1729=ADVANCED_FACE('',(#1581),#75,.T.);
#1730=ADVANCED_FACE('',(#1582),#20,.T.);
#1731=ADVANCED_FACE('',(#1583),#76,.T.);
#1732=ADVANCED_FACE('',(#1584),#77,.T.);
#1733=ADVANCED_FACE('',(#1585),#21,.T.);
#1734=ADVANCED_FACE('',(#1586),#22,.T.);
#1735=ADVANCED_FACE('',(#1587),#78,.T.);
#1736=ADVANCED_FACE('',(#1588),#79,.T.);
#1737=ADVANCED_FACE('',(#1589),#23,.T.);
#1738=ADVANCED_FACE('',(#1590),#1638,.T.);
#1739=ADVANCED_FACE('',(#1591),#1639,.F.);
#1740=ADVANCED_FACE('',(#1592),#1640,.F.);
#1741=ADVANCED_FACE('',(#1593),#1641,.T.);
#1742=ADVANCED_FACE('',(#1594),#1642,.T.);
#1743=ADVANCED_FACE('',(#1595),#1643,.T.);
#1744=ADVANCED_FACE('',(#1596),#1644,.F.);
#1745=ADVANCED_FACE('',(#1597),#1645,.F.);
#1746=ADVANCED_FACE('',(#1598),#1646,.T.);
#1747=ADVANCED_FACE('',(#1599),#1647,.T.);
#1748=CLOSED_SHELL('',(#1648,#1649,#1650,#1651,#1652,#1653,#1654,#1655,
#1656,#1657,#1658,#1659,#1660,#1661,#1662,#1663,#1664,#1665,#1666,#1667,
#1668,#1669,#1670,#1671,#1672,#1673,#1674,#1675,#1676,#1677,#1678,#1679,
#1680,#1681,#1682,#1683,#1684,#1685,#1686,#1687,#1688,#1689,#1690,#1691,
#1692,#1693,#1694,#1695,#1696,#1697,#1698,#1699,#1700,#1701,#1702,#1703,
#1704,#1705,#1706,#1707,#1708,#1709,#1710,#1711,#1712,#1713,#1714,#1715,
#1716,#1717,#1718,#1719,#1720,#1721,#1722,#1723,#1724,#1725,#1726,#1727,
#1728,#1729,#1730,#1731,#1732,#1733,#1734,#1735,#1736,#1737,#1738,#1739,
#1740,#1741,#1742,#1743,#1744,#1745,#1746,#1747));
#1749=STYLED_ITEM('',(#1750),#1757);
#1750=PRESENTATION_STYLE_ASSIGNMENT((#1751));
#1751=SURFACE_STYLE_USAGE(.BOTH.,#1752);
#1752=SURFACE_SIDE_STYLE('',(#1753));
#1753=SURFACE_STYLE_FILL_AREA(#1754);
#1754=FILL_AREA_STYLE('',(#1755));
#1755=FILL_AREA_STYLE_COLOUR('',#1756);
#1756=COLOUR_RGB('',0.615686274509804,0.811764705882353,0.929411764705882);
#1757=MANIFOLD_SOLID_BREP('TopHousing',#1748);
#1758=SHAPE_DEFINITION_REPRESENTATION(#3096,#1759);
#1759=SHAPE_REPRESENTATION('TopHousing',(#1760),#3091);
#1760=AXIS2_PLACEMENT_3D('',#2455,#1942,#1943);
#1761=AXIS2_PLACEMENT_3D('',#2456,#1944,#1945);
#1762=AXIS2_PLACEMENT_3D('',#2473,#1954,#1955);
#1763=AXIS2_PLACEMENT_3D('',#2490,#1964,#1965);
#1764=AXIS2_PLACEMENT_3D('',#2491,#1966,#1967);
#1765=AXIS2_PLACEMENT_3D('',#2496,#1969,#1970);
#1766=AXIS2_PLACEMENT_3D('',#2500,#1972,#1973);
#1767=AXIS2_PLACEMENT_3D('',#2504,#1975,#1976);
#1768=AXIS2_PLACEMENT_3D('',#2508,#1978,#1979);
#1769=AXIS2_PLACEMENT_3D('',#2524,#1987,#1988);
#1770=AXIS2_PLACEMENT_3D('',#2527,#1990,#1991);
#1771=AXIS2_PLACEMENT_3D('',#2530,#1993,#1994);
#1772=AXIS2_PLACEMENT_3D('',#2533,#1996,#1997);
#1773=AXIS2_PLACEMENT_3D('',#2538,#2000,#2001);
#1774=AXIS2_PLACEMENT_3D('',#2539,#2002,#2003);
#1775=AXIS2_PLACEMENT_3D('',#2540,#2004,#2005);
#1776=AXIS2_PLACEMENT_3D('',#2557,#2007,#2008);
#1777=AXIS2_PLACEMENT_3D('',#2572,#2010,#2011);
#1778=AXIS2_PLACEMENT_3D('',#2577,#2013,#2014);
#1779=AXIS2_PLACEMENT_3D('',#2580,#2016,#2017);
#1780=AXIS2_PLACEMENT_3D('',#2581,#2018,#2019);
#1781=AXIS2_PLACEMENT_3D('',#2586,#2022,#2023);
#1782=AXIS2_PLACEMENT_3D('',#2608,#2035,#2036);
#1783=AXIS2_PLACEMENT_3D('',#2609,#2037,#2038);
#1784=AXIS2_PLACEMENT_3D('',#2614,#2040,#2041);
#1785=AXIS2_PLACEMENT_3D('',#2617,#2043,#2044);
#1786=AXIS2_PLACEMENT_3D('',#2621,#2046,#2047);
#1787=AXIS2_PLACEMENT_3D('',#2625,#2049,#2050);
#1788=AXIS2_PLACEMENT_3D('',#2629,#2052,#2053);
#1789=AXIS2_PLACEMENT_3D('',#2633,#2055,#2056);
#1790=AXIS2_PLACEMENT_3D('',#2634,#2057,#2058);
#1791=AXIS2_PLACEMENT_3D('',#2639,#2060,#2061);
#1792=AXIS2_PLACEMENT_3D('',#2642,#2063,#2064);
#1793=AXIS2_PLACEMENT_3D('',#2646,#2066,#2067);
#1794=AXIS2_PLACEMENT_3D('',#2650,#2069,#2070);
#1795=AXIS2_PLACEMENT_3D('',#2654,#2072,#2073);
#1796=AXIS2_PLACEMENT_3D('',#2658,#2075,#2076);
#1797=AXIS2_PLACEMENT_3D('',#2667,#2081,#2082);
#1798=AXIS2_PLACEMENT_3D('',#2670,#2085,#2086);
#1799=AXIS2_PLACEMENT_3D('',#2672,#2088,#2089);
#1800=AXIS2_PLACEMENT_3D('',#2674,#2091,#2092);
#1801=AXIS2_PLACEMENT_3D('',#2675,#2093,#2094);
#1802=AXIS2_PLACEMENT_3D('',#2677,#2096,#2097);
#1803=AXIS2_PLACEMENT_3D('',#2682,#2100,#2101);
#1804=AXIS2_PLACEMENT_3D('',#2683,#2102,#2103);
#1805=AXIS2_PLACEMENT_3D('',#2687,#2106,#2107);
#1806=AXIS2_PLACEMENT_3D('',#2696,#2109,#2110);
#1807=AXIS2_PLACEMENT_3D('',#2710,#2112,#2113);
#1808=AXIS2_PLACEMENT_3D('',#2711,#2114,#2115);
#1809=AXIS2_PLACEMENT_3D('',#2714,#2117,#2118);
#1810=AXIS2_PLACEMENT_3D('',#2719,#2121,#2122);
#1811=AXIS2_PLACEMENT_3D('',#2722,#2124,#2125);
#1812=AXIS2_PLACEMENT_3D('',#2723,#2126,#2127);
#1813=AXIS2_PLACEMENT_3D('',#2724,#2128,#2129);
#1814=AXIS2_PLACEMENT_3D('',#2725,#2130,#2131);
#1815=AXIS2_PLACEMENT_3D('',#2726,#2132,#2133);
#1816=AXIS2_PLACEMENT_3D('',#2728,#2134,#2135);
#1817=AXIS2_PLACEMENT_3D('',#2730,#2136,#2137);
#1818=AXIS2_PLACEMENT_3D('',#2733,#2140,#2141);
#1819=AXIS2_PLACEMENT_3D('',#2734,#2142,#2143);
#1820=AXIS2_PLACEMENT_3D('',#2735,#2144,#2145);
#1821=AXIS2_PLACEMENT_3D('',#2737,#2147,#2148);
#1822=AXIS2_PLACEMENT_3D('',#2738,#2149,#2150);
#1823=AXIS2_PLACEMENT_3D('',#2739,#2151,#2152);
#1824=AXIS2_PLACEMENT_3D('',#2744,#2154,#2155);
#1825=AXIS2_PLACEMENT_3D('',#2748,#2157,#2158);
#1826=AXIS2_PLACEMENT_3D('',#2752,#2160,#2161);
#1827=AXIS2_PLACEMENT_3D('',#2755,#2163,#2164);
#1828=AXIS2_PLACEMENT_3D('',#2757,#2165,#2166);
#1829=AXIS2_PLACEMENT_3D('',#2761,#2168,#2169);
#1830=AXIS2_PLACEMENT_3D('',#2765,#2171,#2172);
#1831=AXIS2_PLACEMENT_3D('',#2768,#2174,#2175);
#1832=AXIS2_PLACEMENT_3D('',#2770,#2177,#2178);
#1833=AXIS2_PLACEMENT_3D('',#2777,#2180,#2181);
#1834=AXIS2_PLACEMENT_3D('',#2781,#2184,#2185);
#1835=AXIS2_PLACEMENT_3D('',#2792,#2188,#2189);
#1836=AXIS2_PLACEMENT_3D('',#2794,#2191,#2192);
#1837=AXIS2_PLACEMENT_3D('',#2796,#2194,#2195);
#1838=AXIS2_PLACEMENT_3D('',#2797,#2196,#2197);
#1839=AXIS2_PLACEMENT_3D('',#2809,#2200,#2201);
#1840=AXIS2_PLACEMENT_3D('',#2810,#2202,#2203);
#1841=AXIS2_PLACEMENT_3D('',#2816,#2207,#2208);
#1842=AXIS2_PLACEMENT_3D('',#2825,#2210,#2211);
#1843=AXIS2_PLACEMENT_3D('',#2826,#2212,#2213);
#1844=AXIS2_PLACEMENT_3D('',#2827,#2214,#2215);
#1845=AXIS2_PLACEMENT_3D('',#2832,#2218,#2219);
#1846=AXIS2_PLACEMENT_3D('',#2841,#2221,#2222);
#1847=AXIS2_PLACEMENT_3D('',#2842,#2223,#2224);
#1848=AXIS2_PLACEMENT_3D('',#2843,#2225,#2226);
#1849=AXIS2_PLACEMENT_3D('',#2848,#2228,#2229);
#1850=AXIS2_PLACEMENT_3D('',#2852,#2231,#2232);
#1851=AXIS2_PLACEMENT_3D('',#2856,#2234,#2235);
#1852=AXIS2_PLACEMENT_3D('',#2863,#2239,#2240);
#1853=AXIS2_PLACEMENT_3D('',#2864,#2241,#2242);
#1854=AXIS2_PLACEMENT_3D('',#2868,#2245,#2246);
#1855=AXIS2_PLACEMENT_3D('',#2871,#2248,#2249);
#1856=AXIS2_PLACEMENT_3D('',#2872,#2250,#2251);
#1857=AXIS2_PLACEMENT_3D('',#2878,#2252,#2253);
#1858=AXIS2_PLACEMENT_3D('',#2881,#2256,#2257);
#1859=AXIS2_PLACEMENT_3D('',#2883,#2259,#2260);
#1860=AXIS2_PLACEMENT_3D('',#2885,#2262,#2263);
#1861=AXIS2_PLACEMENT_3D('',#2887,#2265,#2266);
#1862=AXIS2_PLACEMENT_3D('',#2889,#2268,#2269);
#1863=AXIS2_PLACEMENT_3D('',#2891,#2271,#2272);
#1864=AXIS2_PLACEMENT_3D('',#2893,#2274,#2275);
#1865=AXIS2_PLACEMENT_3D('',#2894,#2276,#2277);
#1866=AXIS2_PLACEMENT_3D('',#2896,#2279,#2280);
#1867=AXIS2_PLACEMENT_3D('',#2898,#2282,#2283);
#1868=AXIS2_PLACEMENT_3D('',#2899,#2284,#2285);
#1869=AXIS2_PLACEMENT_3D('',#2927,#2288,#2289);
#1870=AXIS2_PLACEMENT_3D('',#2928,#2290,#2291);
#1871=AXIS2_PLACEMENT_3D('',#2931,#2294,#2295);
#1872=AXIS2_PLACEMENT_3D('',#2932,#2296,#2297);
#1873=AXIS2_PLACEMENT_3D('',#2934,#2299,#2300);
#1874=AXIS2_PLACEMENT_3D('',#2935,#2301,#2302);
#1875=AXIS2_PLACEMENT_3D('',#2936,#2303,#2304);
#1876=AXIS2_PLACEMENT_3D('',#2938,#2305,#2306);
#1877=AXIS2_PLACEMENT_3D('',#2941,#2309,#2310);
#1878=AXIS2_PLACEMENT_3D('',#2942,#2311,#2312);
#1879=AXIS2_PLACEMENT_3D('',#2943,#2313,#2314);
#1880=AXIS2_PLACEMENT_3D('',#2959,#2315,#2316);
#1881=AXIS2_PLACEMENT_3D('',#2960,#2317,#2318);
#1882=AXIS2_PLACEMENT_3D('',#2961,#2319,#2320);
#1883=AXIS2_PLACEMENT_3D('',#2962,#2321,#2322);
#1884=AXIS2_PLACEMENT_3D('',#2963,#2323,#2324);
#1885=AXIS2_PLACEMENT_3D('',#2964,#2325,#2326);
#1886=AXIS2_PLACEMENT_3D('',#2980,#2327,#2328);
#1887=AXIS2_PLACEMENT_3D('',#2996,#2329,#2330);
#1888=AXIS2_PLACEMENT_3D('',#2997,#2331,#2332);
#1889=AXIS2_PLACEMENT_3D('',#2998,#2333,#2334);
#1890=AXIS2_PLACEMENT_3D('',#2999,#2335,#2336);
#1891=AXIS2_PLACEMENT_3D('',#3000,#2337,#2338);
#1892=AXIS2_PLACEMENT_3D('',#3016,#2339,#2340);
#1893=AXIS2_PLACEMENT_3D('',#3017,#2341,#2342);
#1894=AXIS2_PLACEMENT_3D('',#3018,#2343,#2344);
#1895=AXIS2_PLACEMENT_3D('',#3019,#2345,#2346);
#1896=AXIS2_PLACEMENT_3D('',#3020,#2347,#2348);
#1897=AXIS2_PLACEMENT_3D('',#3021,#2349,#2350);
#1898=AXIS2_PLACEMENT_3D('',#3022,#2351,#2352);
#1899=AXIS2_PLACEMENT_3D('',#3023,#2353,#2354);
#1900=AXIS2_PLACEMENT_3D('',#3024,#2355,#2356);
#1901=AXIS2_PLACEMENT_3D('',#3025,#2357,#2358);
#1902=AXIS2_PLACEMENT_3D('',#3026,#2359,#2360);
#1903=AXIS2_PLACEMENT_3D('',#3027,#2361,#2362);
#1904=AXIS2_PLACEMENT_3D('',#3028,#2363,#2364);
#1905=AXIS2_PLACEMENT_3D('',#3029,#2365,#2366);
#1906=AXIS2_PLACEMENT_3D('',#3030,#2367,#2368);
#1907=AXIS2_PLACEMENT_3D('',#3031,#2369,#2370);
#1908=AXIS2_PLACEMENT_3D('',#3032,#2371,#2372);
#1909=AXIS2_PLACEMENT_3D('',#3033,#2373,#2374);
#1910=AXIS2_PLACEMENT_3D('',#3034,#2375,#2376);
#1911=AXIS2_PLACEMENT_3D('',#3035,#2377,#2378);
#1912=AXIS2_PLACEMENT_3D('',#3036,#2379,#2380);
#1913=AXIS2_PLACEMENT_3D('',#3037,#2381,#2382);
#1914=AXIS2_PLACEMENT_3D('',#3038,#2383,#2384);
#1915=AXIS2_PLACEMENT_3D('',#3039,#2385,#2386);
#1916=AXIS2_PLACEMENT_3D('',#3040,#2387,#2388);
#1917=AXIS2_PLACEMENT_3D('',#3041,#2389,#2390);
#1918=AXIS2_PLACEMENT_3D('',#3042,#2391,#2392);
#1919=AXIS2_PLACEMENT_3D('',#3043,#2393,#2394);
#1920=AXIS2_PLACEMENT_3D('',#3044,#2395,#2396);
#1921=AXIS2_PLACEMENT_3D('',#3045,#2397,#2398);
#1922=AXIS2_PLACEMENT_3D('',#3046,#2399,#2400);
#1923=AXIS2_PLACEMENT_3D('',#3047,#2401,#2402);
#1924=AXIS2_PLACEMENT_3D('',#3048,#2403,#2404);
#1925=AXIS2_PLACEMENT_3D('',#3049,#2405,#2406);
#1926=AXIS2_PLACEMENT_3D('',#3050,#2407,#2408);
#1927=AXIS2_PLACEMENT_3D('',#3051,#2409,#2410);
#1928=AXIS2_PLACEMENT_3D('',#3052,#2411,#2412);
#1929=AXIS2_PLACEMENT_3D('',#3053,#2413,#2414);
#1930=AXIS2_PLACEMENT_3D('',#3054,#2415,#2416);
#1931=AXIS2_PLACEMENT_3D('',#3055,#2417,#2418);
#1932=AXIS2_PLACEMENT_3D('',#3056,#2419,#2420);
#1933=AXIS2_PLACEMENT_3D('',#3062,#2424,#2425);
#1934=AXIS2_PLACEMENT_3D('',#3066,#2428,#2429);
#1935=AXIS2_PLACEMENT_3D('',#3070,#2432,#2433);
#1936=AXIS2_PLACEMENT_3D('',#3072,#2435,#2436);
#1937=AXIS2_PLACEMENT_3D('',#3073,#2437,#2438);
#1938=AXIS2_PLACEMENT_3D('',#3079,#2442,#2443);
#1939=AXIS2_PLACEMENT_3D('',#3083,#2446,#2447);
#1940=AXIS2_PLACEMENT_3D('',#3087,#2450,#2451);
#1941=AXIS2_PLACEMENT_3D('',#3089,#2453,#2454);
#1942=DIRECTION('',(0.,0.,1.));
#1943=DIRECTION('',(1.,0.,0.));
#1944=DIRECTION('',(1.,-2.01712032090326E-16,0.));
#1945=DIRECTION('',(2.01712032090326E-16,1.,0.));
#1946=DIRECTION('',(-2.01712032090326E-16,-1.,0.));
#1947=DIRECTION('',(0.,0.,1.));
#1948=DIRECTION('',(-2.01712032090326E-16,-1.,0.));
#1949=DIRECTION('',(0.,0.,-1.));
#1950=DIRECTION('',(-2.01712032090326E-16,-1.,0.));
#1951=DIRECTION('',(0.,0.,-1.));
#1952=DIRECTION('',(-2.01712032090326E-16,-1.,0.));
#1953=DIRECTION('',(0.,0.,-1.));
#1954=DIRECTION('',(1.,-2.01712032090326E-16,0.));
#1955=DIRECTION('',(2.01712032090326E-16,1.,0.));
#1956=DIRECTION('',(-2.01712032090326E-16,-1.,0.));
#1957=DIRECTION('',(0.,0.,-1.));
#1958=DIRECTION('',(-2.01712032090326E-16,-1.,0.));
#1959=DIRECTION('',(0.,0.,1.));
#1960=DIRECTION('',(0.,0.,-1.));
#1961=DIRECTION('',(2.01712032090326E-16,1.,9.91270557701033E-17));
#1962=DIRECTION('',(0.,0.,-1.));
#1963=DIRECTION('',(2.01712032090326E-16,1.,1.98254111540206E-16));
#1964=DIRECTION('',(0.,0.,-1.));
#1965=DIRECTION('',(1.,0.,0.));
#1966=DIRECTION('',(0.,0.,-1.));
#1967=DIRECTION('',(-1.,0.,0.));
#1968=DIRECTION('',(0.,-1.,0.));
#1969=DIRECTION('',(0.,0.,-1.));
#1970=DIRECTION('',(-1.,0.,0.));
#1971=DIRECTION('',(0.,-1.,0.));
#1972=DIRECTION('',(0.,0.,-1.));
#1973=DIRECTION('',(-1.,0.,0.));
#1974=DIRECTION('',(-1.65690340100759E-16,-1.,0.));
#1975=DIRECTION('',(0.,0.,1.));
#1976=DIRECTION('',(-1.,0.,0.));
#1977=DIRECTION('',(0.,1.,0.));
#1978=DIRECTION('',(0.,0.,-1.));
#1979=DIRECTION('',(-1.,0.,0.));
#1980=DIRECTION('',(0.,1.,0.));
#1981=DIRECTION('',(1.,0.,0.));
#1982=DIRECTION('',(-1.89328619479051E-16,1.,0.));
#1983=DIRECTION('',(1.,0.,0.));
#1984=DIRECTION('',(-1.89328619479051E-16,1.,0.));
#1985=DIRECTION('',(1.,0.,0.));
#1986=DIRECTION('',(0.,1.,0.));
#1987=DIRECTION('',(0.,0.,1.));
#1988=DIRECTION('',(-1.,0.,0.));
#1989=DIRECTION('',(-1.65690340100759E-16,-1.,0.));
#1990=DIRECTION('',(0.,0.,1.));
#1991=DIRECTION('',(1.,0.,0.));
#1992=DIRECTION('',(0.,0.,-1.));
#1993=DIRECTION('',(0.,0.,-1.));
#1994=DIRECTION('',(-1.,0.,0.));
#1995=DIRECTION('',(0.,0.,1.));
#1996=DIRECTION('',(0.,0.,1.));
#1997=DIRECTION('',(1.,0.,0.));
#1998=DIRECTION('',(0.,0.,-1.));
#1999=DIRECTION('',(0.,0.,1.));
#2000=DIRECTION('',(0.,0.,1.));
#2001=DIRECTION('',(-1.,0.,0.));
#2002=DIRECTION('',(0.,0.,-1.));
#2003=DIRECTION('',(-1.,0.,0.));
#2004=DIRECTION('',(0.,0.,-1.));
#2005=DIRECTION('',(-1.,0.,0.));
#2006=DIRECTION('',(0.,0.,-1.));
#2007=DIRECTION('',(0.,0.,-1.));
#2008=DIRECTION('',(-1.,0.,0.));
#2009=DIRECTION('',(0.,0.,-1.));
#2010=DIRECTION('',(0.,0.,1.));
#2011=DIRECTION('',(1.,0.,0.));
#2012=DIRECTION('',(0.,0.,-1.));
#2013=DIRECTION('',(0.,0.,1.));
#2014=DIRECTION('',(1.,0.,0.));
#2015=DIRECTION('',(0.,0.,-1.));
#2016=DIRECTION('',(0.,-1.,0.));
#2017=DIRECTION('',(0.,0.,-1.));
#2018=DIRECTION('',(0.,-1.,0.));
#2019=DIRECTION('',(0.,0.,-1.));
#2020=DIRECTION('',(1.,0.,0.));
#2021=DIRECTION('',(0.,0.,1.));
#2022=DIRECTION('',(0.,0.,-1.));
#2023=DIRECTION('',(1.,0.,0.));
#2024=DIRECTION('',(0.,1.,0.));
#2025=DIRECTION('',(1.,0.,0.));
#2026=DIRECTION('',(0.,1.,0.));
#2027=DIRECTION('',(1.,0.,0.));
#2028=DIRECTION('',(-1.89328619479051E-16,1.,0.));
#2029=DIRECTION('',(1.,0.,0.));
#2030=DIRECTION('',(-1.89328619479051E-16,1.,0.));
#2031=DIRECTION('',(1.11450271505095E-16,-1.,0.));
#2032=DIRECTION('',(-1.,1.55163101607943E-16,0.));
#2033=DIRECTION('',(1.11450271505095E-16,-1.,0.));
#2034=DIRECTION('',(-1.,1.55163101607943E-16,0.));
#2035=DIRECTION('',(0.,0.,-1.));
#2036=DIRECTION('',(-1.,0.,0.));
#2037=DIRECTION('',(0.,0.,-1.));
#2038=DIRECTION('',(1.,0.,0.));
#2039=DIRECTION('',(0.,0.,-1.));
#2040=DIRECTION('',(0.,0.,1.));
#2041=DIRECTION('',(1.,0.,0.));
#2042=DIRECTION('',(0.,0.,-1.));
#2043=DIRECTION('',(0.,0.,1.));
#2044=DIRECTION('',(1.,0.,0.));
#2045=DIRECTION('',(-1.94693992814456E-16,-1.,0.));
#2046=DIRECTION('',(0.,0.,1.));
#2047=DIRECTION('',(1.,0.,0.));
#2048=DIRECTION('',(1.,0.,0.));
#2049=DIRECTION('',(0.,0.,1.));
#2050=DIRECTION('',(1.,0.,0.));
#2051=DIRECTION('',(-1.94693992814456E-16,-1.,0.));
#2052=DIRECTION('',(0.,0.,1.));
#2053=DIRECTION('',(1.,0.,0.));
#2054=DIRECTION('',(1.,0.,0.));
#2055=DIRECTION('',(0.,0.,1.));
#2056=DIRECTION('',(1.,0.,0.));
#2057=DIRECTION('',(0.,0.,1.));
#2058=DIRECTION('',(1.,0.,0.));
#2059=DIRECTION('',(-2.01712032090326E-16,-1.,0.));
#2060=DIRECTION('',(0.,0.,1.));
#2061=DIRECTION('',(1.,0.,0.));
#2062=DIRECTION('',(-2.01712032090326E-16,-1.,0.));
#2063=DIRECTION('',(0.,0.,1.));
#2064=DIRECTION('',(1.,0.,0.));
#2065=DIRECTION('',(-1.,0.,0.));
#2066=DIRECTION('',(0.,0.,1.));
#2067=DIRECTION('',(1.,0.,0.));
#2068=DIRECTION('',(-1.94693992814456E-16,-1.,0.));
#2069=DIRECTION('',(0.,0.,1.));
#2070=DIRECTION('',(1.,0.,0.));
#2071=DIRECTION('',(1.,0.,0.));
#2072=DIRECTION('',(0.,0.,1.));
#2073=DIRECTION('',(1.,0.,0.));
#2074=DIRECTION('',(1.94693992814456E-16,1.,0.));
#2075=DIRECTION('',(0.,0.,1.));
#2076=DIRECTION('',(1.,0.,0.));
#2077=DIRECTION('',(-1.,1.55163101607943E-16,0.));
#2078=DIRECTION('',(1.11450271505095E-16,-1.,0.));
#2079=DIRECTION('',(-1.,1.55163101607943E-16,0.));
#2080=DIRECTION('',(1.11450271505095E-16,-1.,0.));
#2081=DIRECTION('',(-1.,-1.11450271505095E-16,0.));
#2082=DIRECTION('',(1.11450271505095E-16,-1.,0.));
#2083=DIRECTION('',(0.,0.,1.));
#2084=DIRECTION('',(0.,0.,1.));
#2085=DIRECTION('',(1.55163101607943E-16,1.,0.));
#2086=DIRECTION('',(-1.,1.55163101607943E-16,0.));
#2087=DIRECTION('',(0.,0.,1.));
#2088=DIRECTION('',(-1.,-1.11450271505095E-16,0.));
#2089=DIRECTION('',(1.11450271505095E-16,-1.,0.));
#2090=DIRECTION('',(0.,0.,1.));
#2091=DIRECTION('',(1.55163101607943E-16,1.,0.));
#2092=DIRECTION('',(-1.,1.55163101607943E-16,0.));
#2093=DIRECTION('',(-1.,1.65690340100759E-16,0.));
#2094=DIRECTION('',(-1.65690340100759E-16,-1.,0.));
#2095=DIRECTION('',(-1.65690340100759E-16,-1.,0.));
#2096=DIRECTION('',(0.,0.,1.));
#2097=DIRECTION('',(1.,0.,0.));
#2098=DIRECTION('',(0.,0.,-1.));
#2099=DIRECTION('',(0.,0.,1.));
#2100=DIRECTION('',(0.,0.,-1.));
#2101=DIRECTION('',(-1.,0.,0.));
#2102=DIRECTION('',(-1.,1.65690340100759E-16,0.));
#2103=DIRECTION('',(-1.65690340100759E-16,-1.,0.));
#2104=DIRECTION('',(0.,0.,1.));
#2105=DIRECTION('',(-1.65690340100759E-16,-1.,0.));
#2106=DIRECTION('',(0.,0.,1.));
#2107=DIRECTION('',(1.,0.,0.));
#2108=DIRECTION('',(0.,0.,-1.));
#2109=DIRECTION('',(0.,0.,1.));
#2110=DIRECTION('',(-1.,0.,0.));
#2111=DIRECTION('',(0.,0.,1.));
#2112=DIRECTION('',(0.,0.,-1.));
#2113=DIRECTION('',(-1.,0.,0.));
#2114=DIRECTION('',(0.,0.,-1.));
#2115=DIRECTION('',(1.,0.,0.));
#2116=DIRECTION('',(0.,1.,0.));
#2117=DIRECTION('',(0.,0.,-1.));
#2118=DIRECTION('',(-1.,0.,0.));
#2119=DIRECTION('',(0.,1.,0.));
#2120=DIRECTION('',(0.,-1.,0.));
#2121=DIRECTION('',(0.,0.,-1.));
#2122=DIRECTION('',(-1.,0.,0.));
#2123=DIRECTION('',(0.,-1.,0.));
#2124=DIRECTION('',(0.,0.,-1.));
#2125=DIRECTION('',(-1.,0.,0.));
#2126=DIRECTION('',(0.,0.,-1.));
#2127=DIRECTION('',(-1.,0.,0.));
#2128=DIRECTION('',(0.,0.,-1.));
#2129=DIRECTION('',(-1.,0.,0.));
#2130=DIRECTION('',(0.,0.,-1.));
#2131=DIRECTION('',(-1.,0.,0.));
#2132=DIRECTION('',(0.,0.,-1.));
#2133=DIRECTION('',(-1.,0.,0.));
#2134=DIRECTION('',(0.,0.,-1.));
#2135=DIRECTION('',(-1.,0.,0.));
#2136=DIRECTION('',(1.,1.89328619479051E-16,0.));
#2137=DIRECTION('',(-1.89328619479051E-16,1.,0.));
#2138=DIRECTION('',(0.,0.,1.));
#2139=DIRECTION('',(0.,0.,1.));
#2140=DIRECTION('',(0.,-1.,0.));
#2141=DIRECTION('',(0.,0.,-1.));
#2142=DIRECTION('',(0.,-1.,0.));
#2143=DIRECTION('',(0.,0.,-1.));
#2144=DIRECTION('',(1.,1.89328619479051E-16,0.));
#2145=DIRECTION('',(-1.89328619479051E-16,1.,0.));
#2146=DIRECTION('',(0.,0.,1.));
#2147=DIRECTION('',(0.,-1.,0.));
#2148=DIRECTION('',(0.,0.,-1.));
#2149=DIRECTION('',(0.,-1.,0.));
#2150=DIRECTION('',(1.,0.,0.));
#2151=DIRECTION('',(0.,-1.,0.));
#2152=DIRECTION('',(0.,0.,-1.));
#2153=DIRECTION('',(0.,0.,1.));
#2154=DIRECTION('',(0.,-1.,0.));
#2155=DIRECTION('',(0.,0.,-1.));
#2156=DIRECTION('',(-1.,0.,0.));
#2157=DIRECTION('',(0.,-1.,0.));
#2158=DIRECTION('',(0.,0.,-1.));
#2159=DIRECTION('',(0.,0.,1.));
#2160=DIRECTION('',(0.,-1.,0.));
#2161=DIRECTION('',(0.,0.,-1.));
#2162=DIRECTION('',(-1.,0.,0.));
#2163=DIRECTION('',(0.,-1.,0.));
#2164=DIRECTION('',(0.,0.,-1.));
#2165=DIRECTION('',(0.,-1.,0.));
#2166=DIRECTION('',(0.,0.,-1.));
#2167=DIRECTION('',(-1.73472347597681E-16,0.,1.));
#2168=DIRECTION('',(0.,-1.,0.));
#2169=DIRECTION('',(0.,0.,-1.));
#2170=DIRECTION('',(-1.,0.,0.));
#2171=DIRECTION('',(0.,-1.,0.));
#2172=DIRECTION('',(0.,0.,-1.));
#2173=DIRECTION('',(0.,0.,1.));
#2174=DIRECTION('',(0.,1.,0.));
#2175=DIRECTION('',(0.,0.,1.));
#2176=DIRECTION('',(0.,1.,0.));
#2177=DIRECTION('',(0.,1.,0.));
#2178=DIRECTION('',(0.,0.,1.));
#2179=DIRECTION('',(0.,1.,0.));
#2180=DIRECTION('',(-1.,0.,-1.73472347597681E-16));
#2181=DIRECTION('',(-1.73472347597681E-16,0.,1.));
#2182=DIRECTION('',(0.,0.,-1.));
#2183=DIRECTION('',(0.,1.,0.));
#2184=DIRECTION('',(0.,1.,0.));
#2185=DIRECTION('',(0.,0.,1.));
#2186=DIRECTION('',(0.,1.,0.));
#2187=DIRECTION('',(0.,1.,0.));
#2188=DIRECTION('',(0.,0.,-1.));
#2189=DIRECTION('',(-1.,0.,0.));
#2190=DIRECTION('',(0.,1.,0.));
#2191=DIRECTION('',(0.,1.,0.));
#2192=DIRECTION('',(0.,0.,1.));
#2193=DIRECTION('',(0.,1.,0.));
#2194=DIRECTION('',(-1.,0.,0.));
#2195=DIRECTION('',(0.,0.,1.));
#2196=DIRECTION('',(0.,1.,0.));
#2197=DIRECTION('',(0.,0.,1.));
#2198=DIRECTION('',(0.,1.,0.));
#2199=DIRECTION('',(0.,1.,0.));
#2200=DIRECTION('',(0.,-1.,0.));
#2201=DIRECTION('',(0.,0.,-1.));
#2202=DIRECTION('',(-1.,0.,0.));
#2203=DIRECTION('',(0.,0.,1.));
#2204=DIRECTION('',(0.,0.,-1.));
#2205=DIRECTION('',(0.,1.,0.));
#2206=DIRECTION('',(0.,0.,1.));
#2207=DIRECTION('',(0.,1.,0.));
#2208=DIRECTION('',(0.,0.,1.));
#2209=DIRECTION('',(0.,1.,0.));
#2210=DIRECTION('',(0.,-1.,0.));
#2211=DIRECTION('',(0.,0.,-1.));
#2212=DIRECTION('',(0.,0.,-1.));
#2213=DIRECTION('',(-1.,0.,0.));
#2214=DIRECTION('',(0.,0.,-1.));
#2215=DIRECTION('',(-1.,0.,0.));
#2216=DIRECTION('',(0.,1.,0.));
#2217=DIRECTION('',(-1.,0.,0.));
#2218=DIRECTION('',(0.,1.,0.));
#2219=DIRECTION('',(0.,0.,1.));
#2220=DIRECTION('',(0.,1.,0.));
#2221=DIRECTION('',(0.,-1.,0.));
#2222=DIRECTION('',(0.,0.,-1.));
#2223=DIRECTION('',(0.,-1.,0.));
#2224=DIRECTION('',(1.,0.,0.));
#2225=DIRECTION('',(0.,-1.,0.));
#2226=DIRECTION('',(0.,0.,-1.));
#2227=DIRECTION('',(0.,0.,1.));
#2228=DIRECTION('',(0.,-1.,0.));
#2229=DIRECTION('',(0.,0.,-1.));
#2230=DIRECTION('',(-1.,0.,0.));
#2231=DIRECTION('',(0.,-1.,0.));
#2232=DIRECTION('',(0.,0.,-1.));
#2233=DIRECTION('',(0.,0.,1.));
#2234=DIRECTION('',(0.,-1.,0.));
#2235=DIRECTION('',(0.,0.,-1.));
#2236=DIRECTION('',(-1.,0.,0.));
#2237=DIRECTION('',(-1.,0.,0.));
#2238=DIRECTION('',(-3.46944695195362E-16,0.,1.));
#2239=DIRECTION('',(0.,-1.,0.));
#2240=DIRECTION('',(0.,0.,-1.));
#2241=DIRECTION('',(-1.,0.,-3.46944695195362E-16));
#2242=DIRECTION('',(-3.46944695195362E-16,0.,1.));
#2243=DIRECTION('',(-3.46944695195362E-16,0.,1.));
#2244=DIRECTION('',(0.,1.,0.));
#2245=DIRECTION('',(0.,0.,-1.));
#2246=DIRECTION('',(-1.,0.,0.));
#2247=DIRECTION('',(0.,1.,0.));
#2248=DIRECTION('',(0.,0.,-1.));
#2249=DIRECTION('',(-1.,0.,0.));
#2250=DIRECTION('',(0.,1.,0.));
#2251=DIRECTION('',(0.,0.,1.));
#2252=DIRECTION('',(0.,1.,0.));
#2253=DIRECTION('',(0.,0.,1.));
#2254=DIRECTION('',(0.,1.,0.));
#2255=DIRECTION('',(0.,1.,0.));
#2256=DIRECTION('',(-1.,0.,0.));
#2257=DIRECTION('',(0.,0.,1.));
#2258=DIRECTION('',(0.,1.,0.));
#2259=DIRECTION('',(0.,0.,-1.));
#2260=DIRECTION('',(-1.,0.,0.));
#2261=DIRECTION('',(0.,1.,0.));
#2262=DIRECTION('',(0.,1.,0.));
#2263=DIRECTION('',(0.,0.,1.));
#2264=DIRECTION('',(0.,1.,0.));
#2265=DIRECTION('',(-1.,0.,0.));
#2266=DIRECTION('',(0.,0.,1.));
#2267=DIRECTION('',(0.,1.,0.));
#2268=DIRECTION('',(0.,1.,0.));
#2269=DIRECTION('',(0.,0.,1.));
#2270=DIRECTION('',(0.,1.,0.));
#2271=DIRECTION('',(0.,0.,-1.));
#2272=DIRECTION('',(-1.,0.,0.));
#2273=DIRECTION('',(0.,1.,0.));
#2274=DIRECTION('',(0.,1.,0.));
#2275=DIRECTION('',(0.,0.,1.));
#2276=DIRECTION('',(1.,0.,0.));
#2277=DIRECTION('',(0.,0.,-1.));
#2278=DIRECTION('',(0.,0.,-1.));
#2279=DIRECTION('',(0.,0.,-1.));
#2280=DIRECTION('',(-1.,0.,0.));
#2281=DIRECTION('',(0.,0.,-1.));
#2282=DIRECTION('',(1.,0.,0.));
#2283=DIRECTION('',(0.,0.,-1.));
#2284=DIRECTION('',(0.,0.,-1.));
#2285=DIRECTION('',(-1.,0.,0.));
#2286=DIRECTION('',(0.,0.,-1.));
#2287=DIRECTION('',(0.,0.,-1.));
#2288=DIRECTION('',(0.,0.,-1.));
#2289=DIRECTION('',(-1.,0.,0.));
#2290=DIRECTION('',(-1.,0.,-1.73472347597681E-16));
#2291=DIRECTION('',(-1.73472347597681E-16,0.,1.));
#2292=DIRECTION('',(0.,1.,0.));
#2293=DIRECTION('',(0.,1.,0.));
#2294=DIRECTION('',(0.,1.,0.));
#2295=DIRECTION('',(0.,0.,1.));
#2296=DIRECTION('',(0.,0.,-1.));
#2297=DIRECTION('',(1.,0.,0.));
#2298=DIRECTION('',(0.,1.,0.));
#2299=DIRECTION('',(0.,1.,0.));
#2300=DIRECTION('',(0.,0.,1.));
#2301=DIRECTION('',(0.,0.,-1.));
#2302=DIRECTION('',(-1.,0.,0.));
#2303=DIRECTION('',(0.,0.,-1.));
#2304=DIRECTION('',(-1.,0.,0.));
#2305=DIRECTION('',(0.,0.,-1.));
#2306=DIRECTION('',(-1.,0.,0.));
#2307=DIRECTION('',(0.,0.,-1.));
#2308=DIRECTION('',(0.,0.,-1.));
#2309=DIRECTION('',(-1.,0.,0.));
#2310=DIRECTION('',(0.,0.,1.));
#2311=DIRECTION('',(-1.,0.,0.));
#2312=DIRECTION('',(0.,0.,1.));
#2313=DIRECTION('',(0.,0.,-1.));
#2314=DIRECTION('',(1.,0.,0.));
#2315=DIRECTION('',(-0.996348823914398,0.0853757640340363,0.));
#2316=DIRECTION('',(-0.0853757640340363,-0.996348823914398,0.));
#2317=DIRECTION('',(0.,0.,-1.));
#2318=DIRECTION('',(-1.,0.,0.));
#2319=DIRECTION('',(0.,0.,-1.));
#2320=DIRECTION('',(-1.,0.,0.));
#2321=DIRECTION('',(0.,0.,-1.));
#2322=DIRECTION('',(-1.,0.,0.));
#2323=DIRECTION('',(0.,0.,-1.));
#2324=DIRECTION('',(-1.,0.,0.));
#2325=DIRECTION('',(-0.984760916177004,0.173913593402665,0.));
#2326=DIRECTION('',(-0.173913593402665,-0.984760916177004,0.));
#2327=DIRECTION('',(-0.996348823914398,0.0853757640340363,-8.64194847553095E-16));
#2328=DIRECTION('',(-0.0853757640340363,-0.996348823914398,0.));
#2329=DIRECTION('',(-1.73472347597681E-15,2.18710196899903E-15,-1.));
#2330=DIRECTION('',(0.,1.,2.18710196899903E-15));
#2331=DIRECTION('',(0.,0.,-1.));
#2332=DIRECTION('',(-1.,0.,0.));
#2333=DIRECTION('',(-0.984760916177004,0.173913593402667,1.70828787951667E-15));
#2334=DIRECTION('',(-0.173913593402667,-0.984760916177004,0.));
#2335=DIRECTION('',(0.,0.,-1.));
#2336=DIRECTION('',(-1.,0.,0.));
#2337=DIRECTION('',(0.,0.,-1.));
#2338=DIRECTION('',(-1.,0.,0.));
#2339=DIRECTION('',(0.,0.,-1.));
#2340=DIRECTION('',(-1.,0.,0.));
#2341=DIRECTION('',(0.,0.,1.));
#2342=DIRECTION('',(1.,0.,0.));
#2343=DIRECTION('',(0.,0.,1.));
#2344=DIRECTION('',(1.,0.,0.));
#2345=DIRECTION('',(0.940567854598298,0.339605816935392,0.));
#2346=DIRECTION('',(-0.339605816935392,0.940567854598298,0.));
#2347=DIRECTION('',(0.,-1.,0.));
#2348=DIRECTION('',(0.,0.,-1.));
#2349=DIRECTION('',(0.,0.,-1.));
#2350=DIRECTION('',(-1.,0.,0.));
#2351=DIRECTION('',(0.,0.,1.));
#2352=DIRECTION('',(1.,0.,0.));
#2353=DIRECTION('',(-2.01712032090326E-16,-1.,0.));
#2354=DIRECTION('',(1.,-2.01712032090326E-16,0.));
#2355=DIRECTION('',(0.,1.,0.));
#2356=DIRECTION('',(0.,0.,1.));
#2357=DIRECTION('',(0.,0.,1.));
#2358=DIRECTION('',(1.,0.,0.));
#2359=DIRECTION('',(-0.9405678545983,0.339605816935387,4.17001181961885E-15));
#2360=DIRECTION('',(-0.339605816935387,-0.9405678545983,0.));
#2361=DIRECTION('',(0.,0.,-1.));
#2362=DIRECTION('',(-1.,0.,0.));
#2363=DIRECTION('',(0.,0.,1.));
#2364=DIRECTION('',(1.,0.,0.));
#2365=DIRECTION('',(3.46944695195361E-15,0.,1.));
#2366=DIRECTION('',(1.,0.,-3.46944695195361E-15));
#2367=DIRECTION('',(0.940567854598299,-0.33960581693539,-3.26325027624162E-15));
#2368=DIRECTION('',(0.33960581693539,0.940567854598299,0.));
#2369=DIRECTION('',(0.,1.38777878078145E-14,1.));
#2370=DIRECTION('',(0.,-1.,1.38777878078145E-14));
#2371=DIRECTION('',(0.,-1.,0.));
#2372=DIRECTION('',(0.,0.,-1.));
#2373=DIRECTION('',(0.,0.,1.));
#2374=DIRECTION('',(1.,0.,0.));
#2375=DIRECTION('',(-0.940567854598297,-0.339605816935394,0.));
#2376=DIRECTION('',(0.339605816935394,-0.940567854598298,0.));
#2377=DIRECTION('',(2.01712032090326E-16,1.,0.));
#2378=DIRECTION('',(-1.,2.01712032090326E-16,0.));
#2379=DIRECTION('',(0.,1.,6.93889390390723E-15));
#2380=DIRECTION('',(0.,-6.93889390390723E-15,1.));
#2381=DIRECTION('',(6.93889390390723E-15,0.,1.));
#2382=DIRECTION('',(1.,0.,-6.93889390390723E-15));
#2383=DIRECTION('',(0.,0.,1.));
#2384=DIRECTION('',(1.,0.,0.));
#2385=DIRECTION('',(0.,0.,-1.));
#2386=DIRECTION('',(-1.,0.,0.));
#2387=DIRECTION('',(0.,0.,1.));
#2388=DIRECTION('',(1.,0.,0.));
#2389=DIRECTION('',(-1.,0.,0.));
#2390=DIRECTION('',(0.,0.,1.));
#2391=DIRECTION('',(3.46944695195361E-15,1.,0.));
#2392=DIRECTION('',(-1.,3.46944695195361E-15,0.));
#2393=DIRECTION('',(1.94693992814456E-16,1.,0.));
#2394=DIRECTION('',(-1.,1.94693992814456E-16,0.));
#2395=DIRECTION('',(0.,1.,0.));
#2396=DIRECTION('',(0.,0.,1.));
#2397=DIRECTION('',(1.,0.,0.));
#2398=DIRECTION('',(0.,0.,-1.));
#2399=DIRECTION('',(-1.,0.,0.));
#2400=DIRECTION('',(0.,0.,1.));
#2401=DIRECTION('',(0.,0.,1.));
#2402=DIRECTION('',(1.,0.,0.));
#2403=DIRECTION('',(-1.,0.,0.));
#2404=DIRECTION('',(0.,0.,1.));
#2405=DIRECTION('',(0.,0.,1.));
#2406=DIRECTION('',(1.,0.,0.));
#2407=DIRECTION('',(0.,1.,0.));
#2408=DIRECTION('',(0.,0.,1.));
#2409=DIRECTION('',(-1.,0.,0.));
#2410=DIRECTION('',(0.,0.,1.));
#2411=DIRECTION('',(-1.,0.,0.));
#2412=DIRECTION('',(0.,0.,1.));
#2413=DIRECTION('',(-1.94693992814456E-16,-1.,0.));
#2414=DIRECTION('',(1.,-1.94693992814456E-16,0.));
#2415=DIRECTION('',(0.,1.,0.));
#2416=DIRECTION('',(0.,0.,1.));
#2417=DIRECTION('',(0.,0.,1.));
#2418=DIRECTION('',(1.,0.,0.));
#2419=DIRECTION('',(1.99951198545186E-32,9.91270557701033E-17,-1.));
#2420=DIRECTION('',(0.,1.,9.91270557701033E-17));
#2421=DIRECTION('',(1.,-2.01712032090326E-16,0.));
#2422=DIRECTION('',(2.01712032090326E-16,1.,9.91270557701033E-17));
#2423=DIRECTION('',(1.,-2.01712032090326E-16,0.));
#2424=DIRECTION('',(-2.01712032090326E-16,-1.,0.));
#2425=DIRECTION('',(1.,-2.01712032090326E-16,0.));
#2426=DIRECTION('',(1.,-2.01712032090326E-16,0.));
#2427=DIRECTION('',(0.,0.,-1.));
#2428=DIRECTION('',(3.99902397090373E-32,1.98254111540206E-16,-1.));
#2429=DIRECTION('',(0.,1.,1.98254111540206E-16));
#2430=DIRECTION('',(1.,-2.01712032090326E-16,0.));
#2431=DIRECTION('',(2.01712032090326E-16,1.,1.98254111540206E-16));
#2432=DIRECTION('',(-2.01712032090326E-16,-1.,0.));
#2433=DIRECTION('',(1.,-2.01712032090326E-16,0.));
#2434=DIRECTION('',(0.,0.,-1.));
#2435=DIRECTION('',(1.,-2.01712032090326E-16,0.));
#2436=DIRECTION('',(2.01712032090326E-16,1.,0.));
#2437=DIRECTION('',(0.,0.,-1.));
#2438=DIRECTION('',(-1.,0.,0.));
#2439=DIRECTION('',(-1.,2.01712032090326E-16,0.));
#2440=DIRECTION('',(-2.01712032090326E-16,-1.,0.));
#2441=DIRECTION('',(-1.,2.01712032090326E-16,0.));
#2442=DIRECTION('',(2.01712032090326E-16,1.,0.));
#2443=DIRECTION('',(-1.,2.01712032090326E-16,0.));
#2444=DIRECTION('',(-1.,2.01712032090326E-16,0.));
#2445=DIRECTION('',(0.,0.,-1.));
#2446=DIRECTION('',(0.,0.,-1.));
#2447=DIRECTION('',(-1.,0.,0.));
#2448=DIRECTION('',(-1.,2.01712032090326E-16,0.));
#2449=DIRECTION('',(-2.01712032090326E-16,-1.,0.));
#2450=DIRECTION('',(2.01712032090326E-16,1.,0.));
#2451=DIRECTION('',(-1.,2.01712032090326E-16,0.));
#2452=DIRECTION('',(0.,0.,-1.));
#2453=DIRECTION('',(-1.,2.01712032090326E-16,0.));
#2454=DIRECTION('',(-2.01712032090326E-16,-1.,0.));
#2455=CARTESIAN_POINT('',(0.,0.,0.));
#2456=CARTESIAN_POINT('',(-0.02785,6.93889390390723E-18,0.0008));
#2457=CARTESIAN_POINT('',(-0.02785,0.043,-0.0002));
#2458=CARTESIAN_POINT('',(-0.02785,-0.0423011608622144,-0.0002));
#2459=CARTESIAN_POINT('',(-0.02785,0.0423011608622144,-0.0002));
#2460=CARTESIAN_POINT('',(-0.02785,0.0423011608622144,-0.0213));
#2461=CARTESIAN_POINT('',(-0.02785,0.0423011608622144,-0.0213));
#2462=CARTESIAN_POINT('',(-0.02785,6.93889390390723E-18,-0.0213));
#2463=CARTESIAN_POINT('',(-0.02785,-0.0423011608622144,-0.0213));
#2464=CARTESIAN_POINT('',(-0.02785,-0.0423011608622144,0.0008));
#2465=CARTESIAN_POINT('',(-0.02785,6.93889390390723E-18,-0.0173));
#2466=CARTESIAN_POINT('',(-0.02785,0.0175,-0.0173));
#2467=CARTESIAN_POINT('',(-0.02785,-0.0175,-0.0173));
#2468=CARTESIAN_POINT('',(-0.02785,-0.0175,-0.0183));
#2469=CARTESIAN_POINT('',(-0.02785,-0.0175,-0.0193));
#2470=CARTESIAN_POINT('',(-0.02785,6.93889390390723E-18,-0.0193));
#2471=CARTESIAN_POINT('',(-0.02785,0.0175,-0.0193));
#2472=CARTESIAN_POINT('',(-0.02785,0.0175,-0.0183));
#2473=CARTESIAN_POINT('',(0.02785,6.93889390390723E-18,0.0008));
#2474=CARTESIAN_POINT('',(0.02785,6.93889390390723E-18,-0.0213));
#2475=CARTESIAN_POINT('',(0.02785,0.0423011608622144,-0.0213));
#2476=CARTESIAN_POINT('',(0.02785,-0.0423011608622144,-0.0213));
#2477=CARTESIAN_POINT('',(0.02785,0.0423011608622144,0.0008));
#2478=CARTESIAN_POINT('',(0.02785,0.0423011608622144,-0.0002));
#2479=CARTESIAN_POINT('',(0.02785,6.93889390390723E-18,-0.0002));
#2480=CARTESIAN_POINT('',(0.02785,-0.0423011608622144,-0.0002));
#2481=CARTESIAN_POINT('',(0.02785,-0.0423011608622144,-0.0213));
#2482=CARTESIAN_POINT('',(0.02785,-0.0175,-0.0183));
#2483=CARTESIAN_POINT('',(0.02785,-0.0175,-0.0173));
#2484=CARTESIAN_POINT('',(0.02785,-0.0175,-0.0193));
#2485=CARTESIAN_POINT('',(0.02785,-6.93889390390723E-18,-0.0173));
#2486=CARTESIAN_POINT('',(0.02785,0.0175,-0.0173));
#2487=CARTESIAN_POINT('',(0.02785,0.0175,-0.0183));
#2488=CARTESIAN_POINT('',(0.02785,0.0175,-0.0193));
#2489=CARTESIAN_POINT('',(0.02785,-6.93889390390723E-18,-0.0193));
#2490=CARTESIAN_POINT('',(6.93889390390723E-18,1.38777878078145E-17,-0.0071));
#2491=CARTESIAN_POINT('',(-6.93889390390723E-18,-0.03206225,-0.0071));
#2492=CARTESIAN_POINT('',(-0.02625,0.0418786870718447,-0.0071));
#2493=CARTESIAN_POINT('',(-0.004,0.0462979738068684,-0.0071));
#2494=CARTESIAN_POINT('',(-0.004,0.0459500076598638,-0.0071));
#2495=CARTESIAN_POINT('',(-0.004,0.044,-0.0071));
#2496=CARTESIAN_POINT('',(0.,0.044,-0.0071));
#2497=CARTESIAN_POINT('',(0.004,0.044,-0.0071));
#2498=CARTESIAN_POINT('',(0.004,0.0459500076598638,-0.0071));
#2499=CARTESIAN_POINT('',(0.004,0.0462979738068684,-0.0071));
#2500=CARTESIAN_POINT('',(-6.93889390390723E-18,-0.03206225,-0.0071));
#2501=CARTESIAN_POINT('',(0.02625,0.0418786870718447,-0.0071));
#2502=CARTESIAN_POINT('',(0.02625,6.93889390390723E-18,-0.0071));
#2503=CARTESIAN_POINT('',(0.02625,-0.0418786870718447,-0.0071));
#2504=CARTESIAN_POINT('',(-2.42861286636753E-17,0.03206225,-0.0071));
#2505=CARTESIAN_POINT('',(0.004,-0.0462979738068683,-0.0071));
#2506=CARTESIAN_POINT('',(0.004,-0.0459500076598638,-0.0071));
#2507=CARTESIAN_POINT('',(0.004,-0.044,-0.0071));
#2508=CARTESIAN_POINT('',(0.,-0.044,-0.0071));
#2509=CARTESIAN_POINT('',(-0.00180916252038146,-0.0404325175578781,-0.00709999999999985));
#2510=CARTESIAN_POINT('',(-0.00180916252038179,-0.048002,-0.0071));
#2511=CARTESIAN_POINT('',(-0.00180916252038179,-0.03665,-0.0071));
#2512=CARTESIAN_POINT('',(6.93889390390723E-18,-0.03665,-0.0071));
#2513=CARTESIAN_POINT('',(0.024,-0.03665,-0.0071));
#2514=CARTESIAN_POINT('',(0.024,0.,-0.0071));
#2515=CARTESIAN_POINT('',(0.024,0.03665,-0.0071));
#2516=CARTESIAN_POINT('',(-6.93889390390723E-18,0.03665,-0.0071));
#2517=CARTESIAN_POINT('',(-0.024,0.03665,-0.0071));
#2518=CARTESIAN_POINT('',(-0.024,0.,-0.0071));
#2519=CARTESIAN_POINT('',(-0.024,-0.03665,-0.0071));
#2520=CARTESIAN_POINT('',(6.93889390390723E-18,-0.03665,-0.0071));
#2521=CARTESIAN_POINT('',(-0.0186908374796182,-0.03665,-0.0071));
#2522=CARTESIAN_POINT('',(-0.0186908374796182,-0.048002,-0.0071));
#2523=CARTESIAN_POINT('',(-0.0186908374796182,-0.0441412753080393,-0.0071));
#2524=CARTESIAN_POINT('',(-2.42861286636753E-17,0.03206225,-0.0071));
#2525=CARTESIAN_POINT('',(-0.02625,-0.0418786870718447,-0.0071));
#2526=CARTESIAN_POINT('',(-0.02625,-6.93889390390723E-18,-0.0071));
#2527=CARTESIAN_POINT('',(-6.93889390390723E-18,-0.03206225,-0.0213));
#2528=CARTESIAN_POINT('',(0.004,0.0462979738068684,0.000802));
#2529=CARTESIAN_POINT('',(0.004,0.0462979738068684,-0.0213));
#2530=CARTESIAN_POINT('',(-6.93889390390723E-18,-0.03206225,-0.0213));
#2531=CARTESIAN_POINT('',(0.02625,0.0418786870718447,-0.0213));
#2532=CARTESIAN_POINT('',(0.02625,0.0418786870718447,-0.0213));
#2533=CARTESIAN_POINT('',(-2.42861286636753E-17,0.03206225,-0.0213));
#2534=CARTESIAN_POINT('',(0.004,-0.0462979738068683,0.000802));
#2535=CARTESIAN_POINT('',(0.004,-0.0462979738068683,-0.0213));
#2536=CARTESIAN_POINT('',(0.02625,-0.0418786870718447,-0.0213));
#2537=CARTESIAN_POINT('',(0.02625,-0.0418786870718447,-0.0213));
#2538=CARTESIAN_POINT('',(-2.42861286636753E-17,0.03206225,-0.0213));
#2539=CARTESIAN_POINT('',(-1.38777878078145E-17,0.03206225,0.0008));
#2540=CARTESIAN_POINT('',(-1.38777878078145E-17,0.03206225,-0.014375));
#2541=CARTESIAN_POINT('',(-0.00683537576403403,-0.0477076786274405,-0.014375));
#2542=CARTESIAN_POINT('',(-0.0139239135934027,-0.0467799246611923,-0.014375));
#2543=CARTESIAN_POINT('',(-0.0139239135934027,-0.0467799246611923,-0.014375));
#2544=CARTESIAN_POINT('',(-0.0150469879460586,-0.0465815842385372,-0.014375));
#2545=CARTESIAN_POINT('',(-0.0172537934802981,-0.0461327758644806,-0.0134819665980043));
#2546=CARTESIAN_POINT('',(-0.0182276687040907,-0.0458974573408848,-0.0112664735127736));
#2547=CARTESIAN_POINT('',(-0.0182276687040907,-0.0458974573408848,-0.010125));
#2548=CARTESIAN_POINT('',(-0.0182276687040907,-0.0458974573408848,-0.010125));
#2549=CARTESIAN_POINT('',(-0.0182276687040907,-0.0458974573408848,0.0008));
#2550=CARTESIAN_POINT('',(-0.0182276687040907,-0.0458974573408848,-0.008875));
#2551=CARTESIAN_POINT('',(-0.0182276687040907,-0.0458974573408848,-0.008875));
#2552=CARTESIAN_POINT('',(-0.0182276687040907,-0.0458974573408848,-0.00773313071697089));
#2553=CARTESIAN_POINT('',(-0.0172495243028805,-0.0461336928156304,-0.00551426072209911));
#2554=CARTESIAN_POINT('',(-0.0150473649086606,-0.0465815176650983,-0.004625));
#2555=CARTESIAN_POINT('',(-0.0139239135934027,-0.0467799246611923,-0.004625));
#2556=CARTESIAN_POINT('',(-0.0139239135934027,-0.0467799246611923,-0.004625));
#2557=CARTESIAN_POINT('',(-1.38777878078145E-17,0.03206225,-0.004625));
#2558=CARTESIAN_POINT('',(-0.00683537576403403,-0.0477076786274405,-0.004625));
#2559=CARTESIAN_POINT('',(-0.00683537576403403,-0.0477076786274405,-0.004625));
#2560=CARTESIAN_POINT('',(-0.00570898060054715,-0.0478041978839285,-0.004625));
#2561=CARTESIAN_POINT('',(-0.00348502838877326,-0.0479372042838724,-0.00553440604799927));
#2562=CARTESIAN_POINT('',(-0.00253162065334594,-0.0479599642403599,-0.00774402740248459));
#2563=CARTESIAN_POINT('',(-0.00253162065334594,-0.0479599642403599,-0.008875));
#2564=CARTESIAN_POINT('',(-0.00253162065334594,-0.0479599642403599,-0.008875));
#2565=CARTESIAN_POINT('',(-0.00253162065334594,-0.0479599642403599,0.0008));
#2566=CARTESIAN_POINT('',(-0.00253162065334594,-0.0479599642403599,-0.010125));
#2567=CARTESIAN_POINT('',(-0.00253162065334594,-0.0479599642403599,-0.010125));
#2568=CARTESIAN_POINT('',(-0.00253162065334594,-0.0479599642403599,-0.0112559532171457));
#2569=CARTESIAN_POINT('',(-0.003489452218988,-0.0479369945960826,-0.0134699577509747));
#2570=CARTESIAN_POINT('',(-0.00570901873720234,-0.0478041946160509,-0.014375));
#2571=CARTESIAN_POINT('',(-0.00683537576403403,-0.0477076786274405,-0.014375));
#2572=CARTESIAN_POINT('',(-1.38777878078145E-17,0.03206225,-0.0213));
#2573=CARTESIAN_POINT('',(-0.0271896058169354,-0.0432417287168127,-0.0213));
#2574=CARTESIAN_POINT('',(0.0271896058169354,-0.0432417287168127,-0.0213));
#2575=CARTESIAN_POINT('',(0.0271896058169354,-0.0432417287168127,0.0008));
#2576=CARTESIAN_POINT('',(0.0271896058169354,-0.0432417287168127,-0.0002));
#2577=CARTESIAN_POINT('',(-1.38777878078145E-17,0.03206225,-0.0002));
#2578=CARTESIAN_POINT('',(-0.0271896058169354,-0.0432417287168127,-0.0002));
#2579=CARTESIAN_POINT('',(-0.0271896058169354,-0.0432417287168127,0.0008));
#2580=CARTESIAN_POINT('',(6.93889390390723E-18,-0.03665,-0.0071));
#2581=CARTESIAN_POINT('',(-0.00675,-0.03665,-0.008875));
#2582=CARTESIAN_POINT('',(-0.00217486339001774,-0.03665,-0.0063));
#2583=CARTESIAN_POINT('',(6.93889390390723E-18,-0.03665,-0.0063));
#2584=CARTESIAN_POINT('',(0.024,-0.03665,-0.0063));
#2585=CARTESIAN_POINT('',(0.024,-0.03665,-0.0071));
#2586=CARTESIAN_POINT('',(3.46944695195361E-18,0.,-0.0063));
#2587=CARTESIAN_POINT('',(-0.00217486339001774,-0.048002,-0.0063));
#2588=CARTESIAN_POINT('',(-0.00217486339001774,-0.0365,-0.0063));
#2589=CARTESIAN_POINT('',(6.93889390390723E-18,-0.0365,-0.0063));
#2590=CARTESIAN_POINT('',(-0.0183251366099823,-0.0365,-0.0063));
#2591=CARTESIAN_POINT('',(-0.0183251366099823,-0.048002,-0.0063));
#2592=CARTESIAN_POINT('',(-0.0183251366099823,-0.03665,-0.0063));
#2593=CARTESIAN_POINT('',(6.93889390390723E-18,-0.03665,-0.0063));
#2594=CARTESIAN_POINT('',(-0.024,-0.03665,-0.0063));
#2595=CARTESIAN_POINT('',(-0.024,0.,-0.0063));
#2596=CARTESIAN_POINT('',(-0.024,0.03665,-0.0063));
#2597=CARTESIAN_POINT('',(-6.93889390390723E-18,0.03665,-0.0063));
#2598=CARTESIAN_POINT('',(0.024,0.03665,-0.0063));
#2599=CARTESIAN_POINT('',(0.024,0.,-0.0063));
#2600=CARTESIAN_POINT('',(0.02236,0.,-0.0063));
#2601=CARTESIAN_POINT('',(0.02236,0.03113,-0.0063));
#2602=CARTESIAN_POINT('',(0.02236,-0.03113,-0.0063));
#2603=CARTESIAN_POINT('',(-3.46944695195361E-18,0.03113,-0.0063));
#2604=CARTESIAN_POINT('',(-0.02236,0.03113,-0.0063));
#2605=CARTESIAN_POINT('',(-0.02236,3.46944695195361E-18,-0.0063));
#2606=CARTESIAN_POINT('',(-0.02236,-0.03113,-0.0063));
#2607=CARTESIAN_POINT('',(3.46944695195361E-18,-0.03113,-0.0063));
#2608=CARTESIAN_POINT('',(8.67361737988404E-18,-0.03206225,0.0008));
#2609=CARTESIAN_POINT('',(8.67361737988404E-18,-0.03206225,-0.0213));
#2610=CARTESIAN_POINT('',(-0.0271896058169353,0.0432417287168127,-0.0213));
#2611=CARTESIAN_POINT('',(0.0271896058169354,0.0432417287168127,-0.0213));
#2612=CARTESIAN_POINT('',(-0.0271896058169353,0.0432417287168127,0.0008));
#2613=CARTESIAN_POINT('',(-0.0271896058169353,0.0432417287168127,-0.0002));
#2614=CARTESIAN_POINT('',(8.67361737988404E-18,-0.03206225,-0.0002));
#2615=CARTESIAN_POINT('',(0.0271896058169354,0.0432417287168127,-0.0002));
#2616=CARTESIAN_POINT('',(0.0271896058169354,0.0432417287168127,0.0008));
#2617=CARTESIAN_POINT('',(3.46944695195361E-18,-1.38777878078145E-17,0.0008));
#2618=CARTESIAN_POINT('',(-0.02196,-9.60230772560899E-18,0.0008));
#2619=CARTESIAN_POINT('',(-0.02196,-0.02673,0.0008));
#2620=CARTESIAN_POINT('',(-0.02196,0.02673,0.0008));
#2621=CARTESIAN_POINT('',(-0.01796,0.02673,0.0008));
#2622=CARTESIAN_POINT('',(-0.01796,0.03073,0.0008));
#2623=CARTESIAN_POINT('',(0.01796,0.03073,0.0008));
#2624=CARTESIAN_POINT('',(0.01796,0.03073,0.0008));
#2625=CARTESIAN_POINT('',(0.01796,0.02673,0.0008));
#2626=CARTESIAN_POINT('',(0.02196,0.02673,0.0008));
#2627=CARTESIAN_POINT('',(0.02196,-0.02673,0.0008));
#2628=CARTESIAN_POINT('',(0.02196,-0.02673,0.0008));
#2629=CARTESIAN_POINT('',(0.01796,-0.02673,0.0008));
#2630=CARTESIAN_POINT('',(0.01796,-0.03073,0.0008));
#2631=CARTESIAN_POINT('',(3.46944695195361E-18,-0.03073,0.0008));
#2632=CARTESIAN_POINT('',(-0.01796,-0.03073,0.0008));
#2633=CARTESIAN_POINT('',(-0.01796,-0.02673,0.0008));
#2634=CARTESIAN_POINT('',(8.67361737988404E-18,-0.03206225,0.0008));
#2635=CARTESIAN_POINT('',(0.02685,0.0423011608622144,0.0008));
#2636=CARTESIAN_POINT('',(-0.02685,0.0423011608622144,0.0008));
#2637=CARTESIAN_POINT('',(-0.02685,-0.043,0.0008));
#2638=CARTESIAN_POINT('',(-0.02685,-0.0423011608622144,0.0008));
#2639=CARTESIAN_POINT('',(-1.38777878078145E-17,0.03206225,0.0008));
#2640=CARTESIAN_POINT('',(0.02685,-0.0423011608622144,0.0008));
#2641=CARTESIAN_POINT('',(0.02685,-1.92937558694397E-17,0.0008));
#2642=CARTESIAN_POINT('',(3.46944695195361E-18,-1.38777878078145E-17,0.));
#2643=CARTESIAN_POINT('',(0.01796,0.0297502041028868,0.));
#2644=CARTESIAN_POINT('',(0.01796,0.0297502041028868,0.));
#2645=CARTESIAN_POINT('',(-0.01796,0.0297502041028868,0.));
#2646=CARTESIAN_POINT('',(-0.01796,0.02673,0.));
#2647=CARTESIAN_POINT('',(-0.0209802041028868,0.02673,0.));
#2648=CARTESIAN_POINT('',(-0.0209802041028868,0.02673,0.));
#2649=CARTESIAN_POINT('',(-0.0209802041028868,-0.02673,0.));
#2650=CARTESIAN_POINT('',(-0.01796,-0.02673,0.));
#2651=CARTESIAN_POINT('',(-0.01796,-0.0297502041028868,0.));
#2652=CARTESIAN_POINT('',(-0.01796,-0.0297502041028868,0.));
#2653=CARTESIAN_POINT('',(0.01796,-0.0297502041028868,0.));
#2654=CARTESIAN_POINT('',(0.01796,-0.02673,0.));
#2655=CARTESIAN_POINT('',(0.0209802041028868,-0.02673,0.));
#2656=CARTESIAN_POINT('',(0.0209802041028868,-0.02673,0.));
#2657=CARTESIAN_POINT('',(0.0209802041028868,0.02673,0.));
#2658=CARTESIAN_POINT('',(0.01796,0.02673,0.));
#2659=CARTESIAN_POINT('',(-3.46944695195361E-18,0.03113,0.));
#2660=CARTESIAN_POINT('',(0.02236,0.03113,0.));
#2661=CARTESIAN_POINT('',(-0.02236,0.03113,0.));
#2662=CARTESIAN_POINT('',(0.02236,0.,0.));
#2663=CARTESIAN_POINT('',(0.02236,-0.03113,0.));
#2664=CARTESIAN_POINT('',(3.46944695195361E-18,-0.03113,0.));
#2665=CARTESIAN_POINT('',(-0.02236,-0.03113,0.));
#2666=CARTESIAN_POINT('',(-0.02236,3.46944695195361E-18,0.));
#2667=CARTESIAN_POINT('',(0.02236,0.,-0.0063));
#2668=CARTESIAN_POINT('',(0.02236,0.03113,-0.0063));
#2669=CARTESIAN_POINT('',(0.02236,-0.03113,-0.0063));
#2670=CARTESIAN_POINT('',(-3.46944695195361E-18,0.03113,-0.0063));
#2671=CARTESIAN_POINT('',(-0.02236,0.03113,-0.0063));
#2672=CARTESIAN_POINT('',(-0.02236,3.46944695195361E-18,-0.0063));
#2673=CARTESIAN_POINT('',(-0.02236,-0.03113,-0.0063));
#2674=CARTESIAN_POINT('',(3.46944695195361E-18,-0.03113,-0.0063));
#2675=CARTESIAN_POINT('',(0.02625,6.93889390390723E-18,-0.0213));
#2676=CARTESIAN_POINT('',(0.02625,6.93889390390723E-18,-0.0213));
#2677=CARTESIAN_POINT('',(-6.93889390390723E-18,-0.03206225,-0.0213));
#2678=CARTESIAN_POINT('',(-0.004,0.0462979738068684,0.000802));
#2679=CARTESIAN_POINT('',(-0.004,0.0462979738068684,-0.0213));
#2680=CARTESIAN_POINT('',(-0.02625,0.0418786870718447,-0.0213));
#2681=CARTESIAN_POINT('',(-0.02625,0.0418786870718447,-0.0213));
#2682=CARTESIAN_POINT('',(-6.93889390390723E-18,-0.03206225,-0.0213));
#2683=CARTESIAN_POINT('',(-0.02625,-6.93889390390723E-18,-0.0213));
#2684=CARTESIAN_POINT('',(-0.02625,-0.0418786870718447,-0.0213));
#2685=CARTESIAN_POINT('',(-0.02625,-0.0418786870718447,-0.0213));
#2686=CARTESIAN_POINT('',(-0.02625,-6.93889390390723E-18,-0.0213));
#2687=CARTESIAN_POINT('',(-2.42861286636753E-17,0.03206225,-0.0213));
#2688=CARTESIAN_POINT('',(-0.00675,-0.0461091141627322,-0.015375));
#2689=CARTESIAN_POINT('',(-0.00577708256835144,-0.04619312437202,-0.015375));
#2690=CARTESIAN_POINT('',(-0.00482011325720217,-0.0462561100541959,-0.0151014389278966));
#2691=CARTESIAN_POINT('',(-0.004,-0.0462979738068684,-0.0145971359549996));
#2692=CARTESIAN_POINT('',(-0.00675,-0.0461091141627322,-0.015375));
#2693=CARTESIAN_POINT('',(-0.004,-0.0462979738068684,-0.0145971359549996));
#2694=CARTESIAN_POINT('',(-0.004,-0.0462979738068684,0.000802));
#2695=CARTESIAN_POINT('',(-0.004,-0.0462979738068684,-0.0213));
#2696=CARTESIAN_POINT('',(-2.42861286636753E-17,0.03206225,-0.0213));
#2697=CARTESIAN_POINT('',(-0.0186908374796182,-0.0441412753080393,-0.0071));
#2698=CARTESIAN_POINT('',(-0.0188965820641892,-0.0440908112569737,-0.0076727045378462));
#2699=CARTESIAN_POINT('',(-0.019,-0.0440647798584051,-0.00826428487928196));
#2700=CARTESIAN_POINT('',(-0.019,-0.0440647798584051,-0.008875));
#2701=CARTESIAN_POINT('',(-0.019,-0.0440647798584051,-0.008875));
#2702=CARTESIAN_POINT('',(-0.019,-0.0440647798584051,-0.0213));
#2703=CARTESIAN_POINT('',(-0.019,-0.0440647798584051,-0.010125));
#2704=CARTESIAN_POINT('',(-0.019,-0.0440647798584051,-0.010125));
#2705=CARTESIAN_POINT('',(-0.019,-0.0440647798584051,-0.0115268847906012));
#2706=CARTESIAN_POINT('',(-0.0178290893195465,-0.0443687965871422,-0.0142543898173689));
#2707=CARTESIAN_POINT('',(-0.0151293866234827,-0.0449402780555743,-0.015375));
#2708=CARTESIAN_POINT('',(-0.01375,-0.0451858061248145,-0.015375));
#2709=CARTESIAN_POINT('',(-0.01375,-0.0451858061248146,-0.015375));
#2710=CARTESIAN_POINT('',(-2.42861286636753E-17,0.03206225,-0.015375));
#2711=CARTESIAN_POINT('',(3.46944695195361E-18,0.,-0.0213));
#2712=CARTESIAN_POINT('',(0.004,0.0459500076598638,-0.0213));
#2713=CARTESIAN_POINT('',(0.004,0.044,-0.0213));
#2714=CARTESIAN_POINT('',(0.,0.044,-0.0213));
#2715=CARTESIAN_POINT('',(-0.004,0.044,-0.0213));
#2716=CARTESIAN_POINT('',(-0.004,0.0459500076598638,-0.0213));
#2717=CARTESIAN_POINT('',(-0.004,-0.0459500076598638,-0.0213));
#2718=CARTESIAN_POINT('',(-0.004,-0.044,-0.0213));
#2719=CARTESIAN_POINT('',(0.,-0.044,-0.0213));
#2720=CARTESIAN_POINT('',(0.004,-0.044,-0.0213));
#2721=CARTESIAN_POINT('',(0.004,-0.0459500076598638,-0.0213));
#2722=CARTESIAN_POINT('',(-0.02685,0.0423011608622144,-0.0213));
#2723=CARTESIAN_POINT('',(0.02685,0.0423011608622144,-0.0213));
#2724=CARTESIAN_POINT('',(0.02685,-0.0423011608622144,-0.0213));
#2725=CARTESIAN_POINT('',(-0.02685,-0.0423011608622144,-0.0213));
#2726=CARTESIAN_POINT('',(0.,-0.044,-0.0213));
#2727=CARTESIAN_POINT('',(-0.002125,-0.044,-0.0213));
#2728=CARTESIAN_POINT('',(0.,0.044,-0.0213));
#2729=CARTESIAN_POINT('',(-0.002125,0.044,-0.0213));
#2730=CARTESIAN_POINT('',(-0.024,0.,-0.0071));
#2731=CARTESIAN_POINT('',(-0.024,-0.03665,-0.0071));
#2732=CARTESIAN_POINT('',(-0.024,0.03665,-0.0071));
#2733=CARTESIAN_POINT('',(6.93889390390723E-18,-0.03665,-0.0071));
#2734=CARTESIAN_POINT('',(-0.01375,-0.03665,-0.008875));
#2735=CARTESIAN_POINT('',(0.024,0.,-0.0071));
#2736=CARTESIAN_POINT('',(0.024,0.03665,-0.0071));
#2737=CARTESIAN_POINT('',(-6.93889390390723E-18,0.03665,-0.0071));
#2738=CARTESIAN_POINT('',(6.93889390390723E-18,-0.0365,-0.0095));
#2739=CARTESIAN_POINT('',(-0.00675,-0.0365,-0.010125));
#2740=CARTESIAN_POINT('',(-0.00675,-0.0365,-0.011375));
#2741=CARTESIAN_POINT('',(-0.0055,-0.0365,-0.010125));
#2742=CARTESIAN_POINT('',(-0.0055,-0.0365,-0.0095));
#2743=CARTESIAN_POINT('',(-0.0055,-0.0365,-0.008875));
#2744=CARTESIAN_POINT('',(-0.00675,-0.0365,-0.008875));
#2745=CARTESIAN_POINT('',(-0.00675,-0.0365,-0.007625));
#2746=CARTESIAN_POINT('',(-0.01025,-0.0365,-0.007625));
#2747=CARTESIAN_POINT('',(-0.01375,-0.0365,-0.007625));
#2748=CARTESIAN_POINT('',(-0.01375,-0.0365,-0.008875));
#2749=CARTESIAN_POINT('',(-0.015,-0.0365,-0.008875));
#2750=CARTESIAN_POINT('',(-0.015,-0.0365,-0.0095));
#2751=CARTESIAN_POINT('',(-0.015,-0.0365,-0.010125));
#2752=CARTESIAN_POINT('',(-0.01375,-0.0365,-0.010125));
#2753=CARTESIAN_POINT('',(-0.01375,-0.0365,-0.011375));
#2754=CARTESIAN_POINT('',(-0.01025,-0.0365,-0.011375));
#2755=CARTESIAN_POINT('',(-0.01375,-0.0365,-0.008875));
#2756=CARTESIAN_POINT('',(-0.019,-0.0365,-0.008875));
#2757=CARTESIAN_POINT('',(-0.00675,-0.0365,-0.008875));
#2758=CARTESIAN_POINT('',(-0.0015,-0.0365,-0.008875));
#2759=CARTESIAN_POINT('',(-0.0015,-0.0365,-0.0095));
#2760=CARTESIAN_POINT('',(-0.0015,-0.0365,-0.010125));
#2761=CARTESIAN_POINT('',(-0.00675,-0.0365,-0.010125));
#2762=CARTESIAN_POINT('',(-0.00675,-0.0365,-0.015375));
#2763=CARTESIAN_POINT('',(-0.01025,-0.0365,-0.015375));
#2764=CARTESIAN_POINT('',(-0.01375,-0.0365,-0.015375));
#2765=CARTESIAN_POINT('',(-0.01375,-0.0365,-0.010125));
#2766=CARTESIAN_POINT('',(-0.019,-0.0365,-0.010125));
#2767=CARTESIAN_POINT('',(-0.019,-0.0365,-0.0095));
#2768=CARTESIAN_POINT('',(-0.01375,-0.048002,-0.008875));
#2769=CARTESIAN_POINT('',(-0.019,-0.048002,-0.008875));
#2770=CARTESIAN_POINT('',(-0.00675,-0.048002,-0.008875));
#2771=CARTESIAN_POINT('',(-0.0015,-0.0402919007564521,-0.008875));
#2772=CARTESIAN_POINT('',(-0.0015,-0.0402919007564521,-0.00826393783239173));
#2773=CARTESIAN_POINT('',(-0.00160649219081118,-0.0403297381973066,-0.00766414713259103));
#2774=CARTESIAN_POINT('',(-0.00180916252038177,-0.0404325175578784,-0.00710000000000007));
#2775=CARTESIAN_POINT('',(-0.0015,-0.0402919007564521,-0.008875));
#2776=CARTESIAN_POINT('',(-0.0015,-0.048002,-0.008875));
#2777=CARTESIAN_POINT('',(-0.0015,-0.048002,-0.0095));
#2778=CARTESIAN_POINT('',(-0.0015,-0.0402919007564521,0.000802));
#2779=CARTESIAN_POINT('',(-0.0015,-0.0402919007564521,-0.010125));
#2780=CARTESIAN_POINT('',(-0.0015,-0.048002,-0.010125));
#2781=CARTESIAN_POINT('',(-0.00675,-0.048002,-0.010125));
#2782=CARTESIAN_POINT('',(-0.004,-0.044,-0.0145971359549996));
#2783=CARTESIAN_POINT('',(-0.004,-0.0433838400990175,-0.0145971359549996));
#2784=CARTESIAN_POINT('',(-0.0037063848795121,-0.0421681834309512,-0.0144386215478792));
#2785=CARTESIAN_POINT('',(-0.00263127676789222,-0.0408817259904499,-0.0135218381274795));
#2786=CARTESIAN_POINT('',(-0.0017149036486309,-0.0403685677349658,-0.0119564994555299));
#2787=CARTESIAN_POINT('',(-0.0015,-0.0402919007564521,-0.0107395441093919));
#2788=CARTESIAN_POINT('',(-0.0015,-0.0402919007564521,-0.010125));
#2789=CARTESIAN_POINT('',(-0.004,-0.044,-0.0145971359549996));
#2790=CARTESIAN_POINT('',(-0.004,-0.048002,-0.0145971359549996));
#2791=CARTESIAN_POINT('',(-0.00675,-0.048002,-0.015375));
#2792=CARTESIAN_POINT('',(-0.01025,-0.048002,-0.015375));
#2793=CARTESIAN_POINT('',(-0.01375,-0.048002,-0.015375));
#2794=CARTESIAN_POINT('',(-0.01375,-0.048002,-0.010125));
#2795=CARTESIAN_POINT('',(-0.019,-0.048002,-0.010125));
#2796=CARTESIAN_POINT('',(-0.019,-0.048002,-0.0095));
#2797=CARTESIAN_POINT('',(-0.01375,-0.048002,-0.008875));
#2798=CARTESIAN_POINT('',(-0.01375,-0.048002,-0.005625));
#2799=CARTESIAN_POINT('',(-0.01375,-0.0457951637450153,-0.005625));
#2800=CARTESIAN_POINT('',(-0.01375,-0.0373,-0.005625));
#2801=CARTESIAN_POINT('',(-0.01375,-0.0457951637450153,-0.005625));
#2802=CARTESIAN_POINT('',(-0.0146005395961207,-0.0455987360001949,-0.005625));
#2803=CARTESIAN_POINT('',(-0.0162611744040823,-0.0451569967953051,-0.00630617793233443));
#2804=CARTESIAN_POINT('',(-0.017,-0.0449237186895119,-0.00800127775865888));
#2805=CARTESIAN_POINT('',(-0.017,-0.0449237186895119,-0.008875));
#2806=CARTESIAN_POINT('',(-0.017,-0.0449237186895119,-0.008875));
#2807=CARTESIAN_POINT('',(-0.017,-0.048002,-0.008875));
#2808=CARTESIAN_POINT('',(-0.017,-0.0373,-0.008875));
#2809=CARTESIAN_POINT('',(-0.01375,-0.0373,-0.008875));
#2810=CARTESIAN_POINT('',(-0.017,-0.048002,-0.0095));
#2811=CARTESIAN_POINT('',(-0.017,-0.0449237186895119,-0.0095));
#2812=CARTESIAN_POINT('',(-0.017,-0.0449237186895119,-0.010125));
#2813=CARTESIAN_POINT('',(-0.017,-0.048002,-0.010125));
#2814=CARTESIAN_POINT('',(-0.017,-0.0373,-0.010125));
#2815=CARTESIAN_POINT('',(-0.017,-0.0373,-0.0095));
#2816=CARTESIAN_POINT('',(-0.01375,-0.048002,-0.010125));
#2817=CARTESIAN_POINT('',(-0.017,-0.0449237186895119,-0.010125));
#2818=CARTESIAN_POINT('',(-0.017,-0.0449237186895119,-0.0109984313278578));
#2819=CARTESIAN_POINT('',(-0.0162644346939844,-0.0451560812782023,-0.0126909002038445));
#2820=CARTESIAN_POINT('',(-0.0146002425908234,-0.0455988045920407,-0.013375));
#2821=CARTESIAN_POINT('',(-0.01375,-0.0457951637450153,-0.013375));
#2822=CARTESIAN_POINT('',(-0.01375,-0.0457951637450153,-0.013375));
#2823=CARTESIAN_POINT('',(-0.01375,-0.048002,-0.013375));
#2824=CARTESIAN_POINT('',(-0.01375,-0.0373,-0.013375));
#2825=CARTESIAN_POINT('',(-0.01375,-0.0373,-0.010125));
#2826=CARTESIAN_POINT('',(-0.01025,-0.048002,-0.013375));
#2827=CARTESIAN_POINT('',(-1.38777878078145E-17,0.03206225,-0.013375));
#2828=CARTESIAN_POINT('',(-0.00675,-0.0467113298035261,-0.013375));
#2829=CARTESIAN_POINT('',(-0.00675,-0.048002,-0.013375));
#2830=CARTESIAN_POINT('',(-0.00675,-0.0373,-0.013375));
#2831=CARTESIAN_POINT('',(-0.01025,-0.0373,-0.013375));
#2832=CARTESIAN_POINT('',(-0.00675,-0.048002,-0.010125));
#2833=CARTESIAN_POINT('',(-0.00675,-0.0467113298035261,-0.013375));
#2834=CARTESIAN_POINT('',(-0.00589553877512812,-0.0468070759093013,-0.013375));
#2835=CARTESIAN_POINT('',(-0.00421314256249375,-0.0469383165201216,-0.0126733397485854));
#2836=CARTESIAN_POINT('',(-0.0035,-0.0469604642982478,-0.0109848987748862));
#2837=CARTESIAN_POINT('',(-0.0035,-0.0469604642982478,-0.010125));
#2838=CARTESIAN_POINT('',(-0.0035,-0.0469604642982478,-0.010125));
#2839=CARTESIAN_POINT('',(-0.0035,-0.048002,-0.010125));
#2840=CARTESIAN_POINT('',(-0.0035,-0.0373,-0.010125));
#2841=CARTESIAN_POINT('',(-0.00675,-0.0373,-0.010125));
#2842=CARTESIAN_POINT('',(6.93889390390723E-18,-0.0373,-0.0095));
#2843=CARTESIAN_POINT('',(-0.00675,-0.0373,-0.008875));
#2844=CARTESIAN_POINT('',(-0.0055,-0.0373,-0.008875));
#2845=CARTESIAN_POINT('',(-0.00675,-0.0373,-0.007625));
#2846=CARTESIAN_POINT('',(-0.0055,-0.0373,-0.0095));
#2847=CARTESIAN_POINT('',(-0.0055,-0.0373,-0.010125));
#2848=CARTESIAN_POINT('',(-0.00675,-0.0373,-0.010125));
#2849=CARTESIAN_POINT('',(-0.00675,-0.0373,-0.011375));
#2850=CARTESIAN_POINT('',(-0.01025,-0.0373,-0.011375));
#2851=CARTESIAN_POINT('',(-0.01375,-0.0373,-0.011375));
#2852=CARTESIAN_POINT('',(-0.01375,-0.0373,-0.010125));
#2853=CARTESIAN_POINT('',(-0.015,-0.0373,-0.010125));
#2854=CARTESIAN_POINT('',(-0.015,-0.0373,-0.0095));
#2855=CARTESIAN_POINT('',(-0.015,-0.0373,-0.008875));
#2856=CARTESIAN_POINT('',(-0.01375,-0.0373,-0.008875));
#2857=CARTESIAN_POINT('',(-0.01375,-0.0373,-0.007625));
#2858=CARTESIAN_POINT('',(-0.01025,-0.0373,-0.007625));
#2859=CARTESIAN_POINT('',(-0.01025,-0.0373,-0.005625));
#2860=CARTESIAN_POINT('',(-0.00675,-0.0373,-0.005625));
#2861=CARTESIAN_POINT('',(-0.0035,-0.0373,-0.0095));
#2862=CARTESIAN_POINT('',(-0.0035,-0.0373,-0.008875));
#2863=CARTESIAN_POINT('',(-0.00675,-0.0373,-0.008875));
#2864=CARTESIAN_POINT('',(-0.0035,-0.048002,-0.0095));
#2865=CARTESIAN_POINT('',(-0.0035,-0.0469604642982478,-0.008875));
#2866=CARTESIAN_POINT('',(-0.0035,-0.0469604642982478,-0.008875));
#2867=CARTESIAN_POINT('',(-0.0035,-0.048002,-0.008875));
#2868=CARTESIAN_POINT('',(-0.01025,-0.048002,-0.005625));
#2869=CARTESIAN_POINT('',(-0.00675,-0.048002,-0.005625));
#2870=CARTESIAN_POINT('',(-0.00675,-0.0467113298035261,-0.005625));
#2871=CARTESIAN_POINT('',(-1.38777878078145E-17,0.03206225,-0.005625));
#2872=CARTESIAN_POINT('',(-0.00675,-0.048002,-0.008875));
#2873=CARTESIAN_POINT('',(-0.0035,-0.0469604642982478,-0.008875));
#2874=CARTESIAN_POINT('',(-0.0035,-0.0469604642982478,-0.00801511981549564));
#2875=CARTESIAN_POINT('',(-0.00420980386485938,-0.0469385235926348,-0.00632998481636401));
#2876=CARTESIAN_POINT('',(-0.00589553267204489,-0.0468070765931784,-0.005625));
#2877=CARTESIAN_POINT('',(-0.00675,-0.0467113298035261,-0.005625));
#2878=CARTESIAN_POINT('',(-0.00675,-0.048002,-0.010125));
#2879=CARTESIAN_POINT('',(-0.0055,-0.048002,-0.010125));
#2880=CARTESIAN_POINT('',(-0.00675,-0.048002,-0.011375));
#2881=CARTESIAN_POINT('',(-0.0055,-0.048002,-0.0095));
#2882=CARTESIAN_POINT('',(-0.0055,-0.048002,-0.008875));
#2883=CARTESIAN_POINT('',(-0.01025,-0.048002,-0.011375));
#2884=CARTESIAN_POINT('',(-0.01375,-0.048002,-0.011375));
#2885=CARTESIAN_POINT('',(-0.01375,-0.048002,-0.010125));
#2886=CARTESIAN_POINT('',(-0.015,-0.048002,-0.010125));
#2887=CARTESIAN_POINT('',(-0.015,-0.048002,-0.0095));
#2888=CARTESIAN_POINT('',(-0.015,-0.048002,-0.008875));
#2889=CARTESIAN_POINT('',(-0.01375,-0.048002,-0.008875));
#2890=CARTESIAN_POINT('',(-0.01375,-0.048002,-0.007625));
#2891=CARTESIAN_POINT('',(-0.01025,-0.048002,-0.007625));
#2892=CARTESIAN_POINT('',(-0.00675,-0.048002,-0.007625));
#2893=CARTESIAN_POINT('',(-0.00675,-0.048002,-0.008875));
#2894=CARTESIAN_POINT('',(-0.004,-0.0459500076598638,0.000802));
#2895=CARTESIAN_POINT('',(-0.004,-0.044,0.000802));
#2896=CARTESIAN_POINT('',(0.,-0.044,0.000802));
#2897=CARTESIAN_POINT('',(0.004,-0.044,0.000802));
#2898=CARTESIAN_POINT('',(0.004,-0.0459500076598638,0.000802));
#2899=CARTESIAN_POINT('',(0.,-0.044,0.000802));
#2900=CARTESIAN_POINT('',(-0.0015,-0.042494800677651,-0.008875));
#2901=CARTESIAN_POINT('',(-0.0015,-0.0424948006776509,-0.00824760381808887));
#2902=CARTESIAN_POINT('',(-0.00162260218702946,-0.0425825118767796,-0.00761930382379553));
#2903=CARTESIAN_POINT('',(-0.0018091625203818,-0.0428853000516524,-0.00709999999999991));
#2904=CARTESIAN_POINT('',(-0.0015,-0.0424948006776509,-0.008875));
#2905=CARTESIAN_POINT('',(-0.00180916252038179,-0.0428853000516526,-0.0071));
#2906=CARTESIAN_POINT('',(-0.0015,-0.0424948006776509,0.000802));
#2907=CARTESIAN_POINT('',(-0.0015,-0.0424948006776509,-0.010125));
#2908=CARTESIAN_POINT('',(-0.0015,-0.045505199322349,-0.010125));
#2909=CARTESIAN_POINT('',(-0.0015,-0.045505199322349,-0.0104008845790772));
#2910=CARTESIAN_POINT('',(-0.00154329864042158,-0.0454642310406763,-0.010944555943852));
#2911=CARTESIAN_POINT('',(-0.00172929896141304,-0.0452523366148751,-0.0117261833249505));
#2912=CARTESIAN_POINT('',(-0.00200400002724078,-0.0448104361311126,-0.0123937824488639));
#2913=CARTESIAN_POINT('',(-0.00218545956617989,-0.0440025285119834,-0.0127170118649597));
#2914=CARTESIAN_POINT('',(-0.00200415821075608,-0.0431888933752948,-0.0123941187662641));
#2915=CARTESIAN_POINT('',(-0.00173014871754818,-0.0427492237617194,-0.0117280296735971));
#2916=CARTESIAN_POINT('',(-0.00154408385393028,-0.0425364404059021,-0.010950562471823));
#2917=CARTESIAN_POINT('',(-0.0015,-0.042494800677651,-0.0104008870440497));
#2918=CARTESIAN_POINT('',(-0.0015,-0.042494800677651,-0.010125));
#2919=CARTESIAN_POINT('',(-0.0015,-0.045505199322349,-0.010125));
#2920=CARTESIAN_POINT('',(-0.0015,-0.045505199322349,0.000802));
#2921=CARTESIAN_POINT('',(-0.0015,-0.045505199322349,-0.008875));
#2922=CARTESIAN_POINT('',(-0.0018091625203818,-0.0451146999483474,-0.00709999999999998));
#2923=CARTESIAN_POINT('',(-0.00162482557781891,-0.0454138795509849,-0.00761311485898193));
#2924=CARTESIAN_POINT('',(-0.0015,-0.045505199322349,-0.00824803980111509));
#2925=CARTESIAN_POINT('',(-0.0015,-0.045505199322349,-0.008875));
#2926=CARTESIAN_POINT('',(-0.00180916252038179,-0.0451146999483474,-0.0071));
#2927=CARTESIAN_POINT('',(0.,-0.044,-0.0071));
#2928=CARTESIAN_POINT('',(-0.0015,-0.048002,-0.0095));
#2929=CARTESIAN_POINT('',(-0.0015,-0.048002,-0.008875));
#2930=CARTESIAN_POINT('',(-0.0015,-0.048002,-0.010125));
#2931=CARTESIAN_POINT('',(-0.00675,-0.048002,-0.010125));
#2932=CARTESIAN_POINT('',(6.93889390390723E-18,1.38777878078145E-17,-0.0071));
#2933=CARTESIAN_POINT('',(-0.00180916252038179,-0.048002,-0.0071));
#2934=CARTESIAN_POINT('',(-0.00675,-0.048002,-0.008875));
#2935=CARTESIAN_POINT('',(0.,0.044,0.000802));
#2936=CARTESIAN_POINT('',(0.,0.044,-0.0071));
#2937=CARTESIAN_POINT('',(-0.002125,0.044,-0.0071));
#2938=CARTESIAN_POINT('',(0.,0.044,0.000802));
#2939=CARTESIAN_POINT('',(-0.004,0.044,0.000802));
#2940=CARTESIAN_POINT('',(0.004,0.044,0.000802));
#2941=CARTESIAN_POINT('',(-0.004,0.0459500076598638,0.000802));
#2942=CARTESIAN_POINT('',(0.004,0.0459500076598638,0.000802));
#2943=CARTESIAN_POINT('',(6.93889390390723E-18,1.38777878078145E-17,-0.0071));
#2944=CARTESIAN_POINT('',(-0.00253162065334594,-0.0479599642403598,-0.008875));
#2945=CARTESIAN_POINT('',(-0.0035,-0.0479293281329047,-0.008875));
#2946=CARTESIAN_POINT('',(-0.0035,-0.0469604642982478,-0.008875));
#2947=CARTESIAN_POINT('',(-0.00253162066406248,-0.0479599642400208,-0.00775137826594443));
#2948=CARTESIAN_POINT('',(-0.00350000000824631,-0.0479293281325308,-0.0080076561763305));
#2949=CARTESIAN_POINT('',(-0.0035,-0.0469604642979437,-0.00801575985042683));
#2950=CARTESIAN_POINT('',(-0.00346964148379986,-0.0479377968573488,-0.00554942632287147));
#2951=CARTESIAN_POINT('',(-0.00421902713834461,-0.0478996985339748,-0.0063001757846604));
#2952=CARTESIAN_POINT('',(-0.00420835064682545,-0.0469385737922235,-0.00633191424941342));
#2953=CARTESIAN_POINT('',(-0.00570174685876648,-0.0478048177333392,-0.00462500000656745));
#2954=CARTESIAN_POINT('',(-0.00597292900536312,-0.0477815805072175,-0.00560276168462378));
#2955=CARTESIAN_POINT('',(-0.00589393504103914,-0.0468072556143775,-0.005625));
#2956=CARTESIAN_POINT('',(-0.00683537576403404,-0.0477076786274405,-0.004625));
#2957=CARTESIAN_POINT('',(-0.00683537576403404,-0.0477076786274405,-0.005625));
#2958=CARTESIAN_POINT('',(-0.00675,-0.0467113298035261,-0.005625));
#2959=CARTESIAN_POINT('',(-0.00675,-0.0467113298035261,-0.004625));
#2960=CARTESIAN_POINT('',(-0.0025,-0.0469604642982478,-0.008875));
#2961=CARTESIAN_POINT('',(-0.0025,-0.0469604642982478,0.0008));
#2962=CARTESIAN_POINT('',(-0.0025,-0.0469604642982478,-0.010125));
#2963=CARTESIAN_POINT('',(-1.38777878078145E-17,0.03206225,-0.004625));
#2964=CARTESIAN_POINT('',(-0.01375,-0.0457951637450153,-0.004625));
#2965=CARTESIAN_POINT('',(-0.00683537576403404,-0.0477076786274405,-0.014375));
#2966=CARTESIAN_POINT('',(-0.00683537576403404,-0.0477076786274405,-0.013375));
#2967=CARTESIAN_POINT('',(-0.00675,-0.0467113298035261,-0.013375));
#2968=CARTESIAN_POINT('',(-0.00570174253660422,-0.0478048181036994,-0.0143749999898608));
#2969=CARTESIAN_POINT('',(-0.00597292575328522,-0.0477815807857768,-0.0133972383964432));
#2970=CARTESIAN_POINT('',(-0.00589393177712536,-0.0468072559799121,-0.013375));
#2971=CARTESIAN_POINT('',(-0.00347406592980358,-0.0479375868578398,-0.0134549230400348));
#2972=CARTESIAN_POINT('',(-0.00422245002292274,-0.0478994984289435,-0.0127031677710359));
#2973=CARTESIAN_POINT('',(-0.00421169178569497,-0.0469383664157747,-0.0126714117326209));
#2974=CARTESIAN_POINT('',(-0.00253162066033572,-0.0479599642401387,-0.0112486450270756));
#2975=CARTESIAN_POINT('',(-0.00350000000537873,-0.0479293281326722,-0.0109923618039759));
#2976=CARTESIAN_POINT('',(-0.0035,-0.0469604642980451,-0.0109842579618805));
#2977=CARTESIAN_POINT('',(-0.00253162065334594,-0.0479599642403598,-0.010125));
#2978=CARTESIAN_POINT('',(-0.0035,-0.0479293281329047,-0.010125));
#2979=CARTESIAN_POINT('',(-0.0035,-0.0469604642982478,-0.010125));
#2980=CARTESIAN_POINT('',(-0.00675,-0.0467113298035261,-0.014375));
#2981=CARTESIAN_POINT('',(-0.0139239135934027,-0.0467799246611923,-0.004625));
#2982=CARTESIAN_POINT('',(-0.0139239135934027,-0.0467799246611923,-0.005625));
#2983=CARTESIAN_POINT('',(-0.01375,-0.0457951637450153,-0.005625));
#2984=CARTESIAN_POINT('',(-0.0150545251281364,-0.0465802531353245,-0.00462500001063877));
#2985=CARTESIAN_POINT('',(-0.0148202429614759,-0.0466216285109026,-0.00567175580732748));
#2986=CARTESIAN_POINT('',(-0.0146037863779577,-0.0455979861720914,-0.005625));
#2987=CARTESIAN_POINT('',(-0.0172649558237608,-0.0461302072104279,-0.00552905750151557));
#2988=CARTESIAN_POINT('',(-0.0164773861735968,-0.0462960403953717,-0.0065649081917591));
#2989=CARTESIAN_POINT('',(-0.0162730030423643,-0.0451535614480461,-0.00631633809346162));
#2990=CARTESIAN_POINT('',(-0.0182276686973438,-0.0458974573424623,-0.00774062457086399));
#2991=CARTESIAN_POINT('',(-0.0169999999958471,-0.0461844971367645,-0.00808621703720813));
#2992=CARTESIAN_POINT('',(-0.017,-0.0449237186910625,-0.00800753643654386));
#2993=CARTESIAN_POINT('',(-0.0182276687040908,-0.0458974573408848,-0.008875));
#2994=CARTESIAN_POINT('',(-0.017,-0.0461844971359253,-0.008875));
#2995=CARTESIAN_POINT('',(-0.017,-0.0449237186895119,-0.008875));
#2996=CARTESIAN_POINT('',(-0.018,-0.0449237186895119,-0.008875));
#2997=CARTESIAN_POINT('',(-1.38777878078145E-17,0.03206225,-0.014375));
#2998=CARTESIAN_POINT('',(-0.01375,-0.0457951637450153,-0.014375));
#2999=CARTESIAN_POINT('',(-0.018,-0.0449237186895119,0.0008));
#3000=CARTESIAN_POINT('',(-0.018,-0.0449237186895119,-0.010125));
#3001=CARTESIAN_POINT('',(-0.0182276687040908,-0.0458974573408848,-0.010125));
#3002=CARTESIAN_POINT('',(-0.017,-0.0461844971359253,-0.010125));
#3003=CARTESIAN_POINT('',(-0.017,-0.0449237186895119,-0.010125));
#3004=CARTESIAN_POINT('',(-0.0182276686929238,-0.0458974573434957,-0.0112589534460872));
#3005=CARTESIAN_POINT('',(-0.0169999999930915,-0.0461844971373274,-0.0109134895385952));
#3006=CARTESIAN_POINT('',(-0.017,-0.0449237186920612,-0.0109921408705371));
#3007=CARTESIAN_POINT('',(-0.0172691938678775,-0.0461292975719771,-0.0134672152200939));
#3008=CARTESIAN_POINT('',(-0.0164804149340905,-0.0462954357300931,-0.0124321390236467));
#3009=CARTESIAN_POINT('',(-0.0162762034187302,-0.0451526631711701,-0.0126808116359743));
#3010=CARTESIAN_POINT('',(-0.0150540940022591,-0.0465803292742627,-0.01437499999236));
#3011=CARTESIAN_POINT('',(-0.01481989318571,-0.0466216902831133,-0.0133282624407484));
#3012=CARTESIAN_POINT('',(-0.0146034608113411,-0.0455980613601848,-0.013375));
#3013=CARTESIAN_POINT('',(-0.0139239135934027,-0.0467799246611923,-0.014375));
#3014=CARTESIAN_POINT('',(-0.0139239135934027,-0.0467799246611923,-0.013375));
#3015=CARTESIAN_POINT('',(-0.01375,-0.0457951637450153,-0.013375));
#3016=CARTESIAN_POINT('',(0.02685,-0.0423011608622144,0.0008));
#3017=CARTESIAN_POINT('',(0.02685,-0.0423011608622144,-0.0002));
#3018=CARTESIAN_POINT('',(0.02685,-0.0423011608622144,-0.0002));
#3019=CARTESIAN_POINT('',(0.02685,-0.0423011608622144,-0.0002));
#3020=CARTESIAN_POINT('',(0.02685,-0.0423011608622144,-0.0002));
#3021=CARTESIAN_POINT('',(0.02685,0.0423011608622144,0.0008));
#3022=CARTESIAN_POINT('',(0.02685,0.0423011608622144,-0.0002));
#3023=CARTESIAN_POINT('',(0.02685,7.14060593599756E-18,-0.0002));
#3024=CARTESIAN_POINT('',(0.02685,0.0423011608622144,-0.0002));
#3025=CARTESIAN_POINT('',(-1.38777878078145E-17,0.03206225,-0.0002));
#3026=CARTESIAN_POINT('',(-0.02685,-0.0423011608622144,-0.0002));
#3027=CARTESIAN_POINT('',(-0.02685,-0.0423011608622144,0.0008));
#3028=CARTESIAN_POINT('',(-0.02685,-0.0423011608622144,-0.0002));
#3029=CARTESIAN_POINT('',(0.02685,0.0423011608622144,-0.0002));
#3030=CARTESIAN_POINT('',(0.02685,0.0423011608622144,-0.0002));
#3031=CARTESIAN_POINT('',(-0.02685,-0.0423011608622144,-0.0002));
#3032=CARTESIAN_POINT('',(-0.02685,-0.0423011608622144,-0.0002));
#3033=CARTESIAN_POINT('',(8.67361737988404E-18,-0.03206225,-0.0002));
#3034=CARTESIAN_POINT('',(-0.02685,0.0423011608622144,-0.0002));
#3035=CARTESIAN_POINT('',(-0.02685,-8.46181974618919E-18,-0.0002));
#3036=CARTESIAN_POINT('',(-0.02685,0.0423011608622144,-0.0002));
#3037=CARTESIAN_POINT('',(-0.02685,0.0423011608622144,-0.0002));
#3038=CARTESIAN_POINT('',(-0.02685,0.0423011608622144,-0.0002));
#3039=CARTESIAN_POINT('',(-0.02685,0.0423011608622144,0.0008));
#3040=CARTESIAN_POINT('',(0.01796,-0.02673,-0.0002));
#3041=CARTESIAN_POINT('',(0.01796,-0.03073,-0.0002));
#3042=CARTESIAN_POINT('',(0.02196,-0.02673,-0.0002));
#3043=CARTESIAN_POINT('',(0.02196,-1.81532678900199E-17,-0.0002));
#3044=CARTESIAN_POINT('',(0.02196,0.02673,-0.0002));
#3045=CARTESIAN_POINT('',(-3.46944695195361E-18,-0.03073,-0.0002));
#3046=CARTESIAN_POINT('',(-0.01796,-0.03073,-0.0002));
#3047=CARTESIAN_POINT('',(0.01796,0.02673,-0.0002));
#3048=CARTESIAN_POINT('',(0.01796,0.03073,-0.0002));
#3049=CARTESIAN_POINT('',(-0.01796,-0.02673,-0.0002));
#3050=CARTESIAN_POINT('',(-0.02196,-0.02673,-0.0002));
#3051=CARTESIAN_POINT('',(3.46944695195361E-18,0.03073,-0.0002));
#3052=CARTESIAN_POINT('',(-0.01796,0.03073,-0.0002));
#3053=CARTESIAN_POINT('',(-0.02196,1.94693992814457E-19,-0.0002));
#3054=CARTESIAN_POINT('',(-0.02196,0.02673,-0.0002));
#3055=CARTESIAN_POINT('',(-0.01796,0.02673,-0.0002));
#3056=CARTESIAN_POINT('',(0.02685,-6.7371818718169E-18,-0.0173));
#3057=CARTESIAN_POINT('',(0.02685,-0.0175,-0.0173));
#3058=CARTESIAN_POINT('',(0.02685,-0.0175,-0.0173));
#3059=CARTESIAN_POINT('',(0.02685,-6.7371818718169E-18,-0.0173));
#3060=CARTESIAN_POINT('',(0.02685,0.0175,-0.0173));
#3061=CARTESIAN_POINT('',(0.02685,0.0175,-0.0173));
#3062=CARTESIAN_POINT('',(0.02685,-0.0175,-0.0183));
#3063=CARTESIAN_POINT('',(0.02685,-0.0175,-0.0193));
#3064=CARTESIAN_POINT('',(0.02685,-0.0175,-0.0193));
#3065=CARTESIAN_POINT('',(0.02685,-0.0175,-0.0183));
#3066=CARTESIAN_POINT('',(0.02685,-6.7371818718169E-18,-0.0193));
#3067=CARTESIAN_POINT('',(0.02685,0.0175,-0.0193));
#3068=CARTESIAN_POINT('',(0.02685,0.0175,-0.0193));
#3069=CARTESIAN_POINT('',(0.02685,-6.7371818718169E-18,-0.0193));
#3070=CARTESIAN_POINT('',(0.02685,0.0175,-0.0183));
#3071=CARTESIAN_POINT('',(0.02685,0.0175,-0.0183));
#3072=CARTESIAN_POINT('',(0.02685,1.52292584228196E-18,-0.01075));
#3073=CARTESIAN_POINT('',(-0.02685,6.7371818718169E-18,-0.0173));
#3074=CARTESIAN_POINT('',(-0.02685,0.0175,-0.0173));
#3075=CARTESIAN_POINT('',(-0.02685,0.0175,-0.0173));
#3076=CARTESIAN_POINT('',(-0.02685,6.7371818718169E-18,-0.0173));
#3077=CARTESIAN_POINT('',(-0.02685,-0.0175,-0.0173));
#3078=CARTESIAN_POINT('',(-0.02685,-0.0175,-0.0173));
#3079=CARTESIAN_POINT('',(-0.02685,0.0175,-0.0183));
#3080=CARTESIAN_POINT('',(-0.02685,0.0175,-0.0193));
#3081=CARTESIAN_POINT('',(-0.02685,0.0175,-0.0193));
#3082=CARTESIAN_POINT('',(-0.02685,0.0175,-0.0183));
#3083=CARTESIAN_POINT('',(-0.02685,6.7371818718169E-18,-0.0193));
#3084=CARTESIAN_POINT('',(-0.02685,-0.0175,-0.0193));
#3085=CARTESIAN_POINT('',(-0.02685,-0.0175,-0.0193));
#3086=CARTESIAN_POINT('',(-0.02685,6.7371818718169E-18,-0.0193));
#3087=CARTESIAN_POINT('',(-0.02685,-0.0175,-0.0183));
#3088=CARTESIAN_POINT('',(-0.02685,-0.0175,-0.0183));
#3089=CARTESIAN_POINT('',(-0.02685,-1.52292584228196E-18,-0.01075));
#3090=MECHANICAL_DESIGN_GEOMETRIC_PRESENTATION_REPRESENTATION('',(#1749),
#3091);
#3091=(
GEOMETRIC_REPRESENTATION_CONTEXT(3)
GLOBAL_UNCERTAINTY_ASSIGNED_CONTEXT((#3092))
GLOBAL_UNIT_ASSIGNED_CONTEXT((#3095,#3094,#3093))
REPRESENTATION_CONTEXT('TopHousing','TOP_LEVEL_ASSEMBLY_PART')
);
#3092=UNCERTAINTY_MEASURE_WITH_UNIT(LENGTH_MEASURE(2.E-5),#3095,
'DISTANCE_ACCURACY_VALUE','Maximum Tolerance applied to model');
#3093=(
NAMED_UNIT(*)
SI_UNIT($,.STERADIAN.)
SOLID_ANGLE_UNIT()
);
#3094=(
NAMED_UNIT(*)
PLANE_ANGLE_UNIT()
SI_UNIT($,.RADIAN.)
);
#3095=(
LENGTH_UNIT()
NAMED_UNIT(*)
SI_UNIT($,.METRE.)
);
#3096=PRODUCT_DEFINITION_SHAPE('','',#3097);
#3097=PRODUCT_DEFINITION('','',#3099,#3098);
#3098=PRODUCT_DEFINITION_CONTEXT('',#3105,'design');
#3099=PRODUCT_DEFINITION_FORMATION_WITH_SPECIFIED_SOURCE('','',#3101,
 .NOT_KNOWN.);
#3100=PRODUCT_RELATED_PRODUCT_CATEGORY('','',(#3101));
#3101=PRODUCT('TopHousing','TopHousing','TopHousing',(#3103));
#3102=PRODUCT_CATEGORY('','');
#3103=PRODUCT_CONTEXT('',#3105,'mechanical');
#3104=APPLICATION_PROTOCOL_DEFINITION('international standard',
'ap242_managed_model_based_3d_engineering',2020,#3105);
#3105=APPLICATION_CONTEXT('managed model based 3d engineering');
ENDSEC;
END-ISO-10303-21;
